timestamp,temperature,vibration,pressure,humidity,true_anomaly,prediction
2026-09-11 23:49:12.912018,31.4901424590337,0.2660992254381837,99.64301053902555,49.28288391770536,0,0
2026-09-11 23:49:13.912018,29.58520709648645,0.2637268713292917,100.3890010738927,49.83672048129845,0,0
2026-09-11 23:49:14.912018,31.94306561430208,0.1563485461895987,99.80523787790972,50.32147439293791,0,0
2026-09-11 23:49:15.912018,34.56908956922408,0.273592784663885,101.22083609389225,54.734307308230896,0,0
2026-09-11 23:49:16.912018,29.29753987582999,0.3586263265457395,103.39435706292385,46.26391345756628,0,0
2026-09-11 23:49:17.912018,29.29758912915246,0.1980614304738563,99.4579156857176,45.7682650424367,0,0
2026-09-11 23:49:18.912018,34.737638446522176,0.3838786120840474,103.00164099553685,56.18309871071487,0,0
2026-09-11 23:49:19.912018,32.302304187458724,0.339021985686747,99.43665585530624,47.68677629059351,0,0
2026-09-11 23:49:20.912018,28.591576842195146,0.2412613342423169,99.30474557500624,43.68482323211467,0,0
2026-09-11 23:49:21.912018,31.62768013075789,0.2886776290129721,102.63718923668642,47.57435028950065,0,0
2026-09-11 23:49:22.912018,28.60974692156261,0.4278657446112826,102.84387275601524,48.34973632377999,0,0
2026-09-11 23:49:23.912018,28.60281073928923,0.3586838250804692,102.70281987352531,57.77481363862883,0,0
2026-09-11 23:49:24.912018,30.725886814698104,0.3007026923918518,98.36840518356372,54.62413106188369,0,0
2026-09-11 23:49:25.912018,24.260159266026605,0.2809853346431212,100.0680980438559,55.73760308316121,0,0
2026-09-11 23:49:26.912018,24.8252465024609,0.3061287256361327,102.64597718400664,54.099868211733934,0,0
2026-09-11 23:49:27.912018,28.313137412277083,0.2590589153646157,101.0830836811278,54.73121835807657,0,0
2026-09-11 23:49:28.912018,26.961506638996728,0.1316200395424788,98.85261430760508,46.55958936709841,0,0
2026-09-11 23:49:29.912018,30.94274199778582,0.4633742328427784,101.91663587825089,49.00698922323258,0,0
2026-09-11 23:49:30.912018,27.27592777343637,0.3124259999359521,99.57038548201706,45.050423434882255,0,0
2026-09-11 23:49:31.912018,25.763088895994127,0.3318517812098029,104.58904969678444,48.94755984731484,0,0
2026-09-11 23:49:32.912018,34.39694630676466,0.2953673800098473,104.08968292483652,53.4205249546737,0,0
2026-09-11 23:49:33.912018,29.322671098540397,0.2411906559420329,102.20819485271112,50.67291642406124,0,0
2026-09-11 23:49:34.912018,30.20258461406377,0.2851260415240983,103.72201340953954,56.55740409480148,0,0
2026-09-11 23:49:35.912018,25.72575544135963,0.172048419024455,101.12958270024676,44.2929210388639,0,0
2026-09-11 23:49:36.912018,91.96242993679904,3.4303953234582343,135.7174332813318,99.13737519695778,1,1
2026-09-11 23:49:37.912018,30.3327677691296,0.2012390401262083,103.95544059060416,43.75848599065341,0,0
2026-09-11 23:49:38.912018,26.54701926773309,0.2174426972922256,101.49099736358862,50.47088234586821,0,0
2026-09-11 23:49:39.912018,31.127094055037016,0.2647792636490879,100.48962565697144,53.7016671127824,0,0
2026-09-11 23:49:40.912018,91.03200187465114,3.005480801925745,132.66977903675416,88.09731248435199,1,1
2026-09-11 23:49:41.912018,29.124918750620168,0.3011607199410123,100.833732948557,52.75563302043478,0,0
2026-09-11 23:49:42.912018,28.194880163311808,0.201109136317563,102.64684636912462,45.20133832583533,0,0
2026-09-11 23:49:43.912018,35.55683455352681,0.4003470688605871,102.89126685513526,41.68155010901808,0,0
2026-09-11 23:49:44.912018,29.9595083257862,0.3584800501428385,102.00873013143682,52.78514811243902,0,0
2026-09-11 23:49:45.912018,26.8268672131323,0.3430747965773162,99.91740181007552,58.72005117037867,0,0
2026-09-11 23:49:46.912018,32.46763473630957,0.3572587392936672,97.04635686210482,45.01977529915054,0,0
2026-09-11 23:49:47.912018,26.33746905008693,0.491548952046596,100.00956980399052,56.11097090053398,0,0
2026-09-11 23:49:48.912018,30.626590785014265,0.474807591602889,100.3913102578921,50.21711704408205,0,0
2026-09-11 23:49:49.912018,24.120989628360675,0.2450627725597363,100.37414206561998,43.32154239153462,0,0
2026-09-11 23:49:50.912018,26.015441853304708,0.4299107994248922,102.23711271395584,44.34247349323919,0,0
2026-09-11 23:49:51.912018,30.59058370760737,0.330653455180712,104.97135282202969,50.07892386680325,0,0
2026-09-11 23:49:52.912018,32.21539973998623,0.3399276652910199,101.2470584036822,47.97768856037949,0,0
2026-09-11 23:49:53.912018,30.51410484356991,0.1646183334685337,100.56653642168708,43.43543511620881,0,0
2026-09-11 23:49:54.912018,29.65305515283528,0.2863691387689443,100.48155637399182,41.52980359387298,0,0
2026-09-11 23:49:55.912018,29.09668891323213,0.2349741127730747,101.24876953381543,45.76640336036747,0,0
2026-09-11 23:49:56.912018,25.56443402889772,0.3662447051914647,99.3434124793032,50.96904504165559,0,0
2026-09-11 23:49:57.912018,27.840467374815876,0.3856864400322244,101.24039711749212,49.96799623698431,0,0
2026-09-11 23:49:58.912018,28.61808368712064,0.134041091918695,101.9016246726636,47.49381021249961,0,0
2026-09-11 23:49:59.912018,33.171366678656746,0.2982372108796584,101.41937212714896,51.00943597145741,0,0
2026-09-11 23:50:00.912018,31.030854868705383,0.3897489203835401,101.91508386800956,55.20013359931344,0,0
2026-09-11 23:50:01.912018,24.7108795339118,0.2850656830149244,101.86749521869709,51.97063255217074,0,0
2026-09-11 23:50:02.912018,30.972251908184383,0.3583250916001891,97.45620663550712,49.3934566430521,0,0
2026-09-11 23:50:03.912018,28.84475315875105,0.3280932374101667,102.2737403167908,54.640360033303445,0,0
2026-09-11 23:50:04.912018,27.969233999082125,0.3273328185562101,99.65797030867508,45.20074848891853,0,0
2026-09-11 23:50:05.912018,31.8350288665226,0.2782948017545362,98.80832167399208,48.87540230222324,0,0
2026-09-11 23:50:06.912018,33.092998567487854,0.2026735356691432,98.79109634429,48.99456032199816,0,0
2026-09-11 23:50:07.912018,32.79384035734859,0.2102775882059978,101.86708322094506,43.81523370778577,0,0
2026-09-11 23:50:08.912018,27.482347430332084,0.3567482011564253,100.55485014555028,47.90062918857821,0,0
2026-09-11 23:50:09.912018,29.072362872446355,0.3015566604415106,97.63606243202918,39.625201595523485,0,0
2026-09-11 23:50:10.912018,30.99379029421069,0.288919020431422,101.95607563038456,59.56089023831477,0,0
2026-09-11 23:50:11.912018,32.92663538136708,0.2660887966142118,98.12078373840237,45.31293105781843,0,0
2026-09-11 23:50:12.912018,28.56247728646413,0.2755848923615398,101.27964271703642,57.93057065710656,0,0
2026-09-11 23:50:13.912018,29.44302307000855,0.3837529435590511,101.47699785134613,50.19042252859746,0,0
2026-09-11 23:50:14.912018,26.680995077981915,0.2731804734505578,102.7711541633901,52.8243206607798,0,0
2026-09-11 23:50:15.912018,26.411380127757987,0.1927148229358745,104.56336957293372,47.55600100824535,0,0
2026-09-11 23:50:16.912018,32.43757746718259,0.3594921420432138,98.27064734819892,51.03964845980837,0,0
2026-09-11 23:50:17.912018,34.06872008571247,0.2836098668908226,100.8950522878739,53.25244819994218,0,0
2026-09-11 23:50:18.912018,29.783969635259,0.3025116692426221,100.44732940991156,53.322762071970914,0,0
2026-09-11 23:50:19.912018,33.01059869367607,0.4286062645119608,101.86749937192192,53.87386695037178,0,0
2026-09-11 23:50:20.912018,31.084908075142906,0.2983551554119594,101.43133754186724,48.15833644980412,0,0
2026-09-11 23:50:21.912018,28.06464073618463,0.323134693849498,100.29490751452676,47.59820163754323,0,0
2026-09-11 23:50:22.912018,31.084186816525243,0.2056861206961339,100.11819562277827,42.02911837366198,0,0
2026-09-11 23:50:23.912018,34.61410969939791,0.2824264438119231,98.7670982896319,52.616095055884685,0,0
2026-09-11 23:50:24.912018,29.892521882670145,0.3487620836166881,102.97572316481302,55.411893556617215,0,0
2026-09-11 23:50:25.912018,34.69393096744202,0.1755701012927006,101.91840836319906,58.07990839958965,0,0
2026-09-11 23:50:26.912018,22.14076468773077,0.3160676074492567,102.83553639559028,51.52586317290254,0,0
2026-09-11 23:50:27.912018,32.46570751312567,0.3080632858115845,100.37920772704898,46.167601135457154,0,0
2026-09-11 23:50:28.912018,30.261141204714512,0.3033029964469951,99.68632906261114,41.51451928355272,0,0
2026-09-11 23:50:29.912018,29.1029779486024,0.3829727118926594,98.84336986674154,55.20833366541675,0,0
2026-09-11 23:50:30.912018,30.275282329606508,0.3267550811878817,101.71783516748133,41.01861716611232,0,0
2026-09-11 23:50:31.912018,24.037293256197323,0.4182457518685155,98.92041355094354,48.29697961128117,0,0
2026-09-11 23:50:32.912018,29.340984336487463,0.2205128387524771,104.6973261379331,48.87846586028177,0,0
2026-09-11 23:50:33.912018,31.07133771453524,0.3108739653774678,98.38471483781312,49.6527243107449,0,0
2026-09-11 23:50:34.912018,34.43368213422455,0.3067573429111958,101.547320238425,50.1790130001792,0,0
2026-09-11 23:50:35.912018,28.44518934517906,0.2144596404995936,104.13370941442756,50.69073778183788,0,0
2026-09-11 23:50:36.912018,27.57451919132044,0.3765036001673076,102.19817951852762,37.92318368960736,0,0
2026-09-11 23:50:37.912018,28.49472886924639,0.4859738644682254,101.35134742498356,50.07327954935063,0,0
2026-09-11 23:50:38.912018,32.746206353106224,0.2986395140412935,99.0630327060762,38.852122129440616,0,0
2026-09-11 23:50:39.912018,30.986253328979053,0.3404016870619013,98.2364616228646,53.661090365454974,0,0
2026-09-11 23:50:40.912018,28.410719388698883,0.3067614780652262,102.54010021783516,47.22437422098194,0,0
2026-09-11 23:50:41.912018,31.539802299340067,0.2429132264074259,104.01229448154989,39.21481637388325,0,0
2026-09-11 23:50:42.912018,30.29123264804412,0.1543391777758387,100.12230001904366,45.92897661307312,0,0
2026-09-11 23:50:43.912018,32.90593497159867,0.2435381213523707,98.72187698476728,47.149623304076734,0,0
2026-09-11 23:50:44.912018,27.893840718367944,0.1886433295238614,96.08366113890196,55.953498087775024,0,0
2026-09-11 23:50:45.912018,29.017013560206696,0.4363281662447294,99.03847031267492,50.98318870875123,0,0
2026-09-11 23:50:46.912018,28.823675540603528,0.2907912244861408,100.77268631500192,51.7222247217529,0,0
2026-09-11 23:50:47.912018,25.609455155603644,0.2723264536762263,104.19824648167346,55.90610817110301,0,0
2026-09-11 23:50:48.912018,30.88836083119373,0.3711323059830245,102.34626738446592,49.51927856037755,0,0
2026-09-11 23:50:49.912018,30.783165816539668,0.2102599117715289,101.6101708094135,53.770939805162016,0,0
2026-09-11 23:50:50.912018,30.015340369927383,0.2386508769596358,100.19976067739772,53.41930556965996,0,0
2026-09-11 23:50:51.912018,29.29623859987456,0.3054457815398896,99.83366856548808,43.56765253215294,0,0
2026-09-11 23:50:52.912018,25.75388777384876,0.3823015193138784,103.81129519501592,57.36491788814915,0,0
2026-09-11 23:50:53.912018,28.738064031703924,0.340134803613503,101.40147708151676,42.89849109964653,0,0
2026-09-11 23:50:54.912018,28.971856450419693,0.3198660114012706,96.79479861615796,54.58683324738924,0,0
2026-09-11 23:50:55.912018,27.593168192335146,0.3062494188188813,99.65292070420551,42.41463481547184,0,0
2026-09-11 23:50:56.912018,29.51614286500197,0.332018868442142,99.28356793645676,53.00618394075837,0,0
2026-09-11 23:50:57.912018,31.21215257044361,0.3161322324103404,99.90747198164507,59.30957439075087,0,0
2026-09-11 23:50:58.912018,35.65855770363159,0.2176022180178451,102.12582132057015,48.93510671724894,0,0
2026-09-11 23:50:59.912018,30.523733438495515,0.3036863377306521,100.7851102364115,48.718221785734265,0,0
2026-09-11 23:51:00.912018,30.77265117216829,0.2141049072865797,100.84626918599268,53.05219999658425,0,0
2026-09-11 23:51:01.912018,81.94761868630154,3.4079481288002103,133.5666765941838,92.0340856931114,1,1
2026-09-11 23:51:02.912018,24.24368635410288,0.2615481646809406,99.60707782042662,59.091393518714106,0,0
2026-09-11 23:51:03.912018,29.920458373652348,0.5031505298226289,104.7283990517747,50.96096124729348,0,0
2026-09-11 23:51:04.912018,30.18069062982308,0.296808449299863,99.65738481725782,48.39915245889637,0,0
2026-09-11 23:51:05.912018,82.07990014518876,4.497969508288842,121.19072131068302,99.20089682336578,1,1
2026-09-11 23:51:06.912018,29.422917105656637,0.289265583145846,100.43759280919448,45.335257649134896,0,0
2026-09-11 23:51:07.912018,30.90464202700084,0.341548699651031,101.24683826700192,46.86122506621256,0,0
2026-09-11 23:51:08.912018,29.89586469088427,0.4338691156922019,101.88918399014626,48.24663303170702,0,0
2026-09-11 23:51:09.912018,26.493965887141403,0.2528438080049025,101.86767048017776,47.5618046325071,0,0
2026-09-11 23:51:10.912018,33.428468443545064,0.1734057620781088,99.49376533875883,46.70912362931448,0,0
2026-09-11 23:51:11.912018,32.25579909806032,0.3653469609144785,98.75417064510486,60.4942061517622,0,0
2026-09-11 23:51:12.912018,32.37309584112914,0.1895521035280279,106.00634358181142,44.84952461755256,0,0
2026-09-11 23:51:13.912018,27.271837635615785,0.2651075646794011,100.0320313207989,50.73316293823088,0,0
2026-09-11 23:51:14.912018,34.2083829328083,0.2793903611591204,102.39842487734396,52.96260504880436,0,0
2026-09-11 23:51:15.912018,25.79444681162316,0.2944293237359913,97.7847173789536,53.15053997791866,0,0
2026-09-11 23:51:16.912018,31.76057128140081,0.3551331565659468,100.44077456019065,49.70696462108764,0,0
2026-09-11 23:51:17.912018,36.57136687742994,0.2453092574170889,100.74560123203511,48.79648714076345,0,0
2026-09-11 23:51:18.912018,27.02839102460793,0.2781016598266591,101.94563013985568,52.25773745619753,0,0
2026-09-11 23:51:19.912018,28.301106811191683,0.2988583717640489,95.55509171801612,51.332608249891,0,0
2026-09-11 23:51:20.912018,30.298954095262925,0.311967836601503,101.33228122615668,48.705205826162434,0,0
2026-09-11 23:51:21.912018,28.489573037651404,0.3078261739766338,98.7005170892642,42.190607141377846,0,0
2026-09-11 23:51:22.912018,25.3480097068016,0.3348804620178063,101.64869142238985,47.66038138833376,0,0
2026-09-11 23:51:23.912018,30.205688924418084,0.367507160771339,98.92734160632368,44.26724918146271,0,0
2026-09-11 23:51:24.912018,26.813088858821686,0.3314107292520774,99.28903460814884,46.66420224966837,0,0
2026-09-11 23:51:25.912018,31.420777291905544,0.3362868418807375,100.45274477921346,50.1661161925848,0,0
2026-09-11 23:51:26.912018,27.241727297298592,0.1734221466602817,98.8953410607936,51.79368071998308,0,0
2026-09-11 23:51:27.912018,34.649803215052614,0.3040182159332544,100.0489311065293,58.902263756462034,0,0
2026-09-11 23:51:28.912018,27.65024012299129,0.3383606038401286,98.61324846291338,47.31296810548093,0,0
2026-09-11 23:51:29.912018,29.03381545138297,0.358315295565636,97.33365909660256,53.87312817637575,0,0
2026-09-11 23:51:30.912018,32.44055165210901,0.2446119380612964,103.03591410485872,51.52980012218918,0,0
2026-09-11 23:51:31.912018,26.30740705069813,0.2472768580089084,98.40790261435214,56.47998835319895,0,0
2026-09-11 23:51:32.912018,30.68237980381239,0.2540719459773121,100.64263822478404,52.88114359797813,0,0
2026-09-11 23:51:33.912018,33.921428262847286,0.3429131119913075,102.50578216298756,44.95759286356842,0,0
2026-09-11 23:51:34.912018,25.17755029631632,0.3827104843939367,99.77011179496792,41.38476985354384,0,0
2026-09-11 23:51:35.912018,30.553901575596917,0.2674031914166718,99.34966820050892,51.55630849833752,0,0
2026-09-11 23:51:36.912018,30.779648382745272,0.3726369850901639,101.45247617733484,47.35774501049805,0,0
2026-09-11 23:51:37.912018,32.34546861533193,0.3098783847331675,103.2358676454543,45.09843127024701,0,0
2026-09-11 23:51:38.912018,26.28914786736576,0.2900571378270051,98.66136946982706,43.66211147733461,0,0
2026-09-11 23:51:39.912018,26.03863016074717,0.2830892616145625,100.69970433596512,50.80487748793578,0,0
2026-09-11 23:51:40.912018,31.565824696850694,0.3597289091681726,97.53501081006534,57.53853849656682,0,0
2026-09-11 23:51:41.912018,30.89095401969956,0.3260462253429655,100.2135979926356,47.95663827146979,0,0
2026-09-11 23:51:42.912018,30.75147855103763,0.482066034211811,101.06840936907616,52.95135155537661,0,0
2026-09-11 23:51:43.912018,31.039344628490927,0.231822028560214,99.29075071648988,49.48866824891204,0,0
2026-09-11 23:51:44.912018,27.959925835264528,0.341448136162398,100.08601633234954,43.55308955448304,0,0
2026-09-11 23:51:45.912018,30.69676109148301,0.257663919215079,98.1835464633851,53.67405671755208,0,0
2026-09-11 23:51:46.912018,30.879217419896044,0.2304570410409084,101.154157222763,44.52653977986314,0,0
2026-09-11 23:51:47.912018,27.856945745920896,0.2991306290372022,103.1113884977663,50.108133152967824,0,0
2026-09-11 23:51:48.912018,35.59732353343427,0.3109881983525628,98.80571226045907,48.29239792497347,0,0
2026-09-11 23:51:49.912018,31.42149876273536,0.5334538844048073,99.75465646689524,54.46538717282846,0,0
2026-09-11 23:51:50.912018,26.426089508392053,0.2852683347453438,102.00509249290836,44.70924503764657,0,0
2026-09-11 23:51:51.912018,31.96966082590149,0.2095857016412253,103.42418143864548,51.9543495390098,0,0
2026-09-11 23:51:52.912018,27.075954989318035,0.3218408573995508,98.01362037558214,45.8010129632565,0,0
2026-09-11 23:51:53.912018,32.36125381122736,0.1340287969962905,100.6624305251681,47.44447393835608,0,0
2026-09-11 23:51:54.912018,33.47578673702221,0.2926434573916587,101.56626164463906,31.82399886229949,0,0
2026-09-11 23:51:55.912018,27.537953044944867,0.3012820225836128,100.79588721874232,60.460492858089545,0,0
2026-09-11 23:51:56.912018,32.890128387732965,0.3635680306356169,96.04641586624582,52.75278466413116,0,0
2026-09-11 23:51:57.912018,31.238342780809496,0.3778897799542277,102.00218001861754,46.16326257030918,0,0
2026-09-11 23:51:58.912018,32.46618047998347,0.2597144304873826,104.03867270218127,44.37672155833503,0,0
2026-09-11 23:51:59.912018,35.69037894796184,0.2879508788296053,101.233323502339,47.5217562356033,0,0
2026-09-11 23:52:00.912018,29.26383565199139,0.2387103335511463,98.93778789341148,53.58439767409726,0,0
2026-09-11 23:52:01.912018,27.73879150692753,0.2097549956153844,99.97374550727145,40.539575372075376,0,0
2026-09-11 23:52:02.912018,27.33145671112343,0.3247915823504507,104.5398261353112,49.29207790352831,0,0
2026-09-11 23:52:03.912018,27.55256914510369,0.198113156112272,102.81992508172112,58.853209362313365,0,0
2026-09-11 23:52:04.912018,29.76869487175769,0.2668298479542509,102.28005323676864,44.33026832016098,0,0
2026-09-11 23:52:05.912018,31.02345592444993,0.220386083208061,101.71282516706876,50.40192519381827,0,0
2026-09-11 23:52:06.912018,30.830072397990055,0.3439746549032207,99.67772577561806,61.01654907628879,0,0
2026-09-11 23:52:07.912018,32.48154974710807,0.444114407941319,100.59885763868846,53.160758148453866,0,0
2026-09-11 23:52:08.912018,30.03900567563372,0.1958729613757334,100.84415452864296,50.62961910242728,0,0
2026-09-11 23:52:09.912018,34.36060223147195,0.1517585213681944,102.09914863212887,52.53318227454501,0,0
2026-09-11 23:52:10.912018,29.20602950028613,0.2900090491719946,104.0178377885338,47.99567332495149,0,0
2026-09-11 23:52:11.912018,38.160507499768855,0.3012558236766207,103.23667627358626,56.4981564265172,0,0
2026-09-11 23:52:12.912018,31.87700204329502,0.3174927445405838,98.16123128840792,48.00334988549894,0,0
2026-09-11 23:52:13.912018,27.42852733075115,0.2642943587812524,101.44798993780208,40.20409195632011,0,0
2026-09-11 23:52:14.912018,26.78732250581666,0.2839488560939654,102.4735266903358,48.0434844802977,0,0
2026-09-11 23:52:15.912018,31.44741724572956,0.3294008328432481,102.23772066028928,45.16632735061648,0,0
2026-09-11 23:52:16.912018,29.32961164402245,0.3832344714115871,99.74153247322516,48.594029939012856,0,0
2026-09-11 23:52:17.912018,32.14200148227628,0.1435960983745373,106.82821843153673,48.704579704596846,0,0
2026-09-11 23:52:18.912018,31.419712873720638,0.270484844877483,98.44583087533776,55.98711599902454,0,0
2026-09-11 23:52:19.912018,29.78151326202938,0.3171047035152851,98.8336231066679,53.47646363332193,0,0
2026-09-11 23:52:20.912018,27.459618845794783,0.2265619116311411,101.46719016252317,51.316327437876986,0,0
2026-09-11 23:52:21.912018,25.45545832594241,0.4384935705413839,105.2336061099277,49.98527294333702,0,0
2026-09-11 23:52:22.912018,28.660455143798934,0.249167209581701,99.32761029859168,44.70570995571003,0,0
2026-09-11 23:52:23.912018,80.17942318716025,4.6780622963218,131.60097318672746,98.87320051606947,1,1
2026-09-11 23:52:24.912018,30.64228123239061,0.3444817677473832,103.1545873460314,50.56580005696392,0,0
2026-09-11 23:52:25.912018,26.262783663864035,0.2526972168958484,100.96427569022454,53.97320601786829,0,0
2026-09-11 23:52:26.912018,30.519542777553543,0.1522741561756466,100.3307922909394,49.458330583777055,0,0
2026-09-11 23:52:27.912018,31.15595213918651,0.2657076378466773,102.13126580377345,47.3257283860665,0,0
2026-09-11 23:52:28.912018,27.3484276913966,0.3823552444741632,101.5450359804592,52.32251082607106,0,0
2026-09-11 23:52:29.912018,30.461175317836584,0.2730483898571889,103.06087757127358,49.58333899687827,0,0
2026-09-11 23:52:30.912018,30.174626155338,0.2322852558832817,103.58293777813071,58.42872095986981,0,0
2026-09-11 23:52:31.912018,26.571089106508133,0.3740537767602177,101.61400612001071,56.16364171034142,0,0
2026-09-11 23:52:32.912018,31.07336208104485,0.2735380083181558,101.58346545075662,54.797540285116646,0,0
2026-09-11 23:52:33.912018,31.682353579104703,0.2591871349079826,101.42822196457227,53.78867057104952,0,0
2026-09-11 23:52:34.912018,33.24915372952583,0.3119564871730647,101.97826111329856,43.54916292774272,0,0
2026-09-11 23:52:35.912018,89.48457709478518,4.806962713444222,137.12006331657696,94.63812251541928,1,1
2026-09-11 23:52:36.912018,25.866991896128727,0.4905370825386037,100.99878303535542,51.88162978823288,0,0
2026-09-11 23:52:37.912018,27.18652488025463,0.3661788886125938,103.39325424165447,53.03212364195582,0,0
2026-09-11 23:52:38.912018,31.54510580162598,0.3927871973110675,104.03223236071008,52.46304743406526,0,0
2026-09-11 23:52:39.912018,31.541357852736628,0.2595227040809715,97.98489411073317,52.26381293924032,0,0
2026-09-11 23:52:40.912018,31.545143058918143,0.2179305515224419,101.02004230348112,63.504332347747976,0,0
2026-09-11 23:52:41.912018,41.55819447196416,0.3049865079695298,99.62261113310952,49.61907165024041,0,0
2026-09-11 23:52:42.912018,31.7126715320795,0.3085735932207676,100.37805706702784,54.68168690414665,0,0
2026-09-11 23:52:43.912018,33.4066969205418,0.2137189806908322,101.80503241947063,47.64505094867998,0,0
2026-09-11 23:52:44.912018,32.86200529047961,0.2859764376076789,102.33887674308494,53.95320791943836,0,0
2026-09-11 23:52:45.912018,31.954173753917395,0.3319454081375305,100.77574711277732,54.69659945116228,0,0
2026-09-11 23:52:46.912018,29.054192266078964,0.3288314716014464,97.1733193305544,51.822130385676736,0,0
2026-09-11 23:52:47.912018,32.276907661479804,0.3403430282707418,99.06990883884764,58.3462347118825,0,0
2026-09-11 23:52:48.912018,27.681524356387285,0.3232771784109954,102.79299934040031,45.57861981819792,0,0
2026-09-11 23:52:49.912018,29.289544179779973,0.2594393072583955,95.51914715593014,47.56389529165889,0,0
2026-09-11 23:52:50.912018,28.54390935651269,0.2588879498680925,103.374854303364,51.06190043011745,0,0
2026-09-11 23:52:51.912018,30.24562241815897,0.2040838881604899,102.04245998128908,54.40403426742111,0,0
2026-09-11 23:52:52.912018,36.94397570002052,0.4427820031348076,103.63235216306003,50.89714760647467,0,0
2026-09-11 23:52:53.912018,24.39820442222476,0.3010760291695434,100.60286162623808,56.42879518255283,0,0
2026-09-11 23:52:54.912018,32.05878057112354,0.2820117555364118,96.87718915195418,46.691550645168405,0,0
2026-09-11 23:52:55.912018,25.161852386431043,0.2256966334838032,101.860725283013,44.29710755255723,0,0
2026-09-11 23:52:56.912018,28.5842044026317,0.5348526321862223,103.54930624807668,51.540641682682526,0,0
2026-09-11 23:52:57.912018,33.266851790902095,0.2141337574221683,102.84944361102684,49.61409861943152,0,0
2026-09-11 23:52:58.912018,30.19284005728639,0.2656921659515141,99.67461703302394,52.7143186017911,0,0
2026-09-11 23:52:59.912018,26.76676566621208,0.3332669469028848,101.1735221509253,49.86298854566748,0,0
2026-09-11 23:53:00.912018,94.50156855864866,4.788664830093399,128.5318189037187,99.48799664318292,1,1
2026-09-11 23:53:01.912018,32.038793246804026,0.3766345644172547,99.36146707162126,49.625312141381386,0,0
2026-09-11 23:53:02.912018,27.80890010484859,0.444608680621541,102.9107771423597,50.14424447396593,0,0
2026-09-11 23:53:03.912018,30.649375768745923,0.3404926124368569,98.60493537746969,48.47509350075835,0,0
2026-09-11 23:53:04.912018,30.13671551971144,0.2155175360026666,99.21236713883675,48.98433976838286,0,0
2026-09-11 23:53:05.912018,28.04519895718255,0.2794443899902574,98.79194873305524,47.98203331506545,0,0
2026-09-11 23:53:06.912018,36.43183226797598,0.3246265898011108,98.0195049534019,54.28332559934703,0,0
2026-09-11 23:53:07.912018,31.901757066954037,0.4654580833204659,101.2928285836852,50.970105022529,0,0
2026-09-11 23:53:08.912018,23.924572240027175,0.1881755617260562,103.32300609696397,61.28376236084383,0,0
2026-09-11 23:53:09.912018,30.559362944308283,0.3962061204180181,100.63024648750948,50.80352275639231,0,0
2026-09-11 23:53:10.912018,28.01464060569484,0.3143931495637133,97.98850439887168,47.24571264835669,0,0
2026-09-11 23:53:11.912018,32.55730000438867,0.3670264428183584,102.67988907948406,63.35337687431532,0,0
2026-09-11 23:53:12.912018,27.622437784701894,0.2918404226691254,104.37140350806996,52.06813188857168,0,0
2026-09-11 23:53:13.912018,29.655790675599302,0.2326053895898938,99.70751535170682,54.95062393446408,0,0
2026-09-11 23:53:14.912018,31.51496183694137,0.3600698223521065,100.04289146656456,52.96051491601246,0,0
2026-09-11 23:53:15.912018,32.59726558251037,0.3523544821684496,102.0313212601668,53.11505514648874,0,0
2026-09-11 23:53:16.912018,26.39911077883267,0.3777645572591777,104.2437474955701,52.67827025676237,0,0
2026-09-11 23:53:17.912018,28.996496292477158,0.2989356291697091,99.96033170854956,44.48957717611968,0,0
2026-09-11 23:53:18.912018,28.57516406651713,0.252014238134412,98.3351004380036,51.83764523780706,0,0
2026-09-11 23:53:19.912018,28.040012302278864,0.1752970403980926,102.2628372125448,43.37569348074881,0,0
2026-09-11 23:53:20.912018,35.29636272084329,0.3655498614511525,102.5981361462846,49.12818581793733,0,0
2026-09-11 23:53:21.912018,31.214945132882868,0.3339111585955189,101.01226290087044,46.37191271718356,0,0
2026-09-11 23:53:22.912018,26.217348136994865,0.2227373893708832,99.8837334806851,51.78735092924362,0,0
2026-09-11 23:53:23.912018,32.75358584116433,0.2569141061362701,102.9887574619841,51.67063123669117,0,0
2026-09-11 23:53:24.912018,36.3664685910379,0.2626592950438847,102.05607200909591,52.405729453825934,0,0
2026-09-11 23:53:25.912018,33.09739578165344,0.1813612454414065,99.463128966193,51.43648286374544,0,0
2026-09-11 23:53:26.912018,25.44189010213796,0.2345854082715893,101.09818946261134,46.96587329106801,0,0
2026-09-11 23:53:27.912018,28.547297781401245,0.2092935714554916,98.2965849359507,48.6949825532416,0,0
2026-09-11 23:53:28.912018,33.80073344755987,0.267001679048965,102.37178091287583,54.60198080627242,0,0
2026-09-11 23:53:29.912018,27.876991603143654,0.2409042001336349,100.47553286123429,55.339283386472,0,0
2026-09-11 23:53:30.912018,31.33145828443869,0.1698396063306601,100.12857833523051,44.26608450686725,0,0
2026-09-11 23:53:31.912018,32.32390216028801,0.4618072184455585,100.93425102969512,42.34536183743677,0,0
2026-09-11 23:53:32.912018,27.21920858526575,0.4002032584823384,101.0806153986605,46.36555308397644,0,0
2026-09-11 23:53:33.912018,29.8214239318146,0.2376784462784011,102.78986012313112,55.22603791016125,0,0
2026-09-11 23:53:34.912018,20.276197979792784,0.3217937117322887,102.18218106265044,56.07442015091517,0,0
2026-09-11 23:53:35.912018,26.92683707599713,0.3333972071857036,100.6871814424144,45.37644059799414,0,0
2026-09-11 23:53:36.912018,29.24229554582052,0.3952868683818781,102.527336299438,51.53654676868169,0,0
2026-09-11 23:53:37.912018,26.25665045410545,0.2345115978671937,101.80147450738323,59.17215666570044,0,0
2026-09-11 23:53:38.912018,34.897233911794906,0.3873685427185941,100.14680072742792,52.07655738620167,0,0
2026-09-11 23:53:39.912018,25.7095758661181,0.2561675756634451,100.75056368352703,57.10751642616547,0,0
2026-09-11 23:53:40.912018,28.67986653990905,0.1931310076665109,100.70355422231376,54.99363285041549,0,0
2026-09-11 23:53:41.912018,30.392221731858275,0.3579309247451597,102.0105226863484,45.449006468860446,0,0
2026-09-11 23:53:42.912018,34.323819867198345,0.4032606739297942,100.26595477055672,49.05009288251461,0,0
2026-09-11 23:53:43.912018,25.69241354646168,0.5070327178824547,100.21918162715671,50.17377239145924,0,0
2026-09-11 23:53:44.912018,33.48949125646488,0.2040219787927829,104.93751461886792,50.5206669401067,0,0
2026-09-11 23:53:45.912018,30.03069918305876,0.3559135748064631,102.8794709634942,54.581644767192856,0,0
2026-09-11 23:53:46.912018,27.055474046856148,0.2672159004965173,99.47879867114972,52.04342381137704,0,0
2026-09-11 23:53:47.912018,31.38631042278981,0.3626686968419225,102.1418819878844,35.31899528110942,0,0
2026-09-11 23:53:48.912018,30.59717908672041,0.1823608359014999,101.23670013131036,43.43579863453637,0,0
2026-09-11 23:53:49.912018,28.199349368523617,0.1989784179441148,101.78310235052018,39.06309542511978,0,0
2026-09-11 23:53:50.912018,30.20940625497005,0.2379300141466812,101.2746826491302,50.87682620327667,0,0
2026-09-11 23:53:51.912018,28.84405920941472,0.3063171236534467,103.37928529097049,51.2024382473388,0,0
2026-09-11 23:53:52.912018,30.340552035753745,0.2487134986769315,101.69124068930287,51.41612479305359,0,0
2026-09-11 23:53:53.912018,31.98639202356314,0.3527243475130736,100.87582260357142,45.20535866142692,0,0
2026-09-11 23:53:54.912018,34.75805044843606,0.3821515694606331,103.08438115396604,53.37072002559994,0,0
2026-09-11 23:53:55.912018,26.286553503519453,0.3479662032996284,101.46657008217576,53.581312482342646,0,0
2026-09-11 23:53:56.912018,36.3991001239688,0.4295030111728694,101.24295715865811,43.72425466397421,0,0
2026-09-11 23:53:57.912018,24.143736601432494,0.3332661303564274,101.62804520497222,42.66980899275564,0,0
2026-09-11 23:53:58.912018,29.54464471489325,0.2026482631727866,100.81278195326726,49.99934156886531,0,0
2026-09-11 23:53:59.912018,31.76495161945373,0.4090701210830672,101.01845398599092,58.9589113680668,0,0
2026-09-11 23:54:00.912018,30.842975603205097,0.2515875011515202,99.82661082247624,58.498713710993215,0,0
2026-09-11 23:54:01.912018,28.13190144053822,0.3728334799748456,99.49766556075224,52.81702180224026,0,0
2026-09-11 23:54:02.912018,29.37563324892817,0.4258987373244085,99.00285922703512,46.35001664209962,0,0
2026-09-11 23:54:03.912018,28.5209971960235,0.3365350408584319,98.21603342640584,54.43421329744292,0,0
2026-09-11 23:54:04.912018,28.23190572916737,0.180307294946828,99.24056527723089,47.73787867595479,0,0
2026-09-11 23:54:05.912018,32.54880629106307,0.2265430266792166,100.65146593106616,46.162464816630944,0,0
2026-09-11 23:54:06.912018,31.071046457895143,0.4058195573508108,101.20623516489128,39.280165841890025,0,0
2026-09-11 23:54:07.912018,27.92127121421804,0.2864701851485747,100.45740687370473,50.51191099173826,0,0
2026-09-11 23:54:08.912018,32.69879962629975,0.3063658827953732,96.28859301974528,46.850663254313126,0,0
2026-09-11 23:54:09.912018,30.921898562629828,0.3607059532930887,104.14917271552468,50.48215189764253,0,0
2026-09-11 23:54:10.912018,32.43858635651688,0.3557058289664259,103.17296024578076,38.503211518814695,0,0
2026-09-11 23:54:11.912018,31.88888652577084,0.3223039849908368,101.89151970243424,50.84913336291844,0,0
2026-09-11 23:54:12.912018,27.513014967233783,0.2833065303023627,104.81498134510652,37.84439418014186,0,0
2026-09-11 23:54:13.912018,28.31945687940909,0.2749865243414114,99.04527176503258,55.43970126634276,0,0
2026-09-11 23:54:14.912018,32.24188081536978,0.3686319060233074,104.775250241252,52.60945617067542,0,0
2026-09-11 23:54:15.912018,31.831110796300397,0.3442855624854234,99.0695718464989,48.60667614287706,0,0
2026-09-11 23:54:16.912018,29.937295218107558,0.2794159999505768,101.4774758505827,52.8135993004104,0,0
2026-09-11 23:54:17.912018,30.351982149926343,0.3865689850394512,98.4523253497316,45.10962868668224,0,0
2026-09-11 23:54:18.912018,33.83299468736527,0.2896772707896173,101.02938819108871,50.36187757807446,0,0
2026-09-11 23:54:19.912018,28.22528583349251,0.2318670260532485,101.77233299599678,53.97387019230168,0,0
2026-09-11 23:54:20.912018,31.641292143510118,0.2392823440877324,100.6906193377309,34.528553754543054,0,0
2026-09-11 23:54:21.912018,29.39342204269832,0.2217007330952187,102.42775488818027,47.76387820161238,0,0
2026-09-11 23:54:22.912018,29.34695639031834,0.278207198671705,101.19802889897451,49.886779349318125,0,0
2026-09-11 23:54:23.912018,33.29633055596157,0.3986979422668954,99.95517054324498,49.01853191127117,0,0
2026-09-11 23:54:24.912018,32.47624904696409,0.2355923855175593,99.86637336439532,57.28550913113703,0,0
2026-09-11 23:54:25.912018,32.44052890800192,0.3150780608814482,102.6218275452314,44.38049437538558,0,0
2026-09-11 23:54:26.912018,33.91643642146299,0.2474648523498069,99.69251594038606,46.89420378277386,0,0
2026-09-11 23:54:27.912018,30.063011524898275,0.279175276698285,102.83080594096988,40.42065486845776,0,0
2026-09-11 23:54:28.912018,32.04585891388489,0.1791967030411798,103.44542358566386,57.551433256365726,0,0
2026-09-11 23:54:29.912018,29.069199730219637,0.282356941667477,97.66257227530774,48.768549286956,0,0
2026-09-11 23:54:30.912018,30.972499057465328,0.284503569615603,103.26585277460208,47.80795555981646,0,0
2026-09-11 23:54:31.912018,29.609570836896943,0.3432230355228556,105.1208453968894,49.73758658844643,0,0
2026-09-11 23:54:32.912018,30.290987894978155,0.3178624730604296,101.50400752240384,53.18117914215162,0,0
2026-09-11 23:54:33.912018,31.785471076310746,0.2041286300038363,102.19816837058964,51.73681701758062,0,0
2026-09-11 23:54:34.912018,27.545337950299583,0.3867358595234834,103.07401064873832,63.23942106778544,0,0
2026-09-11 23:54:35.912018,36.27716182705638,0.3168242432177596,100.44903536964196,52.26967944201887,0,0
2026-09-11 23:54:36.912018,26.98194785550089,0.3158714813741989,101.36456044707576,47.67377285415459,0,0
2026-09-11 23:54:37.912018,26.357434161636803,0.2992654117291888,98.37160094075378,47.193216312380265,0,0
2026-09-11 23:54:38.912018,33.474332620500206,0.2585794042222224,101.2772700570609,48.03620523791595,0,0
2026-09-11 23:54:39.912018,32.37498808188881,0.317424187179898,101.99622399128909,42.49081537685081,0,0
2026-09-11 23:54:40.912018,31.872359451156463,0.3380470748742866,102.03232604585294,50.19932103745793,0,0
2026-09-11 23:54:41.912018,31.88503652779284,0.1602483446923556,103.13084944719516,53.91734053104459,0,0
2026-09-11 23:54:42.912018,29.963259681459256,0.2568991330123123,99.45039564372894,46.93318199688382,0,0
2026-09-11 23:54:43.912018,27.308236885542502,0.2796042423677128,99.934786486653,45.96309971857944,0,0
2026-09-11 23:54:44.912018,30.22741367458118,0.3204936484555422,104.79101469198272,57.57972573147117,0,0
2026-09-11 23:54:45.912018,79.17867187482774,5.595753371428056,133.5995214032214,87.25152498338016,1,1
2026-09-11 23:54:46.912018,32.925359200253254,0.2382607348322574,101.40006757462466,39.660908117613495,0,0
2026-09-11 23:54:47.912018,29.558827855493583,0.2601630522545726,100.86597991654956,44.23549028176309,0,0
2026-09-11 23:54:48.912018,27.523508409622465,0.258997271148276,99.35663834738996,42.29783641437852,0,0
2026-09-11 23:54:49.912018,29.03584247504102,0.2358777927916366,104.2470584217836,51.93113032052291,0,0
2026-09-11 23:54:50.912018,31.238794362826876,0.272225080391019,99.9445971761588,48.19647749775213,0,0
2026-09-11 23:54:51.912018,28.30882634158808,0.3616641775990377,98.74542895258614,48.9015647748808,0,0
2026-09-11 23:54:52.912018,27.533338813300706,0.2156931603708523,100.0985194453945,55.764670884873865,0,0
2026-09-11 23:54:53.912018,30.731061634475736,0.3342251516122322,96.99658799654894,46.54332569418612,0,0
2026-09-11 23:54:54.912018,30.73489971332617,0.1638478215985331,99.69742507003365,53.875447058728206,0,0
2026-09-11 23:54:55.912018,28.47917047388661,0.2550929602846235,99.06374280429534,57.55661399601601,0,0
2026-09-11 23:54:56.912018,28.58688508314503,0.2736408559825611,102.23485726185464,47.7216875099317,0,0
2026-09-11 23:54:57.912018,30.69614981207291,0.4339887738331252,99.65317152088024,53.685114277781565,0,0
2026-09-11 23:54:58.912018,25.655746975508027,0.2780158156197849,102.7756078711577,48.7909104373551,0,0
2026-09-11 23:54:59.912018,25.777608676870337,0.1239005221239265,103.79696798613864,54.62049064420395,0,0
2026-09-11 23:55:00.912018,27.844667336242694,0.1400888874510999,102.5623506725752,42.14255406211864,0,0
2026-09-11 23:55:01.912018,29.35965854486446,0.3027223669077344,100.56922342227983,41.77243877437327,0,0
2026-09-11 23:55:02.912018,30.932722696794013,0.3491016684631927,101.28222899341118,48.0436614254623,0,0
2026-09-11 23:55:03.912018,34.426068650848656,0.3300364686101802,97.95003011971188,45.55537595470115,0,0
2026-09-11 23:55:04.912018,32.57297886960606,0.3134056084640792,100.73244125495752,47.41645445285057,0,0
2026-09-11 23:55:05.912018,29.52018441010972,0.3929807678004533,99.27912306386634,48.902367087764304,0,0
2026-09-11 23:55:06.912018,29.942951376291933,0.2568327023410294,102.3886527622986,53.600067659181256,0,0
2026-09-11 23:55:07.912018,26.992411906086573,0.371592844482146,106.14550477848894,47.96169710717032,0,0
2026-09-11 23:55:08.912018,29.944460592022832,0.1694388091978866,101.99964327194762,45.88069344688456,0,0
2026-09-11 23:55:09.912018,29.134024083239584,0.2276041733649547,97.01771970209067,48.242433116205504,0,0
2026-09-11 23:55:10.912018,30.968155681014267,0.1554366884054547,100.27753961417126,46.15427360096691,0,0
2026-09-11 23:55:11.912018,79.80830924098692,3.0193487722487404,125.86161089182876,80.64222924555642,1,1
2026-09-11 23:55:12.912018,31.55803954272352,0.2962991026186926,101.17471485052052,41.93491593211515,0,0
2026-09-11 23:55:13.912018,34.59821673900773,0.3091281193781215,99.53837374878248,50.347390581105394,0,0
2026-09-11 23:55:14.912018,29.67371955462943,0.3049506682309708,101.49058348527387,47.15647146701473,0,0
2026-09-11 23:55:15.912018,31.205135166296824,0.2257957335350617,98.51499832616122,54.83139369617336,0,0
2026-09-11 23:55:16.912018,32.07043197513334,0.2847807324469427,99.11018255462989,42.7630195397053,0,0
2026-09-11 23:55:17.912018,28.796338584342493,0.1802042665115401,102.29159528320744,47.28958222476061,0,0
2026-09-11 23:55:18.912018,30.67227744543125,0.40905831801058,98.96867353824037,59.06453610329375,0,0
2026-09-11 23:55:19.912018,30.037777202345385,0.2757099141681599,102.07642321098452,45.30195241451075,0,0
2026-09-11 23:55:20.912018,30.293028295646494,0.2608891104765047,98.26107245068788,48.81733373951938,0,0
2026-09-11 23:55:21.912018,27.6809706484336,0.4271152262755266,104.52965176758347,43.92078008587316,0,0
2026-09-11 23:55:22.912018,30.073530522776828,0.2006202773160616,99.4514601551919,43.257862436095095,0,0
2026-09-11 23:55:23.912018,31.493994873736348,0.2099530308774424,100.55266685639312,57.73655491543839,0,0
2026-09-11 23:55:24.912018,34.353430823385125,0.2123023740105147,101.6612265221808,50.85519746318574,0,0
2026-09-11 23:55:25.912018,94.58027888447629,5.394221280032333,137.27938513298486,91.39141806174835,1,1
2026-09-11 23:55:26.912018,36.45954737253467,0.3345305303710078,101.2868119221426,41.51841882441889,0,0
2026-09-11 23:55:27.912018,27.69795731133585,0.3591740374494266,102.15071344904024,51.79370694054151,0,0
2026-09-11 23:55:28.912018,32.61696191016203,0.5057596253995975,102.92122646500697,55.78710972996913,0,0
2026-09-11 23:55:29.912018,30.550026017215057,0.1200454036639388,102.58299487194591,55.74738530414265,0,0
2026-09-11 23:55:30.912018,36.56940879965302,0.3486988471299533,100.65637907239466,53.3416661480308,0,0
2026-09-11 23:55:31.912018,27.575105143934547,0.2554295541942215,100.7067364519128,44.35257211202298,0,0
2026-09-11 23:55:32.912018,27.480834473457676,0.2530867880888981,105.69821711605006,51.56561708596496,0,0
2026-09-11 23:55:33.912018,28.201822063667933,0.2504182297396898,102.89977813649858,53.33792480238304,0,0
2026-09-11 23:55:34.912018,23.62831282707058,0.2272984263353621,99.15635268735956,41.02778207455549,0,0
2026-09-11 23:55:35.912018,28.42273493495772,0.4347619867682761,101.1999763275311,44.39360204259108,0,0
2026-09-11 23:55:36.912018,27.722602015338907,0.3673837861611122,100.3297137224436,54.44078660871721,0,0
2026-09-11 23:55:37.912018,30.451181359428624,0.30185567828459,100.72933153215378,54.38022888335964,0,0
2026-09-11 23:55:38.912018,31.02526792733148,0.40808126019896,98.54100968458384,42.25708483189304,0,0
2026-09-11 23:55:39.912018,35.62851251764766,0.1789976827760899,100.1761535312281,53.97510729634586,0,0
2026-09-11 23:55:40.912018,32.85127151455815,0.1935435894935259,104.62311154638785,50.47651699576809,0,0
2026-09-11 23:55:41.912018,28.26928903301279,0.1257625814244249,102.158152601751,53.90504477303576,0,0
2026-09-11 23:55:42.912018,27.304755985954927,0.244046836790137,96.01767718369707,46.82739338283029,0,0
2026-09-11 23:55:43.912018,31.47575751451952,0.3129358821363802,103.4334469849959,53.22591748240451,0,0
2026-09-11 23:55:44.912018,26.039300378938076,0.3082286862345867,103.17925904581833,54.21914387242812,0,0
2026-09-11 23:55:45.912018,35.494376297563065,0.3119473528847904,100.28142939138716,48.24332532272144,0,0
2026-09-11 23:55:46.912018,33.53832036216386,0.1871154535147134,102.43452708756644,50.08876273086643,0,0
2026-09-11 23:55:47.912018,28.592473043685885,0.3642523794091217,99.2812015783656,46.75739185247673,0,0
2026-09-11 23:55:48.912018,24.860596412727368,0.3191702014591198,100.05948856746728,58.2581947434294,0,0
2026-09-11 23:55:49.912018,34.06161712249624,0.3586443425172799,103.99709272133973,49.39864030337117,0,0
2026-09-11 23:55:50.912018,29.656380464242147,0.1485790257927958,100.45653992026058,45.38987837411409,0,0
2026-09-11 23:55:51.912018,33.71344893592038,0.3249192687038231,97.26053667609,46.42087043062625,0,0
2026-09-11 23:55:52.912018,25.216717023616894,0.2049787808065978,100.87339355443731,50.63385300571056,0,0
2026-09-11 23:55:53.912018,28.201874931138683,0.268214139795891,100.84282321417128,53.766655858891056,0,0
2026-09-11 23:55:54.912018,30.01573109915455,0.3427491918909107,103.39673713874691,43.3208657742474,0,0
2026-09-11 23:55:55.912018,30.140941781294227,0.307287488500473,101.02867284435152,59.23830001471224,0,0
2026-09-11 23:55:56.912018,28.649803585562267,0.2318768016176544,100.15683537711942,51.54337647027808,0,0
2026-09-11 23:55:57.912018,31.868549797042498,0.3005018524947535,103.0901122904624,52.33227986484706,0,0
2026-09-11 23:55:58.912018,26.797138711852217,0.1774771747805085,101.24158046500222,49.514052280882815,0,0
2026-09-11 23:55:59.912018,29.57286154493612,0.3920213916718637,99.49995463686857,50.096294836755625,0,0
2026-09-11 23:56:00.912018,30.360886895135696,0.2835772784402999,103.30999512108323,49.25858431036298,0,0
2026-09-11 23:56:01.912018,31.543316502176246,0.389483995540426,101.3873235290336,55.0889798451798,0,0
2026-09-11 23:56:02.912018,32.13484463426667,0.2578774650323165,101.00585193335888,49.960357062733145,0,0
2026-09-11 23:56:03.912018,26.626073724486396,0.2581139209274734,101.35581678282333,53.83525109246355,0,0
2026-09-11 23:56:04.912018,25.397657487793133,0.2388650570689722,98.8586632571668,47.830762383237136,0,0
2026-09-11 23:56:05.912018,33.83303046569553,0.370093914535446,99.94469244764332,50.97820264156158,0,0
2026-09-11 23:56:06.912018,30.996942035938776,0.2432455074137219,101.00716520366556,45.980398278802895,0,0
2026-09-11 23:56:07.912018,27.75454039033034,0.3515676345932141,100.61067260995064,56.08264116274768,0,0
2026-09-11 23:56:08.912018,34.65345592656757,0.2694038081864567,103.54485676563318,45.83126379640442,0,0
2026-09-11 23:56:09.912018,30.347023902878576,0.1419229360086704,101.434811705454,48.37510277869337,0,0
2026-09-11 23:56:10.912018,33.53789155219148,0.2543748745770827,102.7098078452728,48.425197937726274,0,0
2026-09-11 23:56:11.912018,30.202555444230327,0.2056713428509721,101.0187907091517,48.23024306163116,0,0
2026-09-11 23:56:12.912018,36.18224377464596,0.3027122178945869,103.11257696749225,53.61247884721469,0,0
2026-09-11 23:56:13.912018,35.26602252732961,0.2047673811460407,101.79505551314632,48.41671117631678,0,0
2026-09-11 23:56:14.912018,29.253107554562774,0.3740780080571693,101.02684097077692,56.96962265270536,0,0
2026-09-11 23:56:15.912018,32.91471285286307,0.2927139311717578,100.97343382208196,45.90762456934916,0,0
2026-09-11 23:56:16.912018,31.936127848755444,0.2857923204193008,99.09112274741808,50.84688734971353,0,0
2026-09-11 23:56:17.912018,34.105894672597046,0.3524713710230066,102.01383144027264,46.121070053437,0,0
2026-09-11 23:56:18.912018,27.105229618259685,0.3771125547260689,100.91959053092724,52.104863912657336,0,0
2026-09-11 23:56:19.912018,32.058154379995315,0.2983920998584278,99.99601607963758,49.92025136511615,0,0
2026-09-11 23:56:20.912018,33.175273460548766,0.2383039760360567,103.21292354162416,49.22468977650761,0,0
2026-09-11 23:56:21.912018,24.723781540730656,0.1580824307110296,98.4995679482104,55.94237483251762,0,0
2026-09-11 23:56:22.912018,26.450224462002677,0.2451160194371855,100.15500820913512,46.72829064472448,0,0
2026-09-11 23:56:23.912018,23.882303466719694,0.2506230202681631,103.05543749755908,52.93257578809,0,0
2026-09-11 23:56:24.912018,29.191779496666328,0.3085645962393837,101.6310458818405,46.15520043662604,0,0
2026-09-11 23:56:25.912018,32.152626767387886,0.2723882495089578,100.90428214469448,50.56342600080187,0,0
2026-09-11 23:56:26.912018,34.507071156288085,0.3550346377641142,101.5020070863003,44.02212335888277,0,0
2026-09-11 23:56:27.912018,30.222284341259325,0.2509613382983448,101.35882834209768,46.6874142684663,0,0
2026-09-11 23:56:28.912018,34.88584663671388,0.2954367066517646,97.96667490742816,49.58928477213568,0,0
2026-09-11 23:56:29.912018,25.859695625355325,0.3947189954557511,100.30147622930409,59.073245836615385,0,0
2026-09-11 23:56:30.912018,24.88985268193453,0.3273460171163973,104.2330433090275,50.50401935229887,0,0
2026-09-11 23:56:31.912018,29.833356903310143,0.2951969966649148,99.68135173044568,58.27334157933353,0,0
2026-09-11 23:56:32.912018,31.152196346817924,0.2518444446451858,100.36339797179131,51.10161645845459,0,0
2026-09-11 23:56:33.912018,29.90191575571772,0.2493414882628018,99.91675847338162,48.06457877762531,0,0
2026-09-11 23:56:34.912018,23.79767369988037,0.2319509397638441,100.82596955336372,57.69678261300346,0,0
2026-09-11 23:56:35.912018,29.732639881461637,0.256719450737368,99.8337543373514,52.1850881103671,0,0
2026-09-11 23:56:36.912018,26.08659149848544,0.3604532670995451,101.97348300431612,46.786392030586434,0,0
2026-09-11 23:56:37.912018,32.009017646490115,0.2822489382966185,101.39462682458051,52.352857297001485,0,0
2026-09-11 23:56:38.912018,31.099794738290544,0.1920181544495015,102.54709523021404,48.53702625046195,0,0
2026-09-11 23:56:39.912018,27.18036064101793,0.4414535434447826,98.89811766762207,40.05482901914352,0,0
2026-09-11 23:56:40.912018,28.45839924798992,0.325597215291613,100.3193190342342,54.67986579632809,0,0
2026-09-11 23:56:41.912018,26.822359434333144,0.1874445279589464,100.54855473677571,55.47467027820964,0,0
2026-09-11 23:56:42.912018,29.811962708180484,0.2646520858207341,101.9112938201772,59.18971014996138,0,0
2026-09-11 23:56:43.912018,32.865426961503715,0.3088709106262734,99.41355760558594,52.11071846097632,0,0
2026-09-11 23:56:44.912018,27.04282186099337,0.4363673674637901,102.83130760851668,48.756382879587335,0,0
2026-09-11 23:56:45.912018,31.51213954655353,0.2113510033392904,103.37283118103522,54.17494713689293,0,0
2026-09-11 23:56:46.912018,28.40922714488268,0.3780832575484757,99.02225530472884,54.24910182659453,0,0
2026-09-11 23:56:47.912018,27.62138150321297,0.4119589141577874,100.01825421021287,58.19140591568211,0,0
2026-09-11 23:56:48.912018,29.67890892013633,0.2497076555940343,99.93613698341582,49.77686188466779,0,0
2026-09-11 23:56:49.912018,26.89427303274188,0.2777989104911813,106.264772409355,49.17210513716203,0,0
2026-09-11 23:56:50.912018,28.339052083958453,0.2170952602100983,100.14019978958424,46.422277901207366,0,0
2026-09-11 23:56:51.912018,26.406366322233453,0.2837231087135756,104.35525088431228,52.68731043362601,0,0
2026-09-11 23:56:52.912018,35.89417539874917,0.2970728020525655,98.4667360097868,42.25869165884583,0,0
2026-09-11 23:56:53.912018,30.105790655915182,0.3527719998465896,99.02069806767128,53.88043686431282,0,0
2026-09-11 23:56:54.912018,27.900823476022243,0.3872146776816357,99.6267909363036,52.93917560932895,0,0
2026-09-11 23:56:55.912018,30.641939732202665,0.2401523148302682,99.30862137710696,52.92535101229186,0,0
2026-09-11 23:56:56.912018,29.66301585092751,0.1426139948619204,100.464202531683,50.6911261825092,0,0
2026-09-11 23:56:57.912018,98.91655201861924,4.560442837650371,121.30076919442386,89.85781138336398,1,1
2026-09-11 23:56:58.912018,31.84250010013028,0.3234830023974912,99.36131681453084,54.35996732713432,0,0
2026-09-11 23:56:59.912018,32.27252313014191,0.3199534150148033,103.31694399294666,46.9646140431215,0,0
2026-09-11 23:57:00.912018,28.40849655716842,0.2738661401992764,103.44758724502633,47.054104751511765,0,0
2026-09-11 23:57:01.912018,28.27254527806596,0.3099801679731147,102.89859299675064,45.60163093292682,0,0
2026-09-11 23:57:02.912018,29.17484490854507,0.4212355846681798,102.04799791116864,52.756416663877935,0,0
2026-09-11 23:57:03.912018,23.094236505793248,0.3305387335170007,101.1854861315591,44.99930539380021,0,0
2026-09-11 23:57:04.912018,25.454426813404343,0.2701305259997532,100.00593861866818,55.41696071791676,0,0
2026-09-11 23:57:05.912018,34.100622802333575,0.2599841746323203,99.09368499048982,56.614866541727714,0,0
2026-09-11 23:57:06.912018,34.93490314050385,0.2864118113857815,101.72599140686538,45.604918655247744,0,0
2026-09-11 23:57:07.912018,29.252891881330864,0.4309391969464511,98.6527392149064,49.07225732703573,0,0
2026-09-11 23:57:08.912018,31.7296708891673,0.2853359432379042,99.0121581416492,50.08310490681207,0,0
2026-09-11 23:57:09.912018,30.93375046363061,0.2984164524383433,103.30582651240962,54.41991580234834,0,0
2026-09-11 23:57:10.912018,39.23664242536572,0.2614149143250958,104.80129808344418,58.04671687804938,0,0
2026-09-11 23:57:11.912018,33.35872473430373,0.3879186685953572,101.78659027633296,41.57253803565711,0,0
2026-09-11 23:57:12.912018,29.6162472255577,0.456786980379574,103.21291430458928,48.40909641236659,0,0
2026-09-11 23:57:13.912018,27.133378678198724,0.3360490439545111,100.50830336511204,48.66991652219826,0,0
2026-09-11 23:57:14.912018,25.18066103922728,0.3066218323028341,98.32465162782464,42.996650725567264,0,0
2026-09-11 23:57:15.912018,30.61039090760167,0.3029426266539388,102.22434323723716,47.57444990347969,0,0
2026-09-11 23:57:16.912018,89.48985496078171,3.619149926820672,123.95990123313632,88.37346078543031,1,1
2026-09-11 23:57:17.912018,25.73323887120698,0.3596120691427854,101.14333710776047,48.60660548580221,0,0
2026-09-11 23:57:18.912018,28.060281347272426,0.3107333132796674,100.51524908378978,42.27689415696293,0,0
2026-09-11 23:57:19.912018,26.75535598915681,0.334267364052858,102.9244211571622,64.37041349004957,0,0
2026-09-11 23:57:20.912018,35.06142490521769,0.2430830244733036,99.02853393314506,51.3308893260209,0,0
2026-09-11 23:57:21.912018,32.64491927084835,0.2692434496818326,99.45243884221868,50.55847065053337,0,0
2026-09-11 23:57:22.912018,29.976082076050147,0.2671180050797461,98.98378698647916,44.51036818466477,0,0
2026-09-11 23:57:23.912018,34.43983241667008,0.3817298387258431,101.16994592527163,51.303530809856376,0,0
2026-09-11 23:57:24.912018,30.232104922942856,0.2696992130717525,98.82421397578148,49.17893107979253,0,0
2026-09-11 23:57:25.912018,27.41614739601521,0.4666128257687838,99.63151563896952,40.55738293642297,0,0
2026-09-11 23:57:26.912018,34.56937223180897,0.3344689935212029,99.5884888755456,44.64872279992792,0,0
2026-09-11 23:57:27.912018,31.616730131053977,0.1979453872003414,100.47878333533208,53.97463008836972,0,0
2026-09-11 23:57:28.912018,26.888261537020632,0.2897162965398434,98.02525110719203,59.720088250002206,0,0
2026-09-11 23:57:29.912018,29.428983965749172,0.2478659902274867,101.17440998407452,51.83582702521522,0,0
2026-09-11 23:57:30.912018,27.373145239845726,0.124449402414398,103.49460730132937,55.51541639146684,0,0
2026-09-11 23:57:31.912018,25.85160080710699,0.4279576752091031,101.27098274463351,49.22122345708395,0,0
2026-09-11 23:57:32.912018,32.778532642594925,0.3562514033776003,104.08264228960265,49.56726919659699,0,0
2026-09-11 23:57:33.912018,35.728249921410395,0.342656585431945,103.66799637175384,55.45489513809733,0,0
2026-09-11 23:57:34.912018,25.804297278542577,0.3132322928239763,102.5554700944957,58.31388644589735,0,0
2026-09-11 23:57:35.912018,31.688907710071717,0.1894385945046049,101.14937168527378,56.505483467328105,0,0
2026-09-11 23:57:36.912018,28.04807229263452,0.261310628835565,101.04500077649088,44.6681846230759,0,0
2026-09-11 23:57:37.912018,28.53862384870591,0.367342461982721,102.52759954472651,49.66520554842377,0,0
2026-09-11 23:57:38.912018,28.222818227283398,0.2159023976173997,100.21665878099192,51.38762342238147,0,0
2026-09-11 23:57:39.912018,27.40802769096055,0.0974584546999348,97.23495849706508,48.70161018246235,0,0
2026-09-11 23:57:40.912018,30.14556488383448,0.2818315193775259,101.98400810820593,51.93928771707798,0,0
2026-09-11 23:57:41.912018,27.507149650766888,0.2886593956777969,98.73786274013004,54.102884058344735,0,0
2026-09-11 23:57:42.912018,30.81137047733952,0.3108450733131767,99.07571754361923,55.0140487597757,0,0
2026-09-11 23:57:43.912018,91.33608646527,4.450047468670827,121.2908020896407,92.43500393861356,1,1
2026-09-11 23:57:44.912018,29.28315585940077,0.3510084649784967,100.80975024489308,48.35279447637583,0,0
2026-09-11 23:57:45.912018,27.277309013875207,0.3207015844195137,98.17584878736874,43.17983417580343,0,0
2026-09-11 23:57:46.912018,28.269686008295,0.3956425110469367,101.33098312826628,51.79117297007227,0,0
2026-09-11 23:57:47.912018,32.26617367747727,0.1784824175349348,102.93227932172208,59.41905515592401,0,0
2026-09-11 23:57:48.912018,31.502751562873144,0.3403665451581912,98.74331685946844,47.6151207002297,0,0
2026-09-11 23:57:49.912018,27.067334265604348,0.3501230690669554,103.54496666169752,53.4342348853186,0,0
2026-09-11 23:57:50.912018,30.29799691628768,0.2008350171135808,97.87965834974013,53.47872896236321,0,0
2026-09-11 23:57:51.912018,32.25416137011537,0.1797703513054088,105.23464828874192,50.95721023672304,0,0
2026-09-11 23:57:52.912018,24.991784156635884,0.2403246298819518,100.17747913903304,50.03462360521857,0,0
2026-09-11 23:57:53.912018,31.630080577139804,0.2470766845987766,101.29123399365378,45.38285397139304,0,0
2026-09-11 23:57:54.912018,28.01212872316246,0.3602735570801944,97.21593285502864,38.59168963789711,0,0
2026-09-11 23:57:55.912018,31.71179600577948,0.2508368973047123,100.8757278670614,44.440746466679855,0,0
2026-09-11 23:57:56.912018,27.710222530372448,0.2314921185375036,101.45696435543638,48.0484792544415,0,0
2026-09-11 23:57:57.912018,24.585353698006443,0.2510693010644352,100.827675791801,55.487113437113535,0,0
2026-09-11 23:57:58.912018,25.117372686350517,0.3894905867323369,99.87383784589524,49.48435968824312,0,0
2026-09-11 23:57:59.912018,30.144254839984143,0.3010434699501562,99.10687096294436,47.40487140540926,0,0
2026-09-11 23:58:00.912018,30.779167505164445,0.285659917971447,103.26105323907464,45.54507279023285,0,0
2026-09-11 23:58:01.912018,27.287050124686772,0.2911995601039158,101.0616142699959,53.2840291425474,0,0
2026-09-11 23:58:02.912018,31.915777376332123,0.4033648267461218,104.08150475303354,56.79178583215303,0,0
2026-09-11 23:58:03.912018,25.01543981319312,0.2400662618717406,99.94703529041016,55.3171786093373,0,0
2026-09-11 23:58:04.912018,29.80176060405805,0.4052406632752083,100.13041061325556,53.03074849879235,0,0
2026-09-11 23:58:05.912018,26.36695140071263,0.3168397039137203,102.63118848919233,42.6219362680853,0,0
2026-09-11 23:58:06.912018,28.044491676593523,0.2871664494419721,97.75405007599286,48.241628785781145,0,0
2026-09-11 23:58:07.912018,30.14219601394924,0.5000720398347425,98.57307327969416,59.736521144448375,0,0
2026-09-11 23:58:08.912018,27.418759904148143,0.2155488408161122,103.19496994270632,55.60975245957612,0,0
2026-09-11 23:58:09.912018,28.846333367310525,0.2717051392346395,98.6561321415536,42.31248390882637,0,0
2026-09-11 23:58:10.912018,33.01887842764332,0.2014055008668799,97.3618979693949,49.722047384003645,0,0
2026-09-11 23:58:11.912018,28.269324391430555,0.3761969576428935,104.73705437614618,51.8154921633052,0,0
2026-09-11 23:58:12.912018,32.507076336195425,0.4351351146921343,98.21236470425158,46.1892076848689,0,0
2026-09-11 23:58:13.912018,26.610879436027147,0.4335938225123711,101.36823879665634,38.45397989295576,0,0
2026-09-11 23:58:14.912018,31.589412533745847,0.3979159002516804,101.13817038544856,50.49412022508216,0,0
2026-09-11 23:58:15.912018,34.3247058619737,0.2841903625763227,95.37874336676384,46.061208711897805,0,0
2026-09-11 23:58:16.912018,22.585066499618133,0.2707807218008122,100.4653659536644,46.08079130457658,0,0
2026-09-11 23:58:17.912018,27.60931423358857,0.1663064182004748,101.89682649895822,48.22659820034621,0,0
2026-09-11 23:58:18.912018,31.73121638154162,0.4628698828145434,101.70861876303772,49.33162042672594,0,0
2026-09-11 23:58:19.912018,29.39086384187102,0.3375182462518774,102.807041367607,49.954586029521565,0,0
2026-09-11 23:58:20.912018,76.62761731262283,4.284517449556336,139.18475809366802,99.57828646323064,1,1
2026-09-11 23:58:21.912018,28.18804443985254,0.4062445511189574,102.42500888418432,48.898952351829614,0,0
2026-09-11 23:58:22.912018,30.259769362418695,0.2221788386591999,99.62134186383986,41.21288314798623,0,0
2026-09-11 23:58:23.912018,29.53296829382376,0.3325297627378139,98.17906516717446,51.55519532684039,0,0
2026-09-11 23:58:24.912018,33.50334618497942,0.2861896692567332,98.40454324863754,35.71862293329421,0,0
2026-09-11 23:58:25.912018,30.76326252990364,0.3510941711904241,98.07577908960916,48.5525495978319,0,0
2026-09-11 23:58:26.912018,31.012807986225607,0.2949141168651102,103.01917193578238,54.59593076838477,0,0
2026-09-11 23:58:27.912018,28.7643691016326,0.183925768711102,97.97085298188289,44.70329656362587,0,0
2026-09-11 23:58:28.912018,28.53718132778252,0.306046109813603,101.5480776812986,53.582151018287,0,0
2026-09-11 23:58:29.912018,28.702325436541138,0.3839091313500289,100.46815161185512,55.778663560604464,0,0
2026-09-11 23:58:30.912018,31.18335642713489,0.2976626875316812,100.79470285309874,33.46050023751306,0,0
2026-09-11 23:58:31.912018,28.73704655753921,0.3620092097271268,103.7272145903994,49.24318548212129,0,0
2026-09-11 23:58:32.912018,30.86932457068924,0.2163576411460757,100.12314526556943,35.62113286185863,0,0
2026-09-11 23:58:33.912018,36.22620239593632,0.2978991365384118,102.22320312309937,49.40895777214527,0,0
2026-09-11 23:58:34.912018,32.61337411029508,0.2500391635929138,101.07512670276222,49.96414394509337,0,0
2026-09-11 23:58:35.912018,29.021929403496475,0.3597584672083768,100.6959621887346,37.58728007044581,0,0
2026-09-11 23:58:36.912018,33.60364176649183,0.3025193249809596,105.59993824877294,59.62419181039933,0,0
2026-09-11 23:58:37.912018,28.775773880935347,0.355205894106929,98.11731650856926,51.430079038173126,0,0
2026-09-11 23:58:38.912018,23.88562639446644,0.3870168340926292,103.57826367087488,45.75488283958983,0,0
2026-09-11 23:58:39.912018,26.97574106724779,0.355329486009711,102.31281313097996,57.326897137492594,0,0
2026-09-11 23:58:40.912018,24.387624236922434,0.3218494747434915,100.04095001073644,41.02193389678842,0,0
2026-09-11 23:58:41.912018,28.945459547876077,0.2201430193190875,104.25863703488322,43.854144832408416,0,0
2026-09-11 23:58:42.912018,30.05525513756865,0.2997771111466479,97.30377977522292,38.50272238165051,0,0
2026-09-11 23:58:43.912018,35.02931193682585,0.2573527678387333,99.95646668540184,59.00522598269667,0,0
2026-09-11 23:58:44.912018,30.98078212129249,0.2724748834636619,98.58303559146184,51.66173185736002,0,0
2026-09-11 23:58:45.912018,29.34269841357341,0.2700372679399799,101.82416692974292,53.29700894924248,0,0
2026-09-11 23:58:46.912018,32.48821674355047,0.2216059540174204,98.77387179762565,51.50500616959238,0,0
2026-09-11 23:58:47.912018,23.366594072976344,0.1434129128692808,101.86612789348264,52.86883880572292,0,0
2026-09-11 23:58:48.912018,30.706843674325697,0.2465485561337786,100.62712716835688,50.390388569479946,0,0
2026-09-11 23:58:49.912018,32.3125955816609,0.3154703561539327,100.04129211468783,51.35460671353721,0,0
2026-09-11 23:58:50.912018,25.564241262660477,0.1921458363658008,101.77729449206662,50.53801718111475,0,0
2026-09-11 23:58:51.912018,33.43126212962079,0.3012545789177299,100.46275675212388,46.95704097215361,0,0
2026-09-11 23:58:52.912018,31.015489222483243,0.4520214739448771,98.82273031388192,49.766876173926654,0,0
2026-09-11 23:58:53.912018,28.7541362582976,0.3818445244201791,106.60274597926995,51.36797286630839,0,0
2026-09-11 23:58:54.912018,31.89834559831885,0.4314833207296423,100.02566563394171,50.552745597760655,0,0
2026-09-11 23:58:55.912018,36.81207857341319,0.3312902301546181,96.56478183969595,42.61113946123341,0,0
2026-09-11 23:58:56.912018,30.545598765175484,0.3934007858389157,99.31580262055722,43.275066656957954,0,0
2026-09-11 23:58:57.912018,30.744661758901007,0.242082821562577,98.46544662325454,55.41420716958196,0,0
2026-09-11 23:58:58.912018,28.621917301379263,0.2484527786382412,102.65229123208104,48.465029770582994,0,0
2026-09-11 23:58:59.912018,27.450466891605625,0.0808687835090021,101.64330531918316,52.9236267351797,0,0
2026-09-11 23:59:00.912018,32.49100744963274,0.3948916379233839,101.79742560358068,44.53940045138802,0,0
2026-09-11 23:59:01.912018,27.4317485222734,0.4232259183855908,100.25995506832552,42.63427061676735,0,0
2026-09-11 23:59:02.912018,30.214698711658176,0.2557458203722184,100.44129950588616,45.78201693734144,0,0
2026-09-11 23:59:03.912018,28.56702765970465,0.2796838634882211,100.25813779278468,48.88717464614293,0,0
2026-09-11 23:59:04.912018,31.43693947723917,0.239691030904723,100.83761363172906,46.67429850357794,0,0
2026-09-11 23:59:05.912018,31.00098631586085,0.3306122841181993,102.67066687072968,56.46966761552857,0,0
2026-09-11 23:59:06.912018,33.112619832773696,0.3899946036242592,101.67215082501068,50.89761650768731,0,0
2026-09-11 23:59:07.912018,28.46995080343576,0.1605782420895167,102.00022565924174,59.24469309280929,0,0
2026-09-11 23:59:08.912018,29.190375194119888,0.3327550824513802,101.9991178164984,52.02204077035709,0,0
2026-09-11 23:59:09.912018,27.06370885265308,0.2778662582624683,102.76888487476349,37.93724591040095,0,0
2026-09-11 23:59:10.912018,28.667120219771665,0.3090715513573351,101.57630008308053,55.28020803229278,0,0
2026-09-11 23:59:11.912018,31.131901479134555,0.3367195201339432,101.71769614535783,42.452241887650224,0,0
2026-09-11 23:59:12.912018,32.270965849936054,0.2849438048981743,103.37761248238633,51.15266833605669,0,0
2026-09-11 23:59:13.912018,27.233504027467124,0.2917130517275375,99.66990816399378,46.126579711680776,0,0
2026-09-11 23:59:14.912018,32.60881776031698,0.2828899865956288,99.28851484009698,60.71355517232093,0,0
2026-09-11 23:59:15.912018,34.066913576414855,0.3776252961430625,98.62815680162628,57.19798963715068,0,0
2026-09-11 23:59:16.912018,31.240304709671104,0.3335007968101997,101.36582912724052,46.29089679149121,0,0
2026-09-11 23:59:17.912018,35.6303874376742,0.3176466830189888,97.29253551756176,49.363211659394445,0,0
2026-09-11 23:59:18.912018,27.67863240268928,0.1983238623126173,101.92430819211935,51.222990348246086,0,0
2026-09-11 23:59:19.912018,26.266035890065748,0.2697136205429477,100.78161381099888,54.31707035780805,0,0
2026-09-11 23:59:20.912018,24.663839253287165,0.3718935328271339,103.26927939964212,50.14575956162506,0,0
2026-09-11 23:59:21.912018,34.48813293446755,0.3030157258499138,99.65616537907002,44.87552550309567,0,0
2026-09-11 23:59:22.912018,31.96309696906217,0.352762517567131,100.59336342916498,46.41220680399974,0,0
2026-09-11 23:59:23.912018,29.83324598726864,0.4413209440262107,103.24440666658674,49.97759101811605,0,0
2026-09-11 23:59:24.912018,30.83990587895946,0.3830884855367053,103.7662712935563,56.17228489382346,0,0
2026-09-11 23:59:25.912018,26.62353285810487,0.3074526670159794,99.63969526849635,52.13918930268022,0,0
2026-09-11 23:59:26.912018,37.33725593885048,0.2591208663843418,101.36356246517433,46.13292536692492,0,0
2026-09-11 23:59:27.912018,30.387663545925683,0.0957160323155281,101.58883795536808,53.24186388854895,0,0
2026-09-11 23:59:28.912018,30.32818438381468,0.2865292062021717,101.7473068112423,48.0650758056092,0,0
2026-09-11 23:59:29.912018,32.17729987169608,0.273919000334652,100.47484868136875,54.45204002593421,0,0
2026-09-11 23:59:30.912018,31.44302769521014,0.33122929555163,103.56276679624727,62.63505209164303,0,0
2026-09-11 23:59:31.912018,30.671652072837396,0.287687581842025,97.22059303275692,48.20586814528225,0,0
2026-09-11 23:59:32.912018,27.628576633664064,0.2743691952450564,100.15773953039783,54.008025798631856,0,0
2026-09-11 23:59:33.912018,31.414405071407987,0.1576480855594223,101.89586146554588,46.27303333981135,0,0
2026-09-11 23:59:34.912018,35.6460734894251,0.2248025736679946,101.91444962389868,49.43868116404352,0,0
2026-09-11 23:59:35.912018,34.03626013846493,0.3381320832640446,103.70551806122953,50.147811434360506,0,0
2026-09-11 23:59:36.912018,34.77955987991819,0.4372726104906155,103.39645078640255,49.031581699778094,0,0
2026-09-11 23:59:37.912018,28.46635297070645,0.2921979693003501,100.42891674938556,62.31506844387512,0,0
2026-09-11 23:59:38.912018,27.031185539224257,0.3262248858859298,103.5997424870612,48.46703462660809,0,0
2026-09-11 23:59:39.912018,29.62263923970105,0.3761982525562244,99.57191651244509,52.93425769392434,0,0
2026-09-11 23:59:40.912018,30.167174736866084,0.23512848510398,102.86177476558368,40.34956565338284,0,0
2026-09-11 23:59:41.912018,33.28257455541284,0.3293451234628354,104.62104495684198,52.15998281684805,0,0
2026-09-11 23:59:42.912018,24.92260611085554,0.2407607914934273,103.42988821370994,55.710272961761234,0,0
2026-09-11 23:59:43.912018,34.58865095838184,0.3691859550792808,101.21154076704823,47.362013287104745,0,0
2026-09-11 23:59:44.912018,29.525976304263036,0.3121122438361386,100.33644245645576,37.44888929479794,0,0
2026-09-11 23:59:45.912018,28.71935679015774,0.3238761451185151,97.94281740748144,49.80674115586338,0,0
2026-09-11 23:59:46.912018,26.963686874219498,0.2373921122065128,101.6210792758284,50.08591925192764,0,0
2026-09-11 23:59:47.912018,25.03542998440269,0.3565625887688627,98.76956554405815,53.62037525372152,0,0
2026-09-11 23:59:48.912018,32.46951175188575,0.4667770336984813,99.41373067277212,60.05451517706717,0,0
2026-09-11 23:59:49.912018,30.21995390156521,0.2193670643657435,98.61850839852666,48.09973174699847,0,0
2026-09-11 23:59:50.912018,26.13011730077684,0.272819279388198,100.0792153346867,45.7185593816986,0,0
2026-09-11 23:59:51.912018,26.11476368380915,0.3185285979334473,100.94406117102604,44.16541099314279,0,0
2026-09-11 23:59:52.912018,28.992645902129617,0.3629124969596653,101.5472291623314,50.990393085158,0,0
2026-09-11 23:59:53.912018,35.00706457586818,0.2552362971768425,99.79898672917209,52.39677129409251,0,0
2026-09-11 23:59:54.912018,29.221225945909183,0.0733575767885807,103.13856741279037,47.27172302818708,0,0
2026-09-11 23:59:55.912018,25.49057114064568,0.408735159533122,100.58358948402008,53.89341372862895,0,0
2026-09-11 23:59:56.912018,29.262770807742168,0.3608404895667314,99.42455513346896,52.32692038409588,0,0
2026-09-11 23:59:57.912018,29.181829290756987,0.1605641975610667,101.45258453448687,50.216158448224455,0,0
2026-09-11 23:59:58.912018,21.909340071175286,0.2513944966576355,104.92710566708764,45.48792639627937,0,0
2026-09-11 23:59:59.912018,29.837115400446564,0.4254545943621861,101.67032113307025,47.59067842257638,0,0
2026-09-12 00:00:00.912018,29.307196409373965,0.4158237134766293,100.2742887452528,37.85122351158728,0,0
2026-09-12 00:00:01.912018,32.088619094440254,0.3750912018143155,97.9450772877626,51.17893532099017,0,0
2026-09-12 00:00:02.912018,35.54686828483604,0.2859110052832109,100.56117535805586,50.13170644373717,0,0
2026-09-12 00:00:03.912018,33.379695088643274,0.3066389935050008,101.46985625017624,50.94239495544743,0,0
2026-09-12 00:00:04.912018,29.19333392833551,0.2895259355899098,100.22483821748888,52.5215950778228,0,0
2026-09-12 00:00:05.912018,80.35271029319989,2.798300311487284,137.92864577018253,99.59670045265804,1,1
2026-09-12 00:00:06.912018,37.72007940974958,0.2299326074803911,99.29886922099313,49.44808409676983,0,0
2026-09-12 00:00:07.912018,30.177655302043465,0.2355360276092636,103.90907692177552,50.24334021581376,0,0
2026-09-12 00:00:08.912018,30.04178787573884,0.3808219669468812,103.86800200746092,42.97841791651915,0,0
2026-09-12 00:00:09.912018,29.92762473866999,0.296451083559075,99.2267216615908,47.08139677155287,0,0
2026-09-12 00:00:10.912018,30.594254282303567,0.4102773884363046,102.34551357439884,50.2523552684173,0,0
2026-09-12 00:00:11.912018,29.566918764228173,0.2462790234415563,98.64285443045964,46.320732120438194,0,0
2026-09-12 00:00:12.912018,28.27901397935929,0.2956177311728939,103.8086325639899,54.30075397936273,0,0
2026-09-12 00:00:13.912018,28.359423176278824,0.2262069612124837,101.49047169578849,46.70683959522485,0,0
2026-09-12 00:00:14.912018,29.901740189352005,0.3005890145138853,102.89928299723309,51.08152705624158,0,0
2026-09-12 00:00:15.912018,28.369725686598706,0.1817162450400961,97.56981330563492,50.58282828407668,0,0
2026-09-12 00:00:16.912018,27.86146265196851,0.2609893263236029,102.35527420384976,53.73138796805205,0,0
2026-09-12 00:00:17.912018,30.31929068307569,0.1850996908057505,100.984651872631,54.50395587014151,0,0
2026-09-12 00:00:18.912018,29.235068347737435,0.3555138586553006,102.70385814158168,53.470163054839695,0,0
2026-09-12 00:00:19.912018,34.511978965748064,0.3573271471807721,102.8297355961957,39.469968993084336,0,0
2026-09-12 00:00:20.912018,22.047090574820963,0.1615789815612524,101.1315693789495,55.97074074006564,0,0
2026-09-12 00:00:21.912018,33.27452055576739,0.4067108596400458,99.79834072180816,57.63654112097299,0,0
2026-09-12 00:00:22.912018,33.738255577492886,0.4997932101135883,102.55939236435898,47.589378578392655,0,0
2026-09-12 00:00:23.912018,23.779829302775557,0.3036805109389072,100.87969100118974,51.18323456336425,0,0
2026-09-12 00:00:24.912018,28.971937217758956,0.2487108591820284,99.25443009294472,45.54584159934609,0,0
2026-09-12 00:00:25.912018,28.885677402012625,0.5259464472802438,99.15969553708464,40.25810746633924,0,0
2026-09-12 00:00:26.912018,25.777464915846537,0.1944825201357991,98.04567116737525,46.30642367228807,0,0
2026-09-12 00:00:27.912018,27.666549937227373,0.3016085173495278,99.97941768087388,47.299304802681945,0,0
2026-09-12 00:00:28.912018,26.668272463602516,0.3143697818105538,103.20538409214876,48.22574634324092,0,0
2026-09-12 00:00:29.912018,35.25681133027087,0.4076118096361931,101.35565959941088,45.20542954997006,0,0
2026-09-12 00:00:30.912018,32.80703517944238,0.328779118010143,99.94046458815392,46.33287416591381,0,0
2026-09-12 00:00:31.912018,87.33028598929972,5.257454922589558,129.89887325413437,88.58392125249192,1,1
2026-09-12 00:00:32.912018,32.165016192129706,0.2239052503689635,99.33504675655324,46.14886508444929,0,0
2026-09-12 00:00:33.912018,26.61284468634831,0.2726542543803091,101.19070054866556,52.71762166275014,0,0
2026-09-12 00:00:34.912018,28.42643920116068,0.2194458111243884,100.64073925454898,53.4083032569872,0,0
2026-09-12 00:00:35.912018,31.468123683683757,0.3038260255827746,102.5582612511767,61.90193873082245,0,0
2026-09-12 00:00:36.912018,26.333616573324164,0.2548643056111611,97.845543258161,55.62839966061731,0,0
2026-09-12 00:00:37.912018,32.138995290517165,0.1804769765368199,99.29960450837068,51.21551529164207,0,0
2026-09-12 00:00:38.912018,29.279023805525597,0.4004116630699923,97.72350868181093,46.8986785166616,0,0
2026-09-12 00:00:39.912018,79.53806583634895,4.635598211746948,136.3409250880634,87.16691017345717,1,1
2026-09-12 00:00:40.912018,32.13287990461048,0.198549055601975,103.42285500726486,51.63297979958178,0,0
2026-09-12 00:00:41.912018,31.33278993445812,0.2865392692409966,99.98910558069296,47.4334345549717,0,0
2026-09-12 00:00:42.912018,28.91710150254276,0.3054697252774127,99.9786321236087,53.91865698376439,0,0
2026-09-12 00:00:43.912018,33.477989410092746,0.1602826619536773,102.74344884836827,43.009509926590624,0,0
2026-09-12 00:00:44.912018,26.75681001720031,0.326531813370061,103.1370991169106,48.77800082231245,0,0
2026-09-12 00:00:45.912018,31.84780682083279,0.2162273945047788,100.82285786546242,52.77929229658703,0,0
2026-09-12 00:00:46.912018,31.779303773905152,0.436882304735263,102.3694297080998,48.56207926203952,0,0
2026-09-12 00:00:47.912018,29.071360682058028,0.3419168409661388,98.8460909182441,48.966227982853646,0,0
2026-09-12 00:00:48.912018,30.978399066726357,0.2680080007912546,103.75594866785084,49.3110706940386,0,0
2026-09-12 00:00:49.912018,26.24665927084409,0.2403865783746119,105.2974125878741,45.82199379656127,0,0
2026-09-12 00:00:50.912018,32.7720810576207,0.2916025833949101,102.04243158237745,55.86950465787104,0,0
2026-09-12 00:00:51.912018,84.68032490005821,5.882675355165828,121.68780992073752,96.3752820510267,1,1
2026-09-12 00:00:52.912018,28.43183093844288,0.297960469713184,99.88353947520444,51.59079663704942,0,0
2026-09-12 00:00:53.912018,33.147027677510664,0.2826272954290514,102.22565064333864,52.068239491411866,0,0
2026-09-12 00:00:54.912018,27.88696892837172,0.3046696232654316,100.15703400566728,45.25689049395517,0,0
2026-09-12 00:00:55.912018,25.77461611090932,0.2516912855010436,103.5443971085002,50.36552127190372,0,0
2026-09-12 00:00:56.912018,25.330112479428287,0.272543525852557,102.17631452887171,45.45183913627649,0,0
2026-09-12 00:00:57.912018,31.81802985403692,0.1331366048875996,99.5870489984684,56.95521237527973,0,0
2026-09-12 00:00:58.912018,26.15871194251115,0.3778980984681894,101.0645296215425,44.306085315118935,0,0
2026-09-12 00:00:59.912018,35.2643825459531,0.3239038224257409,99.21233355872182,46.730514528840175,0,0
2026-09-12 00:01:00.912018,23.754211776348832,0.2381235324773255,100.63483024317512,43.8788749582221,0,0
2026-09-12 00:01:01.912018,35.08936910487012,0.4518987985084191,99.8908135191349,43.21150636566224,0,0
2026-09-12 00:01:02.912018,30.633052401607856,0.3069613184313909,103.34952360046609,57.956076454411466,0,0
2026-09-12 00:01:03.912018,29.709860664388824,0.2171085142419842,105.232024113662,52.71387336956281,0,0
2026-09-12 00:01:04.912018,28.36524273957315,0.3685389937176366,98.1376233335285,50.70146712850272,0,0
2026-09-12 00:01:05.912018,31.19740834305621,0.331843857320741,97.1535674275805,46.71711518326539,0,0
2026-09-12 00:01:06.912018,29.88709589272545,0.3315663988387375,100.50965515629724,54.538059055233845,0,0
2026-09-12 00:01:07.912018,33.309905646049565,0.2659395516278727,97.96316860234263,45.87888780316273,0,0
2026-09-12 00:01:08.912018,30.34268294598612,0.3360396579022427,101.09242320734184,53.96819647165052,0,0
2026-09-12 00:01:09.912018,30.450905284385637,0.2790593367823124,102.49787222761184,45.63744361697182,0,0
2026-09-12 00:01:10.912018,28.90916336335843,0.3444753161316674,103.98828379453364,46.77746149062164,0,0
2026-09-12 00:01:11.912018,29.8291631288368,0.1476044436791488,101.40278911743056,53.7914119305896,0,0
2026-09-12 00:01:12.912018,30.923405306676177,0.2652901229616649,100.61368955030083,54.31913672077884,0,0
2026-09-12 00:01:13.912018,24.869494822030124,0.4377724078246555,97.04323016685385,52.9873646694838,0,0
2026-09-12 00:01:14.912018,25.955443733682863,0.2386346035679759,101.0523702983716,44.75162942121602,0,0
2026-09-12 00:01:15.912018,32.229792282068146,0.251692936200545,101.14257452109892,47.766365671385856,0,0
2026-09-12 00:01:16.912018,30.512596314383824,0.264163092924002,102.2779136284255,50.78449370599257,0,0
2026-09-12 00:01:17.912018,29.448049990941964,0.2028155091289085,99.58302379694182,45.753595190449545,0,0
2026-09-12 00:01:18.912018,30.05530179919618,0.1233375379017398,100.12989479952827,56.85481380064647,0,0
2026-09-12 00:01:19.912018,31.04274511608501,0.281553088118111,98.04399548939163,37.99026528024727,0,0
2026-09-12 00:01:20.912018,28.380720959071915,0.3108687539265325,96.41741438623188,46.10630242315423,0,0
2026-09-12 00:01:21.912018,88.29199446474527,4.302839264110356,125.71016332832782,99.94230943424203,1,1
2026-09-12 00:01:22.912018,30.587535765293044,0.288409715044169,97.85934837149397,35.78028167614116,0,0
2026-09-12 00:01:23.912018,27.064881667154904,0.303443269668031,101.67342459084122,43.01885434881905,0,0
2026-09-12 00:01:24.912018,31.22475826714341,0.3818273177240611,99.96373188666628,53.12644756271034,0,0
2026-09-12 00:01:25.912018,24.89224918728648,0.2847643051256626,99.92352573985042,50.15141818276482,0,0
2026-09-12 00:01:26.912018,85.36373882869906,2.5342576104717187,132.28721887417024,82.44854597111271,1,1
2026-09-12 00:01:27.912018,31.41779244723913,0.2775099612089531,94.53486913497514,57.726132229424095,0,0
2026-09-12 00:01:28.912018,30.768089202941628,0.346347740780542,104.0166214974951,52.16523189301974,0,0
2026-09-12 00:01:29.912018,32.948072951836544,0.4129621502834599,98.99945895444642,51.56619124500356,0,0
2026-09-12 00:01:30.912018,34.99642333338773,0.2497485008664657,100.17515986030018,50.3296555428945,0,0
2026-09-12 00:01:31.912018,33.04311019505439,0.3079147029623106,98.09021566942138,36.72458991060255,0,0
2026-09-12 00:01:32.912018,24.477377306005064,0.3270685953548767,102.94386068688128,43.02720243336962,0,0
2026-09-12 00:01:33.912018,26.161269099792896,0.2205937594616941,101.28685787407466,50.50337751549467,0,0
2026-09-12 00:01:34.912018,28.125544266912964,0.3016333733770334,99.34726942946828,53.080128543738354,0,0
2026-09-12 00:01:35.912018,30.0782731506325,0.1827460914126323,100.21554077731196,51.4483490606907,0,0
2026-09-12 00:01:36.912018,31.55297706140737,0.1584759757008481,104.35635984424974,45.53767516142171,0,0
2026-09-12 00:01:37.912018,27.822768560539604,0.3293397126313805,100.85406113623743,54.68703141234748,0,0
2026-09-12 00:01:38.912018,30.56030029343124,0.2692900206935373,100.6365329247682,57.41222014377318,0,0
2026-09-12 00:01:39.912018,27.73385120294003,0.3161824326096975,99.11723702772149,54.6899480014567,0,0
2026-09-12 00:01:40.912018,28.16544659102416,0.298568401839332,97.2108376990554,54.94799664795235,0,0
2026-09-12 00:01:41.912018,25.78001670945533,0.2218879961068962,100.67992265284131,47.20387101022395,0,0
2026-09-12 00:01:42.912018,27.23030026166729,0.2963796558428531,101.65097022464924,55.379670613504,0,0
2026-09-12 00:01:43.912018,25.944946183151,0.2013518955988115,103.19916892865534,50.728793196638286,0,0
2026-09-12 00:01:44.912018,27.072380241068004,0.411277788640112,96.50300693100068,52.55777764261003,0,0
2026-09-12 00:01:45.912018,33.16092538982352,0.1915223724112029,98.74980734595394,51.82715921412355,0,0
2026-09-12 00:01:46.912018,27.15180333350417,0.2843371783225135,99.8385178188871,49.39256447279794,0,0
2026-09-12 00:01:47.912018,37.897146194512175,0.2166182729562201,100.9930383028536,45.69998762438849,0,0
2026-09-12 00:01:48.912018,31.479953702642668,0.3456336938688636,100.70993261694316,49.58931668222977,0,0
2026-09-12 00:01:49.912018,85.64525774083137,5.761839169237304,123.22918189715509,83.1370458379274,1,1
2026-09-12 00:01:50.912018,27.42492665945636,0.2585066624303032,101.81619211713988,47.792620973435454,0,0
2026-09-12 00:01:51.912018,32.10092963822697,0.3682561236041243,99.19341377844178,54.46673631304073,0,0
2026-09-12 00:01:52.912018,28.27308652128668,0.3023544473342042,102.8682828844674,53.68535335308836,0,0
2026-09-12 00:01:53.912018,30.366029443936085,0.3413315556748774,101.86690488339896,48.50531301490085,0,0
2026-09-12 00:01:54.912018,37.68025361480638,0.2214939250786028,100.36033547174384,56.94400051809788,0,0
2026-09-12 00:01:55.912018,29.71182030082605,0.1876146444857994,104.20181598377783,48.22226664404647,0,0
2026-09-12 00:01:56.912018,33.44781997885703,0.3085766369632107,104.11283207114352,57.54773431306316,0,0
2026-09-12 00:01:57.912018,27.89047072462234,0.2744922915604215,102.8657907103876,52.17063490770487,0,0
2026-09-12 00:01:58.912018,29.895034528509115,0.3501147737963155,94.96288645886442,49.92067040773243,0,0
2026-09-12 00:01:59.912018,89.68575717214705,5.849495355989292,131.478460537393,83.17498386542778,1,1
2026-09-12 00:02:00.912018,28.119098826636694,0.3164060271387703,102.58951704494388,49.55869884932479,0,0
2026-09-12 00:02:01.912018,35.437345673990784,0.1701293976047005,105.01281727542587,48.9812024325279,0,0
2026-09-12 00:02:02.912018,32.12325580636643,0.4510749551691405,103.47492918346708,43.70851807374547,0,0
2026-09-12 00:02:03.912018,28.3125996723172,0.2868606411974374,104.15668535499456,48.91192288641167,0,0
2026-09-12 00:02:04.912018,31.89722321716656,0.3558069576271359,102.75730970036076,45.98098409951457,0,0
2026-09-12 00:02:05.912018,32.91766334888019,0.2331126663824298,103.69738639729104,52.92995884489391,0,0
2026-09-12 00:02:06.912018,31.86542988665159,0.3246407921773873,104.98824748146887,56.53140237864101,0,0
2026-09-12 00:02:07.912018,25.28932584032863,0.1957724189180203,101.4331094767564,43.8654216185238,0,0
2026-09-12 00:02:08.912018,27.818588472525395,0.3361654270607737,97.85553891184374,58.561538641834616,0,0
2026-09-12 00:02:09.912018,29.257444093345487,0.2715220732491333,100.38507819996973,49.35724482807435,0,0
2026-09-12 00:02:10.912018,85.28039523706198,3.7292889153095423,130.75035473890983,94.98077310627278,1,1
2026-09-12 00:02:11.912018,31.862016292652036,0.3558379224104078,101.14977516874312,53.78877390104092,0,0
2026-09-12 00:02:12.912018,30.533103002799763,0.2013967751023775,98.50687606768116,47.76772760872476,0,0
2026-09-12 00:02:13.912018,25.993966923869696,0.2452406615509762,97.73786474961004,49.59131661984253,0,0
2026-09-12 00:02:14.912018,31.14059355301789,0.3365859424869412,99.51767466273034,47.9786087789396,0,0
2026-09-12 00:02:15.912018,31.83175723585147,0.4678577179637397,102.6154791119683,45.9163103406755,0,0
2026-09-12 00:02:16.912018,31.67937134379312,0.2889534132270814,104.16067954164592,53.61998516200952,0,0
2026-09-12 00:02:17.912018,33.24234217666387,0.3472908894339146,102.8331352275554,48.56849298552906,0,0
2026-09-12 00:02:18.912018,32.50176646364671,0.2914422824113216,103.11485457422827,42.81674103910377,0,0
2026-09-12 00:02:19.912018,31.37754023768531,0.455379647580504,100.83836885367288,52.75530062107966,0,0
2026-09-12 00:02:20.912018,29.78950286562406,0.1602222666427795,97.51583508458808,43.97208824488122,0,0
2026-09-12 00:02:21.912018,25.017117199452024,0.3075696835735486,100.0895588382346,44.233699136623706,0,0
2026-09-12 00:02:22.912018,31.28885465739776,0.1699564773150351,100.48247117625525,55.96303102488658,0,0
2026-09-12 00:02:23.912018,30.623063061489333,0.0994742743570626,100.00589502632864,44.01830050394894,0,0
2026-09-12 00:02:24.912018,30.81473651158612,0.3237969642494253,101.10938973074926,38.41777571536255,0,0
2026-09-12 00:02:25.912018,26.169754272539077,0.3111598236917967,101.8828395197859,53.11430742480748,0,0
2026-09-12 00:02:26.912018,26.756830378775213,0.2772130449806239,102.706030376487,48.48068285259435,0,0
2026-09-12 00:02:27.912018,33.15945855999871,0.2915044727968197,100.44376027126734,48.91172439430942,0,0
2026-09-12 00:02:28.912018,29.88133453843004,0.5478639547257006,97.1924811887108,48.427498033249,0,0
2026-09-12 00:02:29.912018,32.044502092117874,0.2793459889574852,100.03424456141774,51.158349695093634,0,0
2026-09-12 00:02:30.912018,30.084955128391385,0.340809948900006,101.08742079398397,46.23640379048466,0,0
2026-09-12 00:02:31.912018,30.08926841848724,0.2480508144308895,103.4456158442668,57.380574372828825,0,0
2026-09-12 00:02:32.912018,32.81485141792799,0.3236186060032482,99.8643843156318,42.61884759845301,0,0
2026-09-12 00:02:33.912018,28.45186581534788,0.2809413059955505,102.0250872567988,52.22437458338562,0,0
2026-09-12 00:02:34.912018,30.28836233082295,0.2671585213816216,101.58017579927086,53.21060501938292,0,0
2026-09-12 00:02:35.912018,28.613174133884872,0.445511882576026,101.08780106624678,46.20174119583311,0,0
2026-09-12 00:02:36.912018,28.69651131770305,0.3941747970547471,102.86106663864918,44.881327773610906,0,0
2026-09-12 00:02:37.912018,29.07248362959408,0.3109397317919384,99.67831760649484,55.08587107085078,0,0
2026-09-12 00:02:38.912018,30.666401314901137,0.1156630451244826,99.84962710071296,45.04569622991642,0,0
2026-09-12 00:02:39.912018,28.563754135009567,0.2711192621397944,100.97619835381154,46.96668029624716,0,0
2026-09-12 00:02:40.912018,33.767268376720565,0.5162422051524067,99.7197069898126,54.436544812298735,0,0
2026-09-12 00:02:41.912018,27.316178093341488,0.2815470666688233,102.0160245821092,50.17370616769512,0,0
2026-09-12 00:02:42.912018,29.43938506751592,0.3882574057642926,99.57361539126774,41.01428166185448,0,0
2026-09-12 00:02:43.912018,28.68080682517748,0.415355392156208,101.45260841549027,58.73529572276757,0,0
2026-09-12 00:02:44.912018,34.3409336530612,0.317517113268478,100.79965446242647,47.34994620610017,0,0
2026-09-12 00:02:45.912018,30.589664329534724,0.2326542694505478,101.4298519295534,47.98621355046792,0,0
2026-09-12 00:02:46.912018,33.0955336184059,0.1051750134573689,100.08051720987392,51.27892126163183,0,0
2026-09-12 00:02:47.912018,25.54331888088908,0.3547330566887163,100.32182341094637,53.12538398502036,0,0
2026-09-12 00:02:48.912018,30.80115079760777,0.2348195197741161,101.1920185359941,59.805521456457335,0,0
2026-09-12 00:02:49.912018,32.66889238687031,0.3140920361510154,101.40414901232262,41.69965925297152,0,0
2026-09-12 00:02:50.912018,30.246851967826277,0.2000143728328508,100.99159616921769,54.12976104462973,0,0
2026-09-12 00:02:51.912018,33.19644112519605,0.2787809967623838,104.41072471302616,53.71504847025039,0,0
2026-09-12 00:02:52.912018,28.448134649698883,0.3026975243920842,99.01852616251745,49.31417544562942,0,0
2026-09-12 00:02:53.912018,34.22804232055674,0.3214874864835438,100.87159241009458,53.93636847408112,0,0
2026-09-12 00:02:54.912018,36.89669437085775,0.2108142250118068,97.85274195576604,54.671370088182734,0,0
2026-09-12 00:02:55.912018,28.911484318681023,0.3957528759009082,101.74416295733477,43.09018607506498,0,0
2026-09-12 00:02:56.912018,28.66349243579769,0.2522484172214423,98.76950692724635,58.74883252940416,0,0
2026-09-12 00:02:57.912018,34.360153431353105,0.1660424431637403,100.44337948824683,42.20618873430929,0,0
2026-09-12 00:02:58.912018,96.41856206018144,5.510512091303477,128.2586579696538,92.24175138046952,1,1
2026-09-12 00:02:59.912018,28.431419918540197,0.3027500247221168,101.56178225320234,48.69106163187952,0,0
2026-09-12 00:03:00.912018,28.73943954871243,0.3128471546537408,99.89441816490964,59.62470256593528,0,0
2026-09-12 00:03:01.912018,29.15464617341848,0.4089705922948063,99.80938860461204,48.45871685123307,0,0
2026-09-12 00:03:02.912018,25.96664846689717,0.2810840930611312,103.8717129281718,49.84033054974595,0,0
2026-09-12 00:03:03.912018,27.244044160547404,0.2904304300504983,101.56913358094906,57.160393019522814,0,0
2026-09-12 00:03:04.912018,26.987577699743795,0.2117452495013525,99.87789829595546,48.49840928717264,0,0
2026-09-12 00:03:05.912018,27.69660730468761,0.3656442802310317,100.49833265637754,44.10781643534662,0,0
2026-09-12 00:03:06.912018,29.895945337839656,0.3147447251262483,104.29070990454149,47.91382582380843,0,0
2026-09-12 00:03:07.912018,30.70264419760956,0.266397781816467,100.5296702434978,56.85395916902888,0,0
2026-09-12 00:03:08.912018,34.65150147844223,0.1476260245227628,99.62144675369522,50.35432498527568,0,0
2026-09-12 00:03:09.912018,27.004937877783625,0.4155529756044069,99.6300076997472,59.6532912952813,0,0
2026-09-12 00:03:10.912018,32.95296719542975,0.2017856028435154,99.90174703802084,53.68967463131077,0,0
2026-09-12 00:03:11.912018,29.358033467323477,0.2526977592504235,99.81100455514655,46.77595531803259,0,0
2026-09-12 00:03:12.912018,29.8516088710427,0.3286675608860802,98.44070430330152,50.25538152232539,0,0
2026-09-12 00:03:13.912018,32.02445847649981,0.204275365710665,98.75159980610604,45.73390940929061,0,0
2026-09-12 00:03:14.912018,26.631833935313104,0.1805192177397485,99.34135925127724,46.65783484675615,0,0
2026-09-12 00:03:15.912018,31.147229238552157,0.1300841933839468,102.1831420369062,72.39542125512878,0,0
2026-09-12 00:03:16.912018,30.49935662463917,0.3576797562324508,100.23752542545424,55.093122550169056,0,0
2026-09-12 00:03:17.912018,31.47735379202445,0.2563851004218942,100.58567662181191,54.305489945033365,0,0
2026-09-12 00:03:18.912018,30.867505931723453,0.5341816073978664,103.5401760505098,46.88409842345968,0,0
2026-09-12 00:03:19.912018,94.20920171476908,3.652121912203925,138.4872792337138,98.76932628037753,1,1
2026-09-12 00:03:20.912018,28.08678004724605,0.2262839181256862,100.43575011372452,55.497078008964685,0,0
2026-09-12 00:03:21.912018,28.407009134994546,0.2547685623771679,99.73827297863318,59.40810644678886,0,0
2026-09-12 00:03:22.912018,28.13057842072571,0.3194507724110791,99.27113937265293,59.16557074199225,0,0
2026-09-12 00:03:23.912018,28.33356864251924,0.2623837328971751,102.38555153941648,42.60455355951239,0,0
2026-09-12 00:03:24.912018,28.087838618080447,0.348986577120201,100.59058553295544,44.45080255365046,0,0
2026-09-12 00:03:25.912018,78.18675886963103,2.9075916455051107,121.7566863002468,93.22685223995984,1,1
2026-09-12 00:03:26.912018,34.26151274396956,0.1894726625229135,99.3726708497249,45.28029678333782,0,0
2026-09-12 00:03:27.912018,28.28776111875157,0.1561428208472713,99.46066718197724,51.61726182130195,0,0
2026-09-12 00:03:28.912018,27.50293328068732,0.1221140665650242,101.64011638298648,47.16598273952091,0,0
2026-09-12 00:03:29.912018,31.41424666915921,0.2585544784419954,98.36912346822548,60.362992703812594,0,0
2026-09-12 00:03:30.912018,28.34333086715709,0.2759215750085422,102.98973738757589,59.52339941040819,0,0
2026-09-12 00:03:31.912018,31.898795453266533,0.2494850378013453,99.93231071237015,49.9676920296048,0,0
2026-09-12 00:03:32.912018,30.6087690625539,0.3994724637749729,100.70072811149642,59.77663108074895,0,0
2026-09-12 00:03:33.912018,25.452767655008305,0.3982424167686508,98.3260440837189,57.440673136201006,0,0
2026-09-12 00:03:34.912018,34.642515603990184,0.2732157610044398,100.97526812351528,47.746467204113706,0,0
2026-09-12 00:03:35.912018,35.38763301928657,0.1564863109446429,100.34335811461888,39.95392327987219,0,0
2026-09-12 00:03:36.912018,28.16163392854684,0.2546635913555957,100.89983880228706,48.91015807519635,0,0
2026-09-12 00:03:37.912018,28.83689532019205,0.2520142884866351,103.94341779672378,46.77688934460763,0,0
2026-09-12 00:03:38.912018,30.85759617217472,0.2474292030177553,101.35539609158047,51.03252812572915,0,0
2026-09-12 00:03:39.912018,31.003370369961075,0.2441824876881403,99.4106816317084,50.44614143437374,0,0
2026-09-12 00:03:40.912018,31.97563281801849,0.2477229683420154,99.57736017890686,50.31508829449614,0,0
2026-09-12 00:03:41.912018,36.03061361629905,0.2690766707281792,102.19026237182754,52.61842370689583,0,0
2026-09-12 00:03:42.912018,29.46915831751785,0.2491567120947554,103.59738658198684,43.93739026458161,0,0
2026-09-12 00:03:43.912018,27.60510826638464,0.3166658006900473,101.5638360415021,52.05680138784854,0,0
2026-09-12 00:03:44.912018,25.86204231595642,0.3288294972723888,102.37742548910954,47.80191923491497,0,0
2026-09-12 00:03:45.912018,27.80720988017424,0.2271483930254008,102.2194754466734,50.99991099931844,0,0
2026-09-12 00:03:46.912018,29.900619081378608,0.4016852260805627,103.83812882671504,54.78704922616095,0,0
2026-09-12 00:03:47.912018,35.383673590553364,0.2215950158527508,97.10081965454792,43.878001133894855,0,0
2026-09-12 00:03:48.912018,28.447166102891487,0.170575950894773,102.33443787860904,48.59353173665215,0,0
2026-09-12 00:03:49.912018,30.67136385491669,0.3304622457092041,102.96747208780712,49.40732882985568,0,0
2026-09-12 00:03:50.912018,29.950731311781745,0.2346073492468528,98.32255258772884,47.4286551421468,0,0
2026-09-12 00:03:51.912018,33.565179820344255,0.325703317660591,99.22866363198716,54.49914748066479,0,0
2026-09-12 00:03:52.912018,37.58079727762087,0.1077065119119575,99.29843450274367,46.39805820599764,0,0
2026-09-12 00:03:53.912018,28.40739368123904,0.4113964753186453,99.54241960724524,47.22299800278831,0,0
2026-09-12 00:03:54.912018,28.53168167244533,0.3537834726432322,100.03656589812894,46.45040433523968,0,0
2026-09-12 00:03:55.912018,33.13248263120722,0.1799618760669598,101.48520562610987,55.460277057194006,0,0
2026-09-12 00:03:56.912018,32.045674468878936,0.1816978300922971,102.73134930233472,47.53777943793892,0,0
2026-09-12 00:03:57.912018,35.5401219772081,0.4337812723278021,103.16263391553709,52.30022695441778,0,0
2026-09-12 00:03:58.912018,31.75178455597789,0.2410096077201633,99.32435387766444,59.87852550615037,0,0
2026-09-12 00:03:59.912018,28.922123727638823,0.2332652121013901,99.31059400259404,49.62590789824707,0,0
2026-09-12 00:04:00.912018,31.77196449207693,0.1187158324680573,103.63164368003244,55.560303400165786,0,0
2026-09-12 00:04:01.912018,33.32611074174872,0.2719377435518756,102.29348787083728,58.35677042046564,0,0
2026-09-12 00:04:02.912018,32.46144654359209,0.2817824308131397,101.165729683738,55.13595780020207,0,0
2026-09-12 00:04:03.912018,31.52182209332189,0.3572394477415588,101.94667335110994,49.9159934201113,0,0
2026-09-12 00:04:04.912018,33.20002406876746,0.1880737257452419,100.94039243629712,53.21053879499307,0,0
2026-09-12 00:04:05.912018,33.50788677133702,0.1783770566207512,102.04916936609524,43.56310703432328,0,0
2026-09-12 00:04:06.912018,34.146476973112584,0.3360770107821181,100.32786660698852,46.09978420925024,0,0
2026-09-12 00:04:07.912018,31.94612966276893,0.3805384056981651,101.53760986887846,46.97662409184041,0,0
2026-09-12 00:04:08.912018,29.49864575904944,0.1743078119105693,97.978907899261,61.20306060087141,0,0
2026-09-12 00:04:09.912018,30.440141059299968,0.3865211269039793,99.62443141034912,45.93707742872367,0,0
2026-09-12 00:04:10.912018,33.61952689952507,0.3030033473189457,99.64597764641933,45.86261624369085,0,0
2026-09-12 00:04:11.912018,27.549192987038293,0.3873444271259716,100.25121993358616,44.78039509875508,0,0
2026-09-12 00:04:12.912018,31.106019926618703,0.2943823710785906,99.1469734904405,52.79905880965381,0,0
2026-09-12 00:04:13.912018,28.81998356301792,0.0982177666009639,99.93291274835384,50.713106963344416,0,0
2026-09-12 00:04:14.912018,30.08623446880445,0.2878426094147169,97.97117187520377,55.433794885132826,0,0
2026-09-12 00:04:15.912018,33.835355587821894,0.3848115054937016,102.0974009527898,53.35629833038677,0,0
2026-09-12 00:04:16.912018,30.57329720405971,0.2285003184733028,100.8349729621772,43.098050766379664,0,0
2026-09-12 00:04:17.912018,30.139309644468447,0.2689628024874038,97.58958478444796,45.96361114994815,0,0
2026-09-12 00:04:18.912018,25.92043157706024,0.2859093197159217,99.33034017890664,56.82664374137911,0,0
2026-09-12 00:04:19.912018,32.23876069808166,0.0680388896105214,101.67320285512432,48.98350877711597,0,0
2026-09-12 00:04:20.912018,31.936452543423226,0.4337078060349981,99.91395610722842,55.93795909009006,0,0
2026-09-12 00:04:21.912018,36.489764169916384,0.227889945608226,99.6061170797238,49.25159526042341,0,0
2026-09-12 00:04:22.912018,29.076665295141,0.3404588345978239,100.85081464598385,45.1617178585574,0,0
2026-09-12 00:04:23.912018,30.65745098299182,0.2930639091081433,101.68719507035644,48.48369611166647,0,0
2026-09-12 00:04:24.912018,30.748151051132265,0.4006095245087488,98.12729508592167,45.15975102225152,0,0
2026-09-12 00:04:25.912018,34.732359839290424,0.3324844897942464,102.10025696243576,47.17223618798788,0,0
2026-09-12 00:04:26.912018,98.45613383676996,5.346793202095696,133.32046883617517,86.9873040531951,1,1
2026-09-12 00:04:27.912018,30.83706457731102,0.2285187925984576,100.9641440635004,52.558025451845104,0,0
2026-09-12 00:04:28.912018,31.82368952914962,0.3638280561105711,100.929159718617,42.04904338372851,0,0
2026-09-12 00:04:29.912018,30.55982736946908,0.1501246956836306,99.94586776352044,49.91315996245451,0,0
2026-09-12 00:04:30.912018,28.66069915634841,0.3516712336220713,98.95268050773858,47.06692132220124,0,0
2026-09-12 00:04:31.912018,30.582269978694924,0.2120764198756101,100.42862690381548,46.757925955205934,0,0
2026-09-12 00:04:32.912018,33.220895249579314,0.4001826929565312,104.2506606181504,50.66342309566539,0,0
2026-09-12 00:04:33.912018,26.92045410176682,0.3129039634130156,98.27664993907274,47.24774063655394,0,0
2026-09-12 00:04:34.912018,30.398909022440627,0.3515299014280086,104.38462603820976,56.91068997423337,0,0
2026-09-12 00:04:35.912018,27.89963755518248,0.3065591051059775,100.48055765784692,55.9403093812553,0,0
2026-09-12 00:04:36.912018,33.58513988677453,0.1598098323887202,101.07074283417728,55.9091414697102,0,0
2026-09-12 00:04:37.912018,25.430439285648674,0.2311416669283729,98.82657837723056,47.52544902254849,0,0
2026-09-12 00:04:38.912018,28.323234458185237,0.3537911470089105,99.45746116664505,45.18750582540339,0,0
2026-09-12 00:04:39.912018,31.131635625193564,0.3133324653887875,99.99418069992396,50.410149646940575,0,0
2026-09-12 00:04:40.912018,34.69657208770302,0.3944791924244537,98.90861005824418,49.24825816856866,0,0
2026-09-12 00:04:41.912018,29.80274921678104,0.3322619650429737,100.58216408525826,46.95588418788318,0,0
2026-09-12 00:04:42.912018,28.334401419920404,0.2226638487437872,100.18596821638646,44.12132776666519,0,0
2026-09-12 00:04:43.912018,35.64347120832177,0.2363148689823492,104.70156228487149,49.792410153659645,0,0
2026-09-12 00:04:44.912018,25.65595829875127,0.3082333912418589,98.66805162863908,47.97965274873764,0,0
2026-09-12 00:04:45.912018,23.403582130139757,0.1148764747199915,101.20538103349718,53.4417351851901,0,0
2026-09-12 00:04:46.912018,31.32004335016,0.4338753508498388,101.49569256380364,53.3255302576074,0,0
2026-09-12 00:04:47.912018,28.493837326942167,0.3353397389102046,98.85935890269631,55.50399902711359,0,0
2026-09-12 00:04:48.912018,26.93630154860786,0.3981627677639098,102.37365499090568,43.70352224059981,0,0
2026-09-12 00:04:49.912018,32.12506934189806,0.1735516847352664,100.20334597423674,52.00529153846816,0,0
2026-09-12 00:04:50.912018,30.731402141313595,0.3995652128284204,96.01522069683386,46.36267146883164,0,0
2026-09-12 00:04:51.912018,28.30776410778981,0.4785199128822198,102.31969922420912,43.89792894594458,0,0
2026-09-12 00:04:52.912018,26.15908680398732,0.1943297315698146,98.76611823179528,47.85698881525645,0,0
2026-09-12 00:04:53.912018,87.12551769223991,3.763577222560236,129.49782611645503,96.9734139774828,1,1
2026-09-12 00:04:54.912018,31.950603533875984,0.3000887955749834,102.3758041657848,48.138408232147576,0,0
2026-09-12 00:04:55.912018,29.70247240866185,0.1764452921401404,100.3056770351631,57.82727329979557,0,0
2026-09-12 00:04:56.912018,35.539910988143,0.3394307177481496,102.835544301103,52.74439257760167,0,0
2026-09-12 00:04:57.912018,26.78974570102154,0.3666882563869879,103.42033219073063,48.02954760509712,0,0
2026-09-12 00:04:58.912018,25.423424487225784,0.2519098757864922,99.7101430793554,55.80024214453204,0,0
2026-09-12 00:04:59.912018,27.924275790356266,0.3932733216204178,102.58652499191008,52.22698386057143,0,0
2026-09-12 00:05:00.912018,29.863241950933507,0.1666589274568641,99.48907839721424,45.33720305776647,0,0
2026-09-12 00:05:01.912018,30.73001834796808,0.1804195082840284,105.46623183426436,59.29401317790258,0,0
2026-09-12 00:05:02.912018,29.27629182643101,0.3109277916471001,99.61408599093755,51.29739411543238,0,0
2026-09-12 00:05:03.912018,31.05616618954289,0.3020308222377817,103.05217488192,50.09398095992746,0,0
2026-09-12 00:05:04.912018,26.24538172742867,0.2426741209260715,102.68758005176316,45.72233665047192,0,0
2026-09-12 00:05:05.912018,34.331293812219776,0.3647675548777508,101.63217564421788,55.89769133803869,0,0
2026-09-12 00:05:06.912018,29.753546464822293,0.3424715451372759,99.65891367716664,52.58637713680653,0,0
2026-09-12 00:05:07.912018,33.351887494764384,0.3686511256747212,100.69720501611718,53.1461909014762,0,0
2026-09-12 00:05:08.912018,31.02817603913311,0.2901490851718186,96.69282377411088,47.46234328237116,0,0
2026-09-12 00:05:09.912018,31.37025965746135,0.3482064214382672,101.4488400767645,54.17050285955034,0,0
2026-09-12 00:05:10.912018,31.70930184069661,0.2643479757576004,101.69923066205678,54.559067967854006,0,0
2026-09-12 00:05:11.912018,31.343125680051944,0.4643054952069276,101.26699883812276,46.65610880609439,0,0
2026-09-12 00:05:12.912018,31.92816827960263,0.2349963383902411,95.05338765741487,42.91504930159505,0,0
2026-09-12 00:05:13.912018,33.98745759039729,0.468423794356665,98.46872710982038,52.90686529669462,0,0
2026-09-12 00:05:14.912018,90.0210594913856,4.766619287036002,133.7673210832406,95.1375950496136,1,1
2026-09-12 00:05:15.912018,32.127011272765536,0.1899591288345005,101.5833178663781,50.7600788891889,0,0
2026-09-12 00:05:16.912018,29.73079291713832,0.4094463480390881,101.57867781128596,47.76377447606347,0,0
2026-09-12 00:05:17.912018,34.32035164634842,0.3100721110715967,100.65955241605764,56.09332605394461,0,0
2026-09-12 00:05:18.912018,27.97082309382219,0.368089927870419,102.27049107320792,48.03578054616396,0,0
2026-09-12 00:05:19.912018,35.40282129873245,0.3979084734834074,98.9475152493942,55.53636486001902,0,0
2026-09-12 00:05:20.912018,29.87952614806697,0.327036444331602,102.220470011388,47.42895277818487,0,0
2026-09-12 00:05:21.912018,97.27128468397956,5.979031598216942,128.3366044972809,80.93136972547504,1,1
2026-09-12 00:05:22.912018,30.38431324473237,0.37805707021354,101.75510946567582,60.30170771918416,0,0
2026-09-12 00:05:23.912018,27.95684502757536,0.3000604405963676,100.6359191378287,44.6597643081688,0,0
2026-09-12 00:05:24.912018,81.85572927563065,4.085154551539848,120.05868115605352,86.98464581818274,1,1
2026-09-12 00:05:25.912018,28.04212806209283,0.127701554096683,101.98639137697975,63.74391207955033,0,0
2026-09-12 00:05:26.912018,28.66144970035566,0.3357585373607881,99.06332827349289,50.332944134514605,0,0
2026-09-12 00:05:27.912018,24.33137780716341,0.2489131339883975,101.49661095147196,50.30894135114824,0,0
2026-09-12 00:05:28.912018,28.64308104225277,0.4322647709742824,102.50496675414844,53.9424947367551,0,0
2026-09-12 00:05:29.912018,22.72836202011313,0.3498469878311276,99.82378280215138,50.20540432047377,0,0
2026-09-12 00:05:30.912018,25.24829152954283,0.3191886196679437,103.1785444938622,41.46387002714724,0,0
2026-09-12 00:05:31.912018,32.28124396843289,0.3389047994680177,101.76406741143202,55.66143687419469,0,0
2026-09-12 00:05:32.912018,32.357400475952495,0.2201247317698625,96.3150433246693,39.98525793067404,0,0
2026-09-12 00:05:33.912018,31.276372685354893,0.4298605352422443,101.59934395467586,47.91604174430829,0,0
2026-09-12 00:05:34.912018,27.09907157061236,0.4593096334733523,100.18794169117456,56.03712874578324,0,0
2026-09-12 00:05:35.912018,29.85686593157406,0.3314330808438573,102.07435962908347,48.21728785678607,0,0
2026-09-12 00:05:36.912018,29.98919238272829,0.4272322854858911,102.88842968050363,46.53151753767798,0,0
2026-09-12 00:05:37.912018,26.52490593242237,0.2544681441061973,101.39032409428364,54.3963195258328,0,0
2026-09-12 00:05:38.912018,34.510194905301454,0.2362309147020015,104.3305044678894,45.74442606582807,0,0
2026-09-12 00:05:39.912018,32.63208687172701,0.3032739798983138,100.642586230873,43.88887140204023,0,0
2026-09-12 00:05:40.912018,29.337107478511008,0.3347952830694319,102.24963564610776,51.372569937466416,0,0
2026-09-12 00:05:41.912018,30.080657516983592,0.2684810655005503,102.6098851472747,49.085383507937046,0,0
2026-09-12 00:05:42.912018,30.625148423842656,0.3430214552294787,100.80530806221454,43.78163442905579,0,0
2026-09-12 00:05:43.912018,23.87479539472713,0.3245111585658731,102.55754861595555,53.18476269997435,0,0
2026-09-12 00:05:44.912018,29.25846785243821,0.2201354579767155,99.81065402567566,52.32243802788617,0,0
2026-09-12 00:05:45.912018,27.954047256006604,0.3415034413961377,100.15486316195756,48.20122491697184,0,0
2026-09-12 00:05:46.912018,26.99513997031525,0.3690822594017217,98.37502261932738,48.54333996937527,0,0
2026-09-12 00:05:47.912018,29.156699121342136,0.3137175454072313,101.4828182327401,52.35196371004578,0,0
2026-09-12 00:05:48.912018,35.39305958054857,0.3922118482609353,101.65050335170868,55.951807098760334,0,0
2026-09-12 00:05:49.912018,31.92252858380103,0.2026076965202438,103.35852631715846,48.58603394945337,0,0
2026-09-12 00:05:50.912018,28.28646303065161,0.3374360337705481,102.58228000871176,53.27344246504072,0,0
2026-09-12 00:05:51.912018,31.717748344068475,0.206377543488258,100.43040888670514,52.826001085423,0,0
2026-09-12 00:05:52.912018,34.198066309758005,0.2108734913413529,98.64364062533144,54.39653646354488,0,0
2026-09-12 00:05:53.912018,32.77390104873831,0.2495255333009768,101.86570080503996,50.19654599371733,0,0
2026-09-12 00:05:54.912018,30.17889110976052,0.2246351853140604,103.22150634482928,45.43837242966821,0,0
2026-09-12 00:05:55.912018,28.05918966688328,0.2561603345007089,102.51036994760788,47.68750423400015,0,0
2026-09-12 00:05:56.912018,32.09466994084077,0.2828679751431049,103.16895504971455,51.71426732890824,0,0
2026-09-12 00:05:57.912018,79.5616418697983,2.575364101045093,122.94061881040966,99.52941345696398,1,1
2026-09-12 00:05:58.912018,32.6855796600832,0.2743072769035438,100.06676206364872,47.57990188401861,0,0
2026-09-12 00:05:59.912018,31.905515405045907,0.1731499434584325,99.5261972955364,54.023937217637,0,0
2026-09-12 00:06:00.912018,33.148658145958,0.3912054277196128,100.8882070667728,48.3597177466162,0,0
2026-09-12 00:06:01.912018,28.39429436531829,0.2330327893107968,100.84281840806236,50.55234377943068,0,0
2026-09-12 00:06:02.912018,33.952182196902974,0.2953023658316296,101.41335525707824,57.57698374631797,0,0
2026-09-12 00:06:03.912018,30.5927988140772,0.3357229205552569,100.741405085929,53.821462907102166,0,0
2026-09-12 00:06:04.912018,36.225782617875794,0.3159688334722226,100.73274454054646,43.79350363629521,0,0
2026-09-12 00:06:05.912018,27.932436545731296,0.387534363801718,99.4466118940557,47.13762488094205,0,0
2026-09-12 00:06:06.912018,35.207891409495744,0.3383202514714207,102.88323802710298,56.28110672220679,0,0
2026-09-12 00:06:07.912018,30.593732350387945,0.2310952336242313,101.15303612448744,50.70939021314248,0,0
2026-09-12 00:06:08.912018,28.045745989156654,0.4742849739193329,100.65111213142944,44.25579940192068,0,0
2026-09-12 00:06:09.912018,98.86272018179096,5.482098489395459,136.9377581530195,93.22170934337976,1,1
2026-09-12 00:06:10.912018,29.03895807541704,0.2882127818702795,98.33617377921784,53.51746761355586,0,0
2026-09-12 00:06:11.912018,31.272497839205748,0.3771140338444456,103.61592838509868,54.97205140608815,0,0
2026-09-12 00:06:12.912018,31.5685064641065,0.3199560756744057,102.1092774162636,50.08927650741087,0,0
2026-09-12 00:06:13.912018,28.278899988184264,0.3319382554351461,97.75216431486008,62.37656900468051,0,0
2026-09-12 00:06:14.912018,29.92693622321705,0.4993747198880549,102.52628460141932,54.12076181727819,0,0
2026-09-12 00:06:15.912018,36.42681107583559,0.2779902857395963,102.84496234046622,48.782594651835495,0,0
2026-09-12 00:06:16.912018,35.182629510302135,0.2745791284786083,101.24875224460186,45.92146975950328,0,0
2026-09-12 00:06:17.912018,31.30897100902209,0.309326280960997,104.19622179150352,45.12557847680479,0,0
2026-09-12 00:06:18.912018,30.1140104345046,0.3857212748464831,101.43343928424576,51.67710660240185,0,0
2026-09-12 00:06:19.912018,30.360093980154783,0.179477277584768,98.16635294410162,47.55611477543297,0,0
2026-09-12 00:06:20.912018,31.84055391819125,0.1427555286818795,101.73033800209664,58.36871876991712,0,0
2026-09-12 00:06:21.912018,26.931622304404783,0.2530307783503882,101.48979460342544,57.331559014589295,0,0
2026-09-12 00:06:22.912018,29.227870387729965,0.169286163275257,99.79340630244369,53.16533273748614,0,0
2026-09-12 00:06:23.912018,24.99424777836723,0.2660134921979489,102.14711767375483,44.10501913521552,0,0
2026-09-12 00:06:24.912018,31.19766936781584,0.3401999756903432,97.66466946761828,46.638905637237976,0,0
2026-09-12 00:06:25.912018,97.00911023811432,5.839174159747714,131.50338683515142,95.0760972412044,1,1
2026-09-12 00:06:26.912018,28.55044061310188,0.1858538738574925,99.2437565927891,47.18466900102449,0,0
2026-09-12 00:06:27.912018,34.7219602898701,0.3055469729372278,99.03010774976592,55.61070866959762,0,0
2026-09-12 00:06:28.912018,87.93854513359773,3.885243815169957,129.58711135200488,83.94194029318174,1,1
2026-09-12 00:06:29.912018,25.60687535937054,0.1644021249186709,101.86594585608728,50.25858942406594,0,0
2026-09-12 00:06:30.912018,30.67335545567992,0.3656185918644787,101.32784812718684,46.4858359353228,0,0
2026-09-12 00:06:31.912018,33.14129490783646,0.3653844962990661,99.51468166845524,49.528780782376245,0,0
2026-09-12 00:06:32.912018,35.0517830743736,0.3763268081725302,99.98782141761622,50.94823977437449,0,0
2026-09-12 00:06:33.912018,28.62334721139318,0.3974784171897349,98.73391530524508,55.1626944915056,0,0
2026-09-12 00:06:34.912018,33.236042500293884,0.4761611139727693,100.55064019674026,45.57132199683123,0,0
2026-09-12 00:06:35.912018,29.88447459149788,0.2715126361104756,103.15004242902182,48.685915787369424,0,0
2026-09-12 00:06:36.912018,29.48211810017754,0.3087657264062286,100.99147412471224,50.22411565966142,0,0
2026-09-12 00:06:37.912018,32.650979812460015,0.266684925340158,102.7188285095189,53.31339178843082,0,0
2026-09-12 00:06:38.912018,31.95696863524026,0.3001581475804648,103.9108026754524,45.45767831238612,0,0
2026-09-12 00:06:39.912018,25.27082352904725,0.4226298684509049,99.82396296192609,43.417151035563926,0,0
2026-09-12 00:06:40.912018,34.42962104917768,0.1923988412855464,100.62685349388929,53.36982575855025,0,0
2026-09-12 00:06:41.912018,34.14027406244236,0.2311160262267539,105.342385722125,42.41025442526649,0,0
2026-09-12 00:06:42.912018,28.12331189547141,0.4101744749203649,103.88868682395989,56.42489857381084,0,0
2026-09-12 00:06:43.912018,31.187410600312223,0.3816029205521671,97.65519094837528,49.22036951258546,0,0
2026-09-12 00:06:44.912018,31.482090558848217,0.2709494682546337,101.77429663212182,42.26234458862777,0,0
2026-09-12 00:06:45.912018,30.78202129747172,0.3683521600896576,101.0011199846794,47.59789890298253,0,0
2026-09-12 00:06:46.912018,28.34908453846374,0.3272972673993626,102.65290622171752,51.895618165346185,0,0
2026-09-12 00:06:47.912018,27.98512989618585,0.420021968720079,99.51004246502988,47.33649456222511,0,0
2026-09-12 00:06:48.912018,29.923337787025662,0.3059607675061418,99.32078325591866,50.10014874412174,0,0
2026-09-12 00:06:49.912018,33.51818705777809,0.3820505691098065,99.64785856941278,53.70039182852644,0,0
2026-09-12 00:06:50.912018,31.63080046378329,0.5113609528394096,99.85614290760311,48.9890483230619,0,0
2026-09-12 00:06:51.912018,28.88815700374168,0.3478479324037973,102.63064833361804,45.31471161766933,0,0
2026-09-12 00:06:52.912018,32.31509613194503,0.3039462532635875,98.63759765370224,48.5050800131408,0,0
2026-09-12 00:06:53.912018,21.454372138109772,0.3577957588176783,99.75477220008136,57.0742006822963,0,0
2026-09-12 00:06:54.912018,33.44629710111631,0.2707775313436892,97.42197521899712,58.42532172666592,0,0
2026-09-12 00:06:55.912018,24.7808586636657,0.4910374164419785,103.01423564682474,39.900369130288624,0,0
2026-09-12 00:06:56.912018,28.9126771757906,0.3144056830156785,103.54206019886227,55.45513954595739,0,0
2026-09-12 00:06:57.912018,26.640990316121567,0.2781653343819589,100.34585313827245,51.25073858017678,0,0
2026-09-12 00:06:58.912018,26.115955572837283,0.233144879598397,100.40410127037356,54.61991339560075,0,0
2026-09-12 00:06:59.912018,33.48248036213556,0.387777615328515,101.9064438045658,47.247558698661855,0,0
2026-09-12 00:07:00.912018,28.596896396064327,0.3693749930262191,103.94896401475653,41.15868245249257,0,0
2026-09-12 00:07:01.912018,31.039511645192142,0.2602116502868725,101.81722149512784,52.92244394323731,0,0
2026-09-12 00:07:02.912018,29.85923826336245,0.3461161076097938,99.60491611504978,45.295113693586416,0,0
2026-09-12 00:07:03.912018,31.43112248166937,0.1793155225429714,97.76235485602712,43.05853784257574,0,0
2026-09-12 00:07:04.912018,30.230465673180767,0.3147976460058524,98.76974747467304,43.40799308763267,0,0
2026-09-12 00:07:05.912018,26.15102332743429,0.3362205081661356,101.14643890062491,53.00456891207667,0,0
2026-09-12 00:07:06.912018,32.98880045834142,0.4365863847647378,99.6893449535984,50.69726233014599,0,0
2026-09-12 00:07:07.912018,28.51873025051606,0.2383344957817048,101.38993541198153,53.91233010937337,0,0
2026-09-12 00:07:08.912018,25.330254304020748,0.197731789695814,99.89415196752752,53.34537627248182,0,0
2026-09-12 00:07:09.912018,28.715654517102266,0.2283657631259966,98.88370713741118,47.89533217708117,0,0
2026-09-12 00:07:10.912018,34.50227937190293,0.1930745199748064,98.64593673709386,49.64763213061272,0,0
2026-09-12 00:07:11.912018,32.55066522634048,0.4069325886207186,104.12470901874646,47.4428123560873,0,0
2026-09-12 00:07:12.912018,28.954043596776422,0.4238911436019229,102.77797549836728,48.94836113567255,0,0
2026-09-12 00:07:13.912018,28.952226887044716,0.3256173262359063,104.46103590365593,45.163726310094674,0,0
2026-09-12 00:07:14.912018,29.035094846347853,0.3977035956548118,102.0799018015102,51.95242146937168,0,0
2026-09-12 00:07:15.912018,36.23024395068252,0.3107166704464188,100.14001718277032,55.37560374490878,0,0
2026-09-12 00:07:16.912018,31.14580635669466,0.2923910681839387,103.64668184497988,45.91693485089507,0,0
2026-09-12 00:07:17.912018,31.290124941573207,0.273356990475699,100.93386399727646,56.40634822700672,0,0
2026-09-12 00:07:18.912018,33.09085036209552,0.2751687206897947,101.4416835405807,50.56760748238971,0,0
2026-09-12 00:07:19.912018,30.71636747707954,0.1761758754952774,100.91435124184896,51.20539488202907,0,0
2026-09-12 00:07:20.912018,29.22287356253789,0.3211403810885871,95.10619156143196,41.50285240196241,0,0
2026-09-12 00:07:21.912018,29.410950452745062,0.2967732871828765,104.2094700245897,40.963688452171326,0,0
2026-09-12 00:07:22.912018,29.785196221757808,0.35962885792623,101.9820078919155,50.72058181389841,0,0
2026-09-12 00:07:23.912018,29.888333290470477,0.3074818797150888,101.65964612173704,53.94866062316004,0,0
2026-09-12 00:07:24.912018,32.18288863091094,0.2869837038744726,100.87644787545888,46.64309778177524,0,0
2026-09-12 00:07:25.912018,30.1558376574219,0.2303045575993895,101.32685564077228,58.350469502915445,0,0
2026-09-12 00:07:26.912018,32.19792023164674,0.3057722589457409,99.8054421283075,53.67467987127158,0,0
2026-09-12 00:07:27.912018,29.757850259674253,0.3590589784652929,102.23315870461454,45.45829374146008,0,0
2026-09-12 00:07:28.912018,30.235905570948272,0.2085328807132911,98.38580331120174,50.15424333526754,0,0
2026-09-12 00:07:29.912018,24.00539794640368,0.3069979002944591,101.3721368649411,62.38464566861706,0,0
2026-09-12 00:07:30.912018,32.748983024107446,0.3186434361223587,102.1231469411422,43.78717998600148,0,0
2026-09-12 00:07:31.912018,31.03946542769398,0.2425548173105388,100.6026617323542,52.64134969457552,0,0
2026-09-12 00:07:32.912018,32.994030329578955,0.25297149560736,101.74173558494203,48.386277236383286,0,0
2026-09-12 00:07:33.912018,21.31123386541893,0.3184488679012971,99.0173312155315,53.53448145459256,0,0
2026-09-12 00:07:34.912018,36.265124114342186,0.2093263185365901,99.06834645820808,56.33636823159191,0,0
2026-09-12 00:07:35.912018,29.58123111553448,0.3279938972199513,101.4734342420528,48.068814556443165,0,0
2026-09-12 00:07:36.912018,33.324548450212546,0.2283716501072639,102.3570993092421,55.59456135853587,0,0
2026-09-12 00:07:37.912018,26.880282218623407,0.3850282954426573,97.25026868899658,61.10601697135981,0,0
2026-09-12 00:07:38.912018,31.83832171518771,0.4870262196310639,102.04404127022153,50.33137368672117,0,0
2026-09-12 00:07:39.912018,26.839753310479036,0.2311394558638544,99.91359699924732,53.92444343747093,0,0
2026-09-12 00:07:40.912018,28.128693117912583,0.342736628989974,100.61438782538518,47.04779614898362,0,0
2026-09-12 00:07:41.912018,35.742094061600355,0.2418606476094384,98.32096415286992,50.09629654515607,0,0
2026-09-12 00:07:42.912018,29.42795279770996,0.3832763339038231,99.2967655196266,49.11662453645879,0,0
2026-09-12 00:07:43.912018,30.65229861953917,0.1987793272731828,102.93225065106064,53.98467962829298,0,0
2026-09-12 00:07:44.912018,32.610203192066265,0.338446940674217,101.06572674796044,56.02337967878463,0,0
2026-09-12 00:07:45.912018,31.48704566391781,0.2301608826488517,100.23444319658088,49.45172575441271,0,0
2026-09-12 00:07:46.912018,30.45125671543073,0.2834412328721304,100.76702329473792,57.66811422866461,0,0
2026-09-12 00:07:47.912018,31.094883007398675,0.2175179779882154,101.9784236493286,57.65023720780815,0,0
2026-09-12 00:07:48.912018,37.21024675571483,0.3657880376716603,101.88098899232668,54.2342687158995,0,0
2026-09-12 00:07:49.912018,29.827143608899245,0.233041571644833,100.8499459992064,47.41986734139136,0,0
2026-09-12 00:07:50.912018,30.603297140144903,0.3441571407465462,103.18591822179334,46.940855916300485,0,0
2026-09-12 00:07:51.912018,84.46417125472841,3.4147848237094083,127.223268045422,89.85391163001898,1,1
2026-09-12 00:07:52.912018,33.31657779887395,0.2908422102560909,101.8267440582608,54.7458303511908,0,0
2026-09-12 00:07:53.912018,33.56109091668114,0.3118204725920103,101.10922356582014,43.941158962553175,0,0
2026-09-12 00:07:54.912018,31.916190666087555,0.2390540262672921,102.31464219023908,53.38418827055504,0,0
2026-09-12 00:07:55.912018,26.57098526180855,0.3168293690832709,101.62853484360237,44.59445326087943,0,0
2026-09-12 00:07:56.912018,34.90029459690329,0.4224267651483528,103.1216001436119,54.11773059920986,0,0
2026-09-12 00:07:57.912018,26.560963820943936,0.2377524171333828,102.7991227534766,50.0860979136528,0,0
2026-09-12 00:07:58.912018,30.9079063957171,0.3937448114619076,98.96349219716454,56.668192809299136,0,0
2026-09-12 00:07:59.912018,27.737172449941927,0.4198478106790227,98.8280736585166,55.70727289160636,0,0
2026-09-12 00:08:00.912018,29.80758496022102,0.2347076008777564,99.59750091119184,57.17532706001056,0,0
2026-09-12 00:08:01.912018,30.98628723091044,0.1835956315927558,102.95227738013384,57.304093591445564,0,0
2026-09-12 00:08:02.912018,30.96407164635082,0.3241568720137411,97.84738200645752,50.71815416994099,0,0
2026-09-12 00:08:03.912018,31.265762262705856,0.2562073981786501,101.789514778216,44.20603466787698,0,0
2026-09-12 00:08:04.912018,34.84113380717594,0.4494882575330402,101.72508618218592,44.73738472501311,0,0
2026-09-12 00:08:05.912018,31.36060290454194,0.3027846032399865,103.3252961173724,39.56575735342031,0,0
2026-09-12 00:08:06.912018,29.267530094128052,0.2358240473571856,101.36067738132778,44.58167083285953,0,0
2026-09-12 00:08:07.912018,32.892261504865075,0.208227239119063,98.3135812188322,50.34411828852325,0,0
2026-09-12 00:08:08.912018,33.568411466773924,0.3871923967272664,99.08129007870376,47.20172909587419,0,0
2026-09-12 00:08:09.912018,26.31717655458902,0.2543052820732651,98.63600895620436,49.09932197795074,0,0
2026-09-12 00:08:10.912018,31.792200209549573,0.3035063039568342,99.92411206733372,52.463577097307,0,0
2026-09-12 00:08:11.912018,32.10351822693269,0.3764642196089984,100.63419686515216,48.47967370967121,0,0
2026-09-12 00:08:12.912018,29.107309489920024,0.2612593318455335,98.66911694755788,44.39085599793708,0,0
2026-09-12 00:08:13.912018,34.127120439934856,0.2963256937007871,103.94132398130458,49.73383166218284,0,0
2026-09-12 00:08:14.912018,29.54983323890242,0.2986745272141984,98.34943725609511,45.50754756613578,0,0
2026-09-12 00:08:15.912018,88.05909869604757,4.751263107555204,137.55738013821025,88.19308345104633,1,1
2026-09-12 00:08:16.912018,29.48078452714839,0.347259546840826,103.37032606287868,56.71388482211502,0,0
2026-09-12 00:08:17.912018,30.0467371427444,0.2823909014996137,102.79660509937808,48.64747347951913,0,0
2026-09-12 00:08:18.912018,26.711174739314394,0.3050919249197214,99.6124667850065,58.85478776673872,0,0
2026-09-12 00:08:19.912018,25.67984735221712,0.2702576790781209,101.6849017583538,57.15817993468985,0,0
2026-09-12 00:08:20.912018,34.783515189674915,0.1817910074464444,98.44525773289875,47.10347345710478,0,0
2026-09-12 00:08:21.912018,27.459115955045014,0.3206080685918503,102.8218140700675,44.44438116792112,0,0
2026-09-12 00:08:22.912018,27.02582295163108,0.4513753408666454,100.85203043692746,49.73722919039904,0,0
2026-09-12 00:08:23.912018,23.53982965918885,0.2293024687447149,100.18135957082664,55.76663881698445,0,0
2026-09-12 00:08:24.912018,28.083114756931494,0.2381576232317837,98.55251030668748,47.54904546885656,0,0
2026-09-12 00:08:25.912018,26.030730619777504,0.2303417782685006,96.04498776274195,54.5404514913107,0,0
2026-09-12 00:08:26.912018,34.92604548040911,0.3579673422978497,98.92291828592847,56.04219994568044,0,0
2026-09-12 00:08:27.912018,33.029451268027906,0.3358788363357152,103.2255963912258,46.12987174818697,0,0
2026-09-12 00:08:28.912018,27.93554896446683,0.2873169846066834,100.1943331430504,46.619744558557066,0,0
2026-09-12 00:08:29.912018,36.75730741603293,0.2265584750688827,100.6613422857699,53.56331016063504,0,0
2026-09-12 00:08:30.912018,32.94529646097478,0.3073901433311939,102.31110871657692,50.75923774820785,0,0
2026-09-12 00:08:31.912018,29.025505849474133,0.1748302298131356,104.61133775623252,46.5696923672816,0,0
2026-09-12 00:08:32.912018,22.50178285537928,0.3114741253485995,103.65000930989127,48.239097759402064,0,0
2026-09-12 00:08:33.912018,36.87282771777223,0.3697219508870347,99.05532999236762,49.64740223636291,0,0
2026-09-12 00:08:34.912018,25.83128259970921,0.1999040690693057,97.11485885712518,42.1757278752227,0,0
2026-09-12 00:08:35.912018,25.063803759129325,0.1773985378536269,105.7192285182002,53.82821553241347,0,0
2026-09-12 00:08:36.912018,33.06771129602892,0.4263550313355887,105.5379832233189,47.60653905530405,0,0
2026-09-12 00:08:37.912018,37.31925721901782,0.2510592288396332,101.37690719285855,36.08141888100951,0,0
2026-09-12 00:08:38.912018,76.33565318618874,2.9195101869477966,129.42674480641227,93.36930510337795,1,1
2026-09-12 00:08:39.912018,31.69172736015708,0.2876801867841734,102.92645306778788,46.29214370553246,0,0
2026-09-12 00:08:40.912018,31.78426302499586,0.2870436146446938,100.78403262797478,58.44411096151338,0,0
2026-09-12 00:08:41.912018,32.560246676340924,0.3350730159597316,100.7740377537868,47.07277489540016,0,0
2026-09-12 00:08:42.912018,32.276785769360295,0.2292800914602847,102.78891768621024,44.51178318210695,0,0
2026-09-12 00:08:43.912018,30.84357427190813,0.3105997714796516,101.6687494937466,52.53966334981008,0,0
2026-09-12 00:08:44.912018,30.31260331185563,0.2694808468140726,98.62837017797013,46.697763159962086,0,0
2026-09-12 00:08:45.912018,29.81222061630143,0.1943605245275974,100.35051612983604,46.10271899373884,0,0
2026-09-12 00:08:46.912018,27.73810623339997,0.3269985659781119,102.32230585732268,52.54750691412203,0,0
2026-09-12 00:08:47.912018,29.15797476939968,0.2789353754497667,102.02050444481004,44.79766346055217,0,0
2026-09-12 00:08:48.912018,24.92112955741384,0.2874380137244233,101.52403314871697,42.71363170900273,0,0
2026-09-12 00:08:49.912018,29.704981119615752,0.2031871245268673,102.86684590895172,58.62999001047169,0,0
2026-09-12 00:08:50.912018,27.03422667854725,0.4273120294210243,100.27656602436548,52.89749368800322,0,0
2026-09-12 00:08:51.912018,26.68923204835269,0.3701371349108893,101.35733955043814,48.678953575028174,0,0
2026-09-12 00:08:52.912018,30.53968245346044,0.3771324707337583,94.2488417996448,49.98261395149032,0,0
2026-09-12 00:08:53.912018,34.1760068590338,0.2755644238046654,100.10069961231436,52.52932179058078,0,0
2026-09-12 00:08:54.912018,32.75494981800694,0.1616653688397263,102.52780581715128,54.8666872480671,0,0
2026-09-12 00:08:55.912018,25.28849818913047,0.4562333905991608,100.21921106576572,46.22012354342494,0,0
2026-09-12 00:08:56.912018,80.80919310599121,2.70553027031016,133.06990139429087,94.80345680473424,1,1
2026-09-12 00:08:57.912018,32.82231356396465,0.2400960163183957,98.91709409645036,47.4664791189488,0,0
2026-09-12 00:08:58.912018,27.052537819385076,0.3333441259586491,103.00673178545829,49.05509377743688,0,0
2026-09-12 00:08:59.912018,29.326100550008928,0.3933696630402638,102.09692654708114,50.80346433732452,0,0
2026-09-12 00:09:00.912018,31.650156297073657,0.2981559555131627,102.65082919564615,49.96660713473664,0,0
2026-09-12 00:09:01.912018,27.094966635409094,0.4022860134351499,97.54757207608422,53.67783449151286,0,0
2026-09-12 00:09:02.912018,30.31612651843788,0.3866399950813495,100.67909991346872,52.43543279557797,0,0
2026-09-12 00:09:03.912018,25.997923515245382,0.2138895050078353,100.43977798449998,42.45915395313911,0,0
2026-09-12 00:09:04.912018,28.19589706814636,0.2460967915472418,100.4388565868029,43.21088396467279,0,0
2026-09-12 00:09:05.912018,30.95934580242761,0.3766029730623814,99.76794491256408,48.15141657620354,0,0
2026-09-12 00:09:06.912018,25.22101879940499,0.0829909948951649,100.30779145643996,59.14312631220913,0,0
2026-09-12 00:09:07.912018,31.3214242138812,0.2880435445468008,102.69928956541332,45.742040837491984,0,0
2026-09-12 00:09:08.912018,29.94108660321996,0.1855335038700262,97.17429729330432,48.95888645193624,0,0
2026-09-12 00:09:09.912018,31.657469863251443,0.261875695885318,104.5545895360609,47.31826986521739,0,0
2026-09-12 00:09:10.912018,30.671742402193985,0.2760943928776637,101.96768225005292,47.2297780795596,0,0
2026-09-12 00:09:11.912018,34.09242128992153,0.2713404497673993,100.91533620867958,50.89119871952528,0,0
2026-09-12 00:09:12.912018,30.375673507943723,0.2558190998309913,102.81366829274586,57.00388638097826,0,0
2026-09-12 00:09:13.912018,28.71178337662424,0.2122285080296948,98.09633050966312,52.27984199940295,0,0
2026-09-12 00:09:14.912018,30.36689250909685,0.4833529013454949,99.67059818969796,45.98234519286454,0,0
2026-09-12 00:09:15.912018,31.629894087109165,0.449396960332908,100.75784913521888,63.76614755401604,0,0
2026-09-12 00:09:16.912018,30.146580210977117,0.2070347343794973,103.73112074086436,50.39286610480563,0,0
2026-09-12 00:09:17.912018,30.121775073611648,0.4265693401042854,100.90700683774688,47.11389521808943,0,0
2026-09-12 00:09:18.912018,27.894024936579733,0.2680427607621717,101.90010934237029,57.06048187338795,0,0
2026-09-12 00:09:19.912018,28.011297247347155,0.3103349978665368,99.82084200812774,47.65464691028091,0,0
2026-09-12 00:09:20.912018,25.79218418460092,0.2949380832082467,101.97368413793498,58.314568274937216,0,0
2026-09-12 00:09:21.912018,35.24873022956082,0.2472201086996827,104.35447918594892,45.64678604516666,0,0
2026-09-12 00:09:22.912018,26.268410293826143,0.3787081874884917,102.99105338334824,57.15015194460685,0,0
2026-09-12 00:09:23.912018,27.92128440661228,0.3100709224461326,100.83708802444424,51.00523832140847,0,0
2026-09-12 00:09:24.912018,27.844778203292407,0.2618758861424606,102.35098169453094,56.45526116351217,0,0
2026-09-12 00:09:25.912018,32.68477313083332,0.1956328444959622,102.15503390921442,59.50882854350772,0,0
2026-09-12 00:09:26.912018,29.11515096512392,0.2285123989024703,102.01317534339456,44.33696354739373,0,0
2026-09-12 00:09:27.912018,33.7432262180212,0.1686895907518322,103.22390672172082,56.37885910379161,0,0
2026-09-12 00:09:28.912018,27.979528127268395,0.3009778838732135,103.20895540767494,42.955480477872975,0,0
2026-09-12 00:09:29.912018,30.83698248667141,0.2042667526172483,100.74568280625024,44.76407822375886,0,0
2026-09-12 00:09:30.912018,27.493958840220728,0.2787551589985166,102.28375812295552,45.98295270103782,0,0
2026-09-12 00:09:31.912018,36.43544738332017,0.4096081482888296,100.2338101576804,52.51818318088931,0,0
2026-09-12 00:09:32.912018,26.43720474291146,0.3959439658337268,99.15385520736884,50.1650793846743,0,0
2026-09-12 00:09:33.912018,30.92946213068108,0.2974178484717906,100.46101248859205,49.16431957918582,0,0
2026-09-12 00:09:34.912018,31.901330642796296,0.2930332219085479,100.84744369652084,50.7311763951118,0,0
2026-09-12 00:09:35.912018,31.241397292354492,0.4503899639536806,97.67683802164402,52.95644794646736,0,0
2026-09-12 00:09:36.912018,29.444137023366878,0.3416604896286969,102.72066511883344,53.34124061970677,0,0
2026-09-12 00:09:37.912018,29.61053790079972,0.2737754832098781,95.4653491547952,55.470834178075656,0,0
2026-09-12 00:09:38.912018,30.131434415937328,0.1859185506303638,106.42963387897264,59.1001740638372,0,0
2026-09-12 00:09:39.912018,29.55899399511453,0.3315098574531794,104.00375826759264,49.89318813779261,0,0
2026-09-12 00:09:40.912018,32.89163735038473,0.3663459018066289,100.47798255165536,47.39455518934542,0,0
2026-09-12 00:09:41.912018,36.63156900477405,0.2494678780389084,101.01885272112754,53.06768064592594,0,0
2026-09-12 00:09:42.912018,28.3275246449765,0.3232962204110426,101.60594374717456,44.2787259186769,0,0
2026-09-12 00:09:43.912018,25.890591061262768,0.2709141364067977,99.82167922402212,46.60647933944195,0,0
2026-09-12 00:09:44.912018,29.73515385494624,0.2852774080640797,101.38523829517388,54.99690473196395,0,0
2026-09-12 00:09:45.912018,37.73912801296296,0.1009742353950134,100.71200004459668,49.37935812591148,0,0
2026-09-12 00:09:46.912018,27.58897629609081,0.2822574877027091,100.81145456553809,43.959037708209806,0,0
2026-09-12 00:09:47.912018,34.917350416332205,0.3775495441926443,101.36292212696128,42.55098467317413,0,0
2026-09-12 00:09:48.912018,35.03310244222932,0.2494877955546753,98.372944403292,50.24358339696904,0,0
2026-09-12 00:09:49.912018,28.339235274876017,0.3042021094572253,101.0791394482673,55.70948268484005,0,0
2026-09-12 00:09:50.912018,31.706949237555826,0.2395239434646463,101.32689549323496,55.642728887655934,0,0
2026-09-12 00:09:51.912018,34.88518986938561,0.3288353341034218,101.25769924271182,50.554402514464186,0,0
2026-09-12 00:09:52.912018,28.862616777037537,0.2826781441971061,100.5683384891277,60.04454709548064,0,0
2026-09-12 00:09:53.912018,29.389258919692917,0.2248606767454394,103.27571555193876,49.47589817029769,0,0
2026-09-12 00:09:54.912018,28.254957258154068,0.4066041174132102,100.2926948902369,49.30716188301295,0,0
2026-09-12 00:09:55.912018,26.9557298079214,0.3743145610825772,101.45465181364638,37.162820451305,0,0
2026-09-12 00:09:56.912018,28.052167364801974,0.251607458885746,103.59459506785107,47.76318525419392,0,0
2026-09-12 00:09:57.912018,26.32817919971323,0.3398230647534221,100.84124771995936,54.26007517454247,0,0
2026-09-12 00:09:58.912018,30.10225040477768,0.3429929602256304,101.4289265349351,57.81980668429852,0,0
2026-09-12 00:09:59.912018,27.69008030682408,0.351384098800894,100.8072307273702,45.84882683166358,0,0
2026-09-12 00:10:00.912018,30.701357735372245,0.1644595283203937,103.4747395871272,52.31126164646524,0,0
2026-09-12 00:10:01.912018,25.33231306138912,0.3805285232826102,100.4845508768274,55.23439516161644,0,0
2026-09-12 00:10:02.912018,30.99264069664337,0.2544240829659415,103.56670915457642,50.056040765979496,0,0
2026-09-12 00:10:03.912018,32.500586884826774,0.2713737653246986,100.79282421070587,38.58359771236385,0,0
2026-09-12 00:10:04.912018,24.018793072285632,0.511030540180816,99.28108055310396,51.23644999787126,0,0
2026-09-12 00:10:05.912018,31.12216970954272,0.3241498704576809,102.35874634114823,53.80715312030446,0,0
2026-09-12 00:10:06.912018,33.68300697741988,0.2690942019642259,100.39066433248868,45.2628855249077,0,0
2026-09-12 00:10:07.912018,26.371076943926383,0.1235764501795275,102.24100179819833,48.72922734562807,0,0
2026-09-12 00:10:08.912018,35.01771716051311,0.4111811307157084,95.54119123015252,44.22251978935618,0,0
2026-09-12 00:10:09.912018,31.25705702809813,0.1923832263353118,101.01041052378989,37.14926225709824,0,0
2026-09-12 00:10:10.912018,27.88496443272477,0.2197248877200397,100.08078940248504,55.13502205893828,0,0
2026-09-12 00:10:11.912018,29.83269276702688,0.273491816072972,98.87348262693745,49.98125733099074,0,0
2026-09-12 00:10:12.912018,31.674980737565168,0.4133129433360234,99.8935179963204,57.98837498352491,0,0
2026-09-12 00:10:13.912018,30.228016174237236,0.3618591989332607,99.8525937114147,54.28661095953089,0,0
2026-09-12 00:10:14.912018,31.616267977339103,0.2873729992127792,100.90402841029884,48.22895119167276,0,0
2026-09-12 00:10:15.912018,27.2379792207619,0.3246633650911056,98.26534707743008,49.58409669947795,0,0
2026-09-12 00:10:16.912018,30.508082472108235,0.2519691445703115,101.63254756051944,52.83088695385087,0,0
2026-09-12 00:10:17.912018,25.75885650928506,0.311172295165228,103.73242957041158,54.83441708377872,0,0
2026-09-12 00:10:18.912018,75.28933016223647,4.488138258878647,122.49486156274172,95.29296481582053,1,1
2026-09-12 00:10:19.912018,27.28827707560563,0.3775015916545082,102.61797721845802,55.52796572644742,0,0
2026-09-12 00:10:20.912018,27.7934101722307,0.3773742497951159,103.1891249092276,48.51665631662764,0,0
2026-09-12 00:10:21.912018,33.70827952563131,0.3395181905764515,103.47297902436836,45.01428226607157,0,0
2026-09-12 00:10:22.912018,33.27393036178281,0.2710121953963118,104.7402773856426,49.67595373219435,0,0
2026-09-12 00:10:23.912018,31.82741436272153,0.3593457835512101,100.00159600344814,51.02592445368092,0,0
2026-09-12 00:10:24.912018,26.723061705982264,0.2926425227037562,99.56303202967776,43.992323026303566,0,0
2026-09-12 00:10:25.912018,29.0507746509156,0.2134468505029493,102.56693129664949,43.31638957926689,0,0
2026-09-12 00:10:26.912018,33.63929309993755,0.2677369766471249,102.4165324393148,52.23693148236714,0,0
2026-09-12 00:10:27.912018,30.425150740919715,0.3067621587027459,102.55135059923138,47.96821574314788,0,0
2026-09-12 00:10:28.912018,36.95798861994509,0.3728172626931796,104.7785649085005,49.17079547168999,0,0
2026-09-12 00:10:29.912018,31.179953518183115,0.2853177462274277,101.022739817597,48.20153667149588,0,0
2026-09-12 00:10:30.912018,30.57614734947009,0.2032641031008314,101.85231311929238,57.603004508816056,0,0
2026-09-12 00:10:31.912018,29.072650607392497,0.3045393346637455,99.03922349703303,56.308805801975,0,0
2026-09-12 00:10:32.912018,30.40062271434685,0.3090764832045242,105.27064224795193,43.81323154980416,0,0
2026-09-12 00:10:33.912018,29.54259049085837,0.3148670103122202,100.32691015758178,47.336033934597765,0,0
2026-09-12 00:10:34.912018,32.124326030065774,0.3735897212763544,100.38356814367836,54.25002133984796,0,0
2026-09-12 00:10:35.912018,32.87010695038375,0.3815138592071919,100.30650021798353,53.00968118551621,0,0
2026-09-12 00:10:36.912018,27.642031618476157,0.2524631302094666,99.71020828271132,49.79271018835107,0,0
2026-09-12 00:10:37.912018,26.006301139326663,0.2507085233560845,99.5411259023047,44.31199897517882,0,0
2026-09-12 00:10:38.912018,24.49138388069011,0.2167841031235621,99.95259143422096,46.587299769232274,0,0
2026-09-12 00:10:39.912018,31.52397398073763,0.3559052536224381,98.26840814389811,47.41616216226855,0,0
2026-09-12 00:10:40.912018,26.68990018147838,0.4159056086670172,99.42936415947352,51.3849716555955,0,0
2026-09-12 00:10:41.912018,23.54132822114255,0.2747934457672861,104.89792622289524,58.51863577348619,0,0
2026-09-12 00:10:42.912018,31.16573581359289,0.2806855548220005,102.47131028728272,46.56559882605936,0,0
2026-09-12 00:10:43.912018,37.47899855229837,0.4173426045519181,102.85180835345544,44.8698237622238,0,0
2026-09-12 00:10:44.912018,29.98178726538032,0.3404446282572006,103.35441757483385,49.45706761586028,0,0
2026-09-12 00:10:45.912018,32.51547232335493,0.3348988563840844,104.6682691287248,55.158694902570296,0,0
2026-09-12 00:10:46.912018,30.24548807564269,0.2047266795221018,97.45715489711232,42.76558516619649,0,0
2026-09-12 00:10:47.912018,29.703331040426573,0.3542982455423535,98.54023376942692,57.26817075437474,0,0
2026-09-12 00:10:48.912018,32.75722944896331,0.2256690927592193,99.39255267821063,49.13984318942165,0,0
2026-09-12 00:10:49.912018,29.129176367434045,0.2092783851252033,100.0605404070208,46.328399988433134,0,0
2026-09-12 00:10:50.912018,30.80217694221571,0.272258273858663,100.3988612188295,41.9990535661892,0,0
2026-09-12 00:10:51.912018,30.96509341858804,0.2531365821241048,100.10604489438792,53.532603867103134,0,0
2026-09-12 00:10:52.912018,27.99572863907085,0.2822720244491968,101.4386178262641,49.14414402379233,0,0
2026-09-12 00:10:53.912018,32.97612704860957,0.1847214692380064,101.07059078149044,50.85352741377253,0,0
2026-09-12 00:10:54.912018,29.475120729913773,0.3767053045174138,99.5543304096435,45.49594129494318,0,0
2026-09-12 00:10:55.912018,27.732764521521467,0.3902149035613143,96.64890244602486,48.40451982874488,0,0
2026-09-12 00:10:56.912018,31.60952953071121,0.1442126020687348,99.0142625892426,47.56709376822632,0,0
2026-09-12 00:10:57.912018,27.304596054626888,0.378276624453324,99.90152269337484,49.49703447310896,0,0
2026-09-12 00:10:58.912018,30.084543472107384,0.2351577096142698,100.50584112638457,46.65223836812095,0,0
2026-09-12 00:10:59.912018,29.97264301006739,0.3685580429586229,98.74066508137892,42.32909519656389,0,0
2026-09-12 00:11:00.912018,33.257686697494734,0.2945242805866867,100.01838706700715,63.64249872648303,0,0
2026-09-12 00:11:01.912018,31.42409469863986,0.3023020451264799,98.73802522302884,43.18297876331243,0,0
2026-09-12 00:11:02.912018,29.924919123764568,0.2851921880463025,100.74836129690334,50.907295034712696,0,0
2026-09-12 00:11:03.912018,32.45329889760086,0.3969703363386789,98.85381734327476,41.13986085787979,0,0
2026-09-12 00:11:04.912018,34.17062264705194,0.2008329589979977,99.30219068725908,40.01476281691012,0,0
2026-09-12 00:11:05.912018,31.673430919055587,0.3486272270988007,98.38263173802171,50.48913245926133,0,0
2026-09-12 00:11:06.912018,30.03105785953014,0.388106413191164,100.69299860886044,50.87183793884152,0,0
2026-09-12 00:11:07.912018,26.06449130294952,0.3573072064432328,99.2671044600952,56.30749495401192,0,0
2026-09-12 00:11:08.912018,26.80465901077388,0.4859759131458734,102.81356853335086,51.99773420507853,0,0
2026-09-12 00:11:09.912018,29.084325886936,0.2576842589820241,101.8117005333858,49.25094640627105,0,0
2026-09-12 00:11:10.912018,28.17146339352215,0.3765843858074825,100.86029626363272,45.25199877967498,0,0
2026-09-12 00:11:11.912018,29.439086091043663,0.2915127491726864,99.40502900531244,57.49506034116774,0,0
2026-09-12 00:11:12.912018,30.16994977469132,0.3986724861082135,101.7610406106326,54.64425623025112,0,0
2026-09-12 00:11:13.912018,31.589078263070192,0.2993848803422904,102.38140177869728,43.76835261125788,0,0
2026-09-12 00:11:14.912018,29.788503665822727,0.2689699374510024,101.28537682440326,50.18981864105318,0,0
2026-09-12 00:11:15.912018,31.459504931478605,0.4044857763097303,104.20740371093386,50.720261157632486,0,0
2026-09-12 00:11:16.912018,30.19342324443036,0.2606750448784856,101.91927463614964,48.27173171697166,0,0
2026-09-12 00:11:17.912018,24.073600300938388,0.1869819392879554,102.82721443513609,53.85925242903397,0,0
2026-09-12 00:11:18.912018,27.181993818543734,0.2586522493460937,101.26713083107197,54.158665691740886,0,0
2026-09-12 00:11:19.912018,29.567737332835154,0.3495226357270826,102.35132890651396,49.04757151097447,0,0
2026-09-12 00:11:20.912018,26.37091577147668,0.4113631001269673,99.40643753466163,48.595653771011705,0,0
2026-09-12 00:11:21.912018,31.799786189988613,0.3088903500237209,100.0832032735744,57.494792313337655,0,0
2026-09-12 00:11:22.912018,34.59225249703109,0.405455765378722,101.69872710696475,54.66419446181119,0,0
2026-09-12 00:11:23.912018,33.65628555509195,0.1913460062817925,101.68419896311477,50.36180194954192,0,0
2026-09-12 00:11:24.912018,29.35967138720937,0.2645389228145677,102.0152236458865,41.85395480459973,0,0
2026-09-12 00:11:25.912018,34.47217841054986,0.2769139906276719,103.20078578455744,51.72000053152518,0,0
2026-09-12 00:11:26.912018,87.42221870756455,2.5076082432355564,132.2693520110417,87.11914906004995,1,1
2026-09-12 00:11:27.912018,28.98874208664588,0.3067275510600157,99.0510949047794,36.22739185800813,0,0
2026-09-12 00:11:28.912018,28.15979200937718,0.3552728765913754,101.45914528214853,51.25934724159013,0,0
2026-09-12 00:11:29.912018,29.09259094053561,0.2644154529463607,99.55127273639307,47.91654006602133,0,0
2026-09-12 00:11:30.912018,28.835469544376316,0.31112229495625,107.75553648257872,48.89572859935224,0,0
2026-09-12 00:11:31.912018,30.511248667126463,0.2963901687740758,102.03143923834028,45.4630952361834,0,0
2026-09-12 00:11:32.912018,30.481721943149594,0.225928807688708,100.84333830213968,49.25905354798179,0,0
2026-09-12 00:11:33.912018,30.009138060460245,0.2909066648734851,99.96906145383228,56.95995788090666,0,0
2026-09-12 00:11:34.912018,31.310814509239048,0.2885072376082305,100.03967543361392,47.76800750592242,0,0
2026-09-12 00:11:35.912018,33.57193882435902,0.2867935547997563,101.06028132263036,54.82786779396592,0,0
2026-09-12 00:11:36.912018,32.84866240632397,0.3025407565265161,101.22396386524252,45.96834390560195,0,0
2026-09-12 00:11:37.912018,25.54530609465029,0.3060538832490709,100.08660171061295,53.79378096328019,0,0
2026-09-12 00:11:38.912018,22.33823659529413,0.2654163856714135,100.4536955069602,50.00827927810976,0,0
2026-09-12 00:11:39.912018,32.80295973371782,0.4018171787177012,103.6885691504692,51.760124143946406,0,0
2026-09-12 00:11:40.912018,25.899363904753734,0.2064415496637586,103.76900992530209,50.03576628048744,0,0
2026-09-12 00:11:41.912018,29.32570379432195,0.2423223913224083,101.50406795986976,53.20812616220604,0,0
2026-09-12 00:11:42.912018,26.489660921821923,0.5223970899378845,98.31748054552652,37.16207441033121,0,0
2026-09-12 00:11:43.912018,24.594058687259945,0.2169606916008616,102.07700631327808,42.90087343271215,0,0
2026-09-12 00:11:44.912018,31.624388184614364,0.1916996260232193,104.10856488322206,52.08540249004322,0,0
2026-09-12 00:11:45.912018,32.27746548090794,0.3587581396000974,103.73956220392476,39.78230823051882,0,0
2026-09-12 00:11:46.912018,28.27046879781984,0.13383041169809,102.46885170561931,47.34709822176396,0,0
2026-09-12 00:11:47.912018,22.22687312356527,0.2811780872022049,103.84484591057164,49.72829579481675,0,0
2026-09-12 00:11:48.912018,28.361266655242552,0.4716659940061191,101.10676854495804,45.85929931193552,0,0
2026-09-12 00:11:49.912018,31.17541201620764,0.1764051262277279,102.2562059396674,46.542192986531134,0,0
2026-09-12 00:11:50.912018,25.563265293677613,0.1414428411409029,99.63844886734964,51.35791100076796,0,0
2026-09-12 00:11:51.912018,30.550079759337468,0.1800655038433841,101.58453091231142,55.04647477889905,0,0
2026-09-12 00:11:52.912018,29.95407045248101,0.3718687654677588,103.65906848794106,45.20775309372596,0,0
2026-09-12 00:11:53.912018,31.737874498803265,0.389982137598865,99.82115317702622,47.12470901906315,0,0
2026-09-12 00:11:54.912018,30.35874110524246,0.2589928962417193,99.27711314107142,46.343695133364776,0,0
2026-09-12 00:11:55.912018,27.08079317735533,0.3546569923200855,101.1949778780474,37.8931012406136,0,0
2026-09-12 00:11:56.912018,82.27718162485576,5.747839638371235,121.75470597506065,89.18640924039603,1,1
2026-09-12 00:11:57.912018,29.52441128091909,0.442987713154386,102.29829544214084,54.67358872914246,0,0
2026-09-12 00:11:58.912018,29.918086381470204,0.2802931775056121,100.09348094810592,55.08321603657941,0,0
2026-09-12 00:11:59.912018,27.20019612278041,0.115882262586401,104.43687923120542,45.64616811779631,0,0
2026-09-12 00:12:00.912018,28.670153246425468,0.234329686207225,98.42064780407787,43.741509757399285,0,0
2026-09-12 00:12:01.912018,27.345591857919292,0.2658556644051794,103.50746957243948,50.10802773795842,0,0
2026-09-12 00:12:02.912018,29.48116182022973,0.2792848962737287,99.4703015433838,54.14636843283233,0,0
2026-09-12 00:12:03.912018,35.13512544042703,0.2849712479193024,97.40803453083196,50.77425224155192,0,0
2026-09-12 00:12:04.912018,25.88429657120593,0.3895115678344535,101.47575031269774,51.4465231793688,0,0
2026-09-12 00:12:05.912018,25.159315806369776,0.4019542741350065,100.49078402797224,55.70915463868117,0,0
2026-09-12 00:12:06.912018,34.41351098248083,0.2862661076860173,98.78078126419392,46.30431720384648,0,0
2026-09-12 00:12:07.912018,29.3720289685444,0.3878787900841455,97.63724621656948,48.90014956663485,0,0
2026-09-12 00:12:08.912018,27.99278178402025,0.3286129093304871,100.98327842545709,58.173027558806005,0,0
2026-09-12 00:12:09.912018,33.11971406218823,0.3051604778290057,102.95167378324764,49.01594438451187,0,0
2026-09-12 00:12:10.912018,28.18315338078941,0.3725235325687971,102.16990698617288,43.663315170167145,0,0
2026-09-12 00:12:11.912018,96.673650359197,4.285105730811392,132.14119804782155,95.1743960454329,1,1
2026-09-12 00:12:12.912018,32.03377761401781,0.4646248941678209,101.95769514643548,45.30910074389379,0,0
2026-09-12 00:12:13.912018,28.53626577556289,0.1849271066564352,100.94557173524429,51.78581292850635,0,0
2026-09-12 00:12:14.912018,36.47192463979651,0.2587863280726385,98.14055151393926,45.520264982056105,0,0
2026-09-12 00:12:15.912018,28.182855230989983,0.2898784882436839,98.15821202955313,51.35517126430622,0,0
2026-09-12 00:12:16.912018,32.22628611602792,0.3351562152366392,100.59366294203063,46.31967390729675,0,0
2026-09-12 00:12:17.912018,30.897877741219475,0.4014368389682471,100.67869342726785,39.38310730800886,0,0
2026-09-12 00:12:18.912018,33.905223868196394,0.2980481146211075,102.70196535701352,51.53309893490961,0,0
2026-09-12 00:12:19.912018,34.68453359018056,0.1862216280395034,102.51460844754948,50.742318407734444,0,0
2026-09-12 00:12:20.912018,30.0960124471973,0.3674011117164003,102.2102660315179,52.5887890785442,0,0
2026-09-12 00:12:21.912018,27.73974638896145,0.3603967012913571,100.43943457384565,46.63506390417372,0,0
2026-09-12 00:12:22.912018,31.37991642881735,0.1446513072496475,98.23869565977972,46.10227762320312,0,0
2026-09-12 00:12:23.912018,27.96685389074368,0.299695669306336,101.82414227413204,52.00733429240773,0,0
2026-09-12 00:12:24.912018,36.04016174257987,0.1727886535455761,102.05033862652434,57.5950978626549,0,0
2026-09-12 00:12:25.912018,30.409605993248213,0.246827912199835,96.22293707504464,50.05584004753164,0,0
2026-09-12 00:12:26.912018,28.904035346063672,0.227775285842976,99.33132362683467,52.12292548023572,0,0
2026-09-12 00:12:27.912018,30.55404091759473,0.3647411758593588,99.6178912452122,48.392061577871466,0,0
2026-09-12 00:12:28.912018,25.95862113141091,0.3093464139337747,101.23670040224688,42.281847390631576,0,0
2026-09-12 00:12:29.912018,27.08515788446805,0.1971527199395177,99.3932791344686,54.83714709577029,0,0
2026-09-12 00:12:30.912018,33.60124172383328,0.3704052770365874,100.92373086235072,54.54207119543081,0,0
2026-09-12 00:12:31.912018,28.02931716308581,0.1852955340857268,100.578930119294,53.55387012587597,0,0
2026-09-12 00:12:32.912018,26.85926705195418,0.3264091032376754,100.68170105692454,49.09027280828791,0,0
2026-09-12 00:12:33.912018,31.60995825758186,0.2348791464566755,99.56721141259852,52.9852804986927,0,0
2026-09-12 00:12:34.912018,33.55711246398899,0.2707458333975584,99.72202989186664,54.46880898693915,0,0
2026-09-12 00:12:35.912018,32.1568599319952,0.3403416598430707,98.8394658804386,58.10079342478353,0,0
2026-09-12 00:12:36.912018,32.988143057417446,0.3417159519247623,101.76013488114766,54.94263052323721,0,0
2026-09-12 00:12:37.912018,27.729614734291616,0.4069575258844768,102.14220525718274,50.3191061251682,0,0
2026-09-12 00:12:38.912018,25.73456799977447,0.2934197040262837,99.45876409974932,43.458733722878144,0,0
2026-09-12 00:12:39.912018,76.8354706021157,4.072117386547171,132.70038140143748,83.81188541145276,1,1
2026-09-12 00:12:40.912018,29.031960483473597,0.264981014207654,100.3707971051159,51.28288697924654,0,0
2026-09-12 00:12:41.912018,29.24750095063486,0.3145591906098238,104.06037124759312,53.54514887659152,0,0
2026-09-12 00:12:42.912018,33.984582425547174,0.3351588838406809,99.7157456523368,56.76945929661713,0,0
2026-09-12 00:12:43.912018,31.66869002820198,0.2921352122036499,96.94684444680112,49.524247439716106,0,0
2026-09-12 00:12:44.912018,31.367663316244823,0.1556999612726002,101.8043956498247,60.50493594906556,0,0
2026-09-12 00:12:45.912018,36.49500703470325,0.3265176717064716,101.49709021023796,41.20356489979712,0,0
2026-09-12 00:12:46.912018,28.06944530885957,0.3291649181884366,101.06878759061516,52.096709362308125,0,0
2026-09-12 00:12:47.912018,32.783520384243715,0.2455861218921639,99.71553504311204,46.00739803907986,0,0
2026-09-12 00:12:48.912018,30.17103937469125,0.1972490371141988,100.93085554902837,40.46389000155598,0,0
2026-09-12 00:12:49.912018,30.80577683658977,0.4180703320403172,99.97748108426094,48.99112811850421,0,0
2026-09-12 00:12:50.912018,34.58540527923759,0.3393156408715521,100.3953008673365,42.71413650789522,0,0
2026-09-12 00:12:51.912018,31.523507268868872,0.2816735175262632,102.68326451153015,49.19286050983592,0,0
2026-09-12 00:12:52.912018,31.6148882371489,0.209037369348201,101.36843445906018,50.17384624047229,0,0
2026-09-12 00:12:53.912018,76.32629414779201,2.7100791039361294,135.6834137363358,97.1899450193096,1,1
2026-09-12 00:12:54.912018,28.905141811371344,0.4042072317428985,100.53626298674844,42.46207432618032,0,0
2026-09-12 00:12:55.912018,27.482370997982983,0.3110129552694436,100.31596530839045,54.54222582822887,0,0
2026-09-12 00:12:56.912018,26.8655724179369,0.2559530346399434,98.69303493822272,50.49040225139897,0,0
2026-09-12 00:12:57.912018,24.100930231871995,0.3407751384979725,100.2599267748636,55.14424576804797,0,0
2026-09-12 00:12:58.912018,36.16862138982097,0.234848145004294,94.35777088882172,47.84124412484436,0,0
2026-09-12 00:12:59.912018,26.69037490283495,0.4200674424224302,99.81955606738872,43.33877706618277,0,0
2026-09-12 00:13:00.912018,29.336239129242685,0.408224042791738,100.83625164561832,43.91250336892067,0,0
2026-09-12 00:13:01.912018,29.16956010033324,0.2626740743037778,102.12734730854032,43.54096273166442,0,0
2026-09-12 00:13:02.912018,30.922220093427303,0.2497063802375311,100.46264424495008,52.38907076460328,0,0
2026-09-12 00:13:03.912018,32.44721163761789,0.0905493441046176,101.69534708449,57.3846101110735,0,0
2026-09-12 00:13:04.912018,32.58142046507923,0.1814735382758905,96.6404226772195,47.1752423667239,0,0
2026-09-12 00:13:05.912018,28.250767684293184,0.1928424180033794,100.8863262955861,53.14567649128892,0,0
2026-09-12 00:13:06.912018,29.498634858640767,0.3108152272789908,97.6409944141732,42.3827897093219,0,0
2026-09-12 00:13:07.912018,75.00860919961353,2.7088904946085277,128.65120601038686,99.16368311951138,1,1
2026-09-12 00:13:08.912018,29.25392662144936,0.1923731610067806,100.62566890427227,53.342813081685634,0,0
2026-09-12 00:13:09.912018,34.82203672805998,0.2775068766028354,103.55252797574713,42.75937612361566,0,0
2026-09-12 00:13:10.912018,31.472924854914755,0.3404269718117879,101.74241352694013,48.980582655100726,0,0
2026-09-12 00:13:11.912018,32.20463335814945,0.3422271479932469,101.03646199427423,53.57958570242783,0,0
2026-09-12 00:13:12.912018,31.98864380600224,0.1480263775312895,100.9609392210658,35.331146763852615,0,0
2026-09-12 00:13:13.912018,33.52042157245597,0.2897389215612935,99.57274221359108,56.67726530850872,0,0
2026-09-12 00:13:14.912018,30.54306467611112,0.1893327378422711,99.91203317325464,51.76839687945524,0,0
2026-09-12 00:13:15.912018,26.10950415613246,0.3721382957712219,101.8547520909416,53.58363823858672,0,0
2026-09-12 00:13:16.912018,31.19906385525793,0.3627317133082798,98.229278963111,47.936403604026175,0,0
2026-09-12 00:13:17.912018,28.045929318624516,0.2281578218940433,102.18610810056605,41.38638759217322,0,0
2026-09-12 00:13:18.912018,28.41414995475073,0.238716383807968,100.2229858657623,52.67031478158476,0,0
2026-09-12 00:13:19.912018,31.75909205626528,0.2630986359601354,102.65111414973912,49.58704837291744,0,0
2026-09-12 00:13:20.912018,33.714849214300905,0.1197765284214928,102.92218691446416,50.1605772771616,0,0
2026-09-12 00:13:21.912018,30.063814730208183,0.3268774538752461,97.65383197498852,55.43803492599477,0,0
2026-09-12 00:13:22.912018,30.92649903779689,0.2781724362927895,99.83683847354555,53.81031936931299,0,0
2026-09-12 00:13:23.912018,35.10664483390571,0.3776140066054287,99.28894462411876,59.60618708544806,0,0
2026-09-12 00:13:24.912018,30.722259538465703,0.2121272625629957,97.37454406985373,50.76927114436749,0,0
2026-09-12 00:13:25.912018,37.80504934254118,0.2504701641400054,98.93493344758116,46.543937811044415,0,0
2026-09-12 00:13:26.912018,31.696528936894637,0.1794779793568707,105.88251169053068,49.05791576545637,0,0
2026-09-12 00:13:27.912018,24.71771172253255,0.2196567549204597,102.21901979242487,52.07831686269303,0,0
2026-09-12 00:13:28.912018,32.2600248633136,0.2054414403145424,104.83457593721153,55.07928259496489,0,0
2026-09-12 00:13:29.912018,31.14347515464833,0.3796778943077156,102.65819688003668,42.6648302428064,0,0
2026-09-12 00:13:30.912018,33.86925826224824,0.2441390520998886,99.51631367798304,50.042688075895846,0,0
2026-09-12 00:13:31.912018,32.019544053809874,0.3099340547795691,100.23645760665192,58.047708285191845,0,0
2026-09-12 00:13:32.912018,75.69355566931597,5.006116322294647,124.4298970465768,94.02785532572145,1,1
2026-09-12 00:13:33.912018,26.327105291131904,0.1984427787189749,101.87501240694608,54.65505927434552,0,0
2026-09-12 00:13:34.912018,29.372930228141925,0.2865359661462686,99.84531596858334,52.46558763608002,0,0
2026-09-12 00:13:35.912018,27.4484386373721,0.3479282665490875,97.9800136588416,54.7793030326249,0,0
2026-09-12 00:13:36.912018,28.258429650585832,0.2033792485965318,107.57552237477748,45.95119729200034,0,0
2026-09-12 00:13:37.912018,31.765735213261827,0.3647290232585103,100.7177006553144,45.972991649672096,0,0
2026-09-12 00:13:38.912018,35.00971351305422,0.2320223262817842,100.34852221363477,50.10135946061144,0,0
2026-09-12 00:13:39.912018,31.184014589468944,0.2613612859141727,101.2266689278106,42.33889106379844,0,0
2026-09-12 00:13:40.912018,26.41235081389445,0.3424546498408038,100.51454282137794,48.65129696694172,0,0
2026-09-12 00:13:41.912018,31.333808004660423,0.2469251074224409,101.24545781541096,51.26438328757833,0,0
2026-09-12 00:13:42.912018,33.58989445993696,0.3030059887468692,103.57389457223285,58.92317803474886,0,0
2026-09-12 00:13:43.912018,28.170651287041853,0.2748247336969526,100.75090304062716,52.01359094634911,0,0
2026-09-12 00:13:44.912018,29.597948499981246,0.3103494405363055,98.67457912134448,53.12614235436551,0,0
2026-09-12 00:13:45.912018,30.04406458418759,0.1095408715581202,100.67671241104276,55.822379235250025,0,0
2026-09-12 00:13:46.912018,27.64530506075328,0.1536254547833533,100.07119643718018,45.17671205552472,0,0
2026-09-12 00:13:47.912018,31.94484130153158,0.349277360483747,103.84779787449372,49.17458668814507,0,0
2026-09-12 00:13:48.912018,29.63715555417665,0.382974512451924,103.34223812947512,62.12706295901946,0,0
2026-09-12 00:13:49.912018,31.258597331721084,0.2271610637174783,101.2150500008616,49.60438888807746,0,0
2026-09-12 00:13:50.912018,27.3375234665937,0.2804777318263092,98.44252829036148,55.58215374391104,0,0
2026-09-12 00:13:51.912018,28.68762509902977,0.3235775402321841,98.54821547312012,54.81868938586554,0,0
2026-09-12 00:13:52.912018,32.167144073483314,0.3554574081326963,101.03024652316913,42.60943142806156,0,0
2026-09-12 00:13:53.912018,28.881500543724695,0.1377858182663321,101.67264593864256,51.55239638502967,0,0
2026-09-12 00:13:54.912018,35.180891553700214,0.2291167802417298,100.25075436134787,50.73373736102613,0,0
2026-09-12 00:13:55.912018,76.03578115321092,3.684141946009049,123.01470966961568,92.6703591390765,1,1
2026-09-12 00:13:56.912018,95.15441700184564,3.009353116001686,129.61987278841906,94.91942676160872,1,1
2026-09-12 00:13:57.912018,32.79777249561927,0.4998744386977196,100.95321207951211,44.4154024404392,0,0
2026-09-12 00:13:58.912018,25.744902801200904,0.2817595418552225,96.23447529585388,47.61994999989575,0,0
2026-09-12 00:13:59.912018,24.717573564057677,0.1874418030316809,98.79734674246058,49.51102501457898,0,0
2026-09-12 00:14:00.912018,25.42303105628972,0.3321814461761038,99.7458983091053,55.92492223800158,0,0
2026-09-12 00:14:01.912018,33.78775231028155,0.4056796631632567,103.41500638990384,59.08655409862804,0,0
2026-09-12 00:14:02.912018,28.34442556232266,0.30864112967836,99.37237271614214,56.98298923111589,0,0
2026-09-12 00:14:03.912018,37.67459785700476,0.2274681163876565,101.3609362836624,54.30092605390922,0,0
2026-09-12 00:14:04.912018,28.307257204027835,0.3766395153184015,101.453085501862,44.97829868850205,0,0
2026-09-12 00:14:05.912018,30.553653909591112,0.3530836494798748,103.59583301132152,47.955519125052525,0,0
2026-09-12 00:14:06.912018,34.626329857703624,0.21791353246435,103.5251548139283,51.04963026206499,0,0
2026-09-12 00:14:07.912018,36.01827866447737,0.3305140494027473,100.88499406241016,46.83780480961912,0,0
2026-09-12 00:14:08.912018,36.18451072990919,0.3797812454127098,100.04903051762112,52.88602826263976,0,0
2026-09-12 00:14:09.912018,33.62509869177943,0.3945512034047115,99.67233379434862,53.60243054127144,0,0
2026-09-12 00:14:10.912018,33.072187577434384,0.2946840819752435,100.51787355506843,52.681450312827344,0,0
2026-09-12 00:14:11.912018,75.87194581785437,2.6368585236978515,138.9859857381387,99.29747891359013,1,1
2026-09-12 00:14:12.912018,32.33508322849991,0.398181905766501,102.10725481871648,45.47704393143463,0,0
2026-09-12 00:14:13.912018,28.3464428510144,0.2031871597615291,101.8406196349704,54.66414352046099,0,0
2026-09-12 00:14:14.912018,27.54540334973308,0.3350863432736804,102.18360238229003,46.52177274939902,0,0
2026-09-12 00:14:15.912018,29.989876627767146,0.1903978698108456,103.51856742287234,45.29532023678557,0,0
2026-09-12 00:14:16.912018,29.48944613242521,0.3852301017807682,104.72573824280036,52.66058067093191,0,0
2026-09-12 00:14:17.912018,28.640315852018176,0.2793563587511071,101.24932678681512,56.0793678109949,0,0
2026-09-12 00:14:18.912018,32.089162342370145,0.4014866588517975,103.19892754279132,52.44006743188005,0,0
2026-09-12 00:14:19.912018,32.86591562571153,0.3393130205084421,100.29667963233156,50.10402011886272,0,0
2026-09-12 00:14:20.912018,30.265220658875545,0.2021423815950456,103.37001396716605,51.55076913050753,0,0
2026-09-12 00:14:21.912018,34.432590243165784,0.4139702185661794,103.12301831435168,50.6821345903364,0,0
2026-09-12 00:14:22.912018,26.574932657599483,0.4240996213142183,103.016831939886,44.37024551932303,0,0
2026-09-12 00:14:23.912018,29.419021622160844,0.3705829194079372,101.18813968238304,43.786899275275424,0,0
2026-09-12 00:14:24.912018,27.849533038191584,0.2390729707971023,99.66328367201822,49.60587060263273,0,0
2026-09-12 00:14:25.912018,24.400390148780826,0.2755188836514073,98.21094312426904,50.39928417884652,0,0
2026-09-12 00:14:26.912018,29.7519579424719,0.3116341773924607,100.9199255849578,50.05666189183867,0,0
2026-09-12 00:14:27.912018,29.63475747485015,0.2437031680534853,104.06602508449836,53.38050806824957,0,0
2026-09-12 00:14:28.912018,34.540349229726395,0.4353877257970563,100.38031019727184,48.9226164191783,0,0
2026-09-12 00:14:29.912018,31.89243505366433,0.3115461177380829,102.57025317092013,52.81489590952428,0,0
2026-09-12 00:14:30.912018,26.927439527012385,0.0837321562314114,102.68790280103786,49.27706616336776,0,0
2026-09-12 00:14:31.912018,35.562277699002564,0.3271484650204976,100.43262755814564,59.11679481018233,0,0
2026-09-12 00:14:32.912018,33.663101086576056,0.2721474082546149,103.63268967503905,50.40356863363223,0,0
2026-09-12 00:14:33.912018,31.746293110405848,0.2940058755105241,95.182678511039,61.70361305762839,0,0
2026-09-12 00:14:34.912018,29.320547703450504,0.270510450737144,98.55449944252364,51.76005795545432,0,0
2026-09-12 00:14:35.912018,27.12168228982956,0.364563713328535,99.16873540728308,48.93161414705892,0,0
2026-09-12 00:14:36.912018,28.88337967178684,0.3895750222842705,99.36056995426522,45.50276011870163,0,0
2026-09-12 00:14:37.912018,33.26624585911256,0.3226442529806922,101.6725259023718,42.785557129711535,0,0
2026-09-12 00:14:38.912018,35.65375891780383,0.2728551050289473,101.5800756061078,45.04278857801921,0,0
2026-09-12 00:14:39.912018,34.62973058481657,0.2966930236152664,101.78798114435,45.60196845418005,0,0
2026-09-12 00:14:40.912018,28.533451734641176,0.3015679693262103,102.19216298826495,51.97410010206088,0,0
2026-09-12 00:14:41.912018,26.641147700132965,0.235805596810813,99.0997908617087,47.36917314469906,0,0
2026-09-12 00:14:42.912018,30.422658740733613,0.3463142918856988,98.56364786638537,50.93463526277249,0,0
2026-09-12 00:14:43.912018,24.694681903311444,0.3368033859088373,101.79263936401571,56.40989181188343,0,0
2026-09-12 00:14:44.912018,30.969503142554345,0.4232352991821339,99.73953585270712,49.56095824182573,0,0
2026-09-12 00:14:45.912018,29.557192241103994,0.400427982423078,97.85904990926406,60.39578349233402,0,0
2026-09-12 00:14:46.912018,28.601890494395278,0.2451460065927895,102.94268856908296,44.12094509830401,0,0
2026-09-12 00:14:47.912018,25.215890798199613,0.3656238699607171,103.7902038130046,49.24708225812536,0,0
2026-09-12 00:14:48.912018,31.54080031970915,0.2239237293524422,104.11432177939732,47.30343538194511,0,0
2026-09-12 00:14:49.912018,28.401897481014267,0.355674568075268,101.37401544294944,54.68253303028504,0,0
2026-09-12 00:14:50.912018,26.490249492869136,0.2586708640991914,102.2518641919458,38.8010418481694,0,0
2026-09-12 00:14:51.912018,21.38321336015505,0.2181397421299532,103.73973644672382,42.784423554110944,0,0
2026-09-12 00:14:52.912018,29.91745528484809,0.3224036274157923,99.71716841995313,49.46326588774519,0,0
2026-09-12 00:14:53.912018,35.316754790009234,0.0860346297476687,103.22135536810818,57.756888605047465,0,0
2026-09-12 00:14:54.912018,34.983777643643606,0.1599219540475817,101.55079246828642,51.129209170186535,0,0
2026-09-12 00:14:55.912018,28.628711230241183,0.2858006492980573,102.82742330468518,43.24226272867883,0,0
2026-09-12 00:14:56.912018,28.19336381891466,0.3065953413307873,101.37218604175187,44.01416703654885,0,0
2026-09-12 00:14:57.912018,31.40632276822507,0.2704544983873448,103.592513419496,58.36494851422477,0,0
2026-09-12 00:14:58.912018,27.004843682435126,0.1736450961025921,101.44704752508308,46.8943260060188,0,0
2026-09-12 00:14:59.912018,30.9053756994584,0.2345686526289195,98.03204188106515,45.28518313775118,0,0
2026-09-12 00:15:00.912018,32.29824083515407,0.3312967461789915,103.90385326462945,57.3868628031543,0,0
2026-09-12 00:15:01.912018,33.68079967165292,0.346542541650269,99.10493851805576,55.05548502793496,0,0
2026-09-12 00:15:02.912018,29.69953777056014,0.2987021505923247,103.50611642048784,56.37029821633398,0,0
2026-09-12 00:15:03.912018,29.388978749469103,0.3925467024829591,100.81951423711936,45.24979059867092,0,0
2026-09-12 00:15:04.912018,27.366052239730315,0.3317917618767387,103.3520219703954,42.3744717949282,0,0
2026-09-12 00:15:05.912018,27.51935893788042,0.240203547683343,103.26953722973352,50.665832446813525,0,0
2026-09-12 00:15:06.912018,29.32056332429542,0.2775598357270706,101.86028594863076,51.67563066536832,0,0
2026-09-12 00:15:07.912018,31.102096520448534,0.1877707074233716,102.01707063525426,51.82300901852416,0,0
2026-09-12 00:15:08.912018,32.74075387869975,0.2913488807686866,101.84525723438512,57.39091967819501,0,0
2026-09-12 00:15:09.912018,27.590463147958964,0.3889680495377071,96.97235048743784,41.33116454995876,0,0
2026-09-12 00:15:10.912018,34.47806570687857,0.3548232067768774,101.2366604377964,54.29847525648883,0,0
2026-09-12 00:15:11.912018,29.186629196872293,0.4121607460735297,98.7678716478562,44.51687477926341,0,0
2026-09-12 00:15:12.912018,29.935898116954693,0.2757691804960805,101.34237428749132,54.27867660430421,0,0
2026-09-12 00:15:13.912018,27.75836496255653,0.4076879835611406,98.71411490723357,47.62521647739311,0,0
2026-09-12 00:15:14.912018,22.727279219181177,0.2845356618841624,98.63009611754784,45.93014102054744,0,0
2026-09-12 00:15:15.912018,32.65213618908315,0.4177268066055915,104.2098690035078,46.95048646525399,0,0
2026-09-12 00:15:16.912018,32.210531691277296,0.2982514602046301,103.13889477624838,42.77194899611719,0,0
2026-09-12 00:15:17.912018,29.15601732864536,0.3565785099043421,100.99171483011168,50.20214469916733,0,0
2026-09-12 00:15:18.912018,30.200972151674616,0.4180089891447884,101.36953730049804,46.13663304669772,0,0
2026-09-12 00:15:19.912018,31.547817653112297,0.2845257897135035,100.50416794851398,53.931491154501394,0,0
2026-09-12 00:15:20.912018,25.31236242934037,0.3174711190035339,102.13975275195904,53.20028040516458,0,0
2026-09-12 00:15:21.912018,28.412841967961118,0.4031090740165042,99.6478912669024,58.44078526451396,0,0
2026-09-12 00:15:22.912018,32.382794038865484,0.2893597468855949,102.98748052573592,51.83163741770539,0,0
2026-09-12 00:15:23.912018,26.23713173049225,0.1943286173995071,100.49382631797178,52.60338883540037,0,0
2026-09-12 00:15:24.912018,30.880673796499888,0.4714405643667927,100.16030600833754,57.00049905913907,0,0
2026-09-12 00:15:25.912018,25.930254586129784,0.262418842853029,101.04342603696968,46.86168651986652,0,0
2026-09-12 00:15:26.912018,31.39928994730058,0.3127004840750034,99.81770634014876,42.55870893588484,0,0
2026-09-12 00:15:27.912018,29.89307555310755,0.3924805335560901,101.65736469899296,51.00047029564197,0,0
2026-09-12 00:15:28.912018,25.154604552283477,0.2513204877015038,99.9252748213732,42.88683265392798,0,0
2026-09-12 00:15:29.912018,33.49421806337151,0.2193705669422295,101.93704720563768,62.26969336462695,0,0
2026-09-12 00:15:30.912018,27.79622526960585,0.3202989837419866,103.43201307782296,57.27749146039472,0,0
2026-09-12 00:15:31.912018,27.56924268895685,0.1565538881670088,99.56135662638366,60.819881666507904,0,0
2026-09-12 00:15:32.912018,30.60170759169283,0.2769675138505664,100.73884908540964,50.31223488331565,0,0
2026-09-12 00:15:33.912018,33.44591204828615,0.3196030931452324,101.92266142607085,52.75286796850799,0,0
2026-09-12 00:15:34.912018,26.952534543064807,0.2784038482539868,100.12828529003718,47.70262284023678,0,0
2026-09-12 00:15:35.912018,30.18503954954392,0.1765239245451402,101.92864112165331,54.41462402793376,0,0
2026-09-12 00:15:36.912018,31.28644950099172,0.4275342364963209,102.11079772130348,43.92228393974472,0,0
2026-09-12 00:15:37.912018,32.07931682178943,0.308283052315934,103.1665235525886,37.28453405262611,0,0
2026-09-12 00:15:38.912018,30.52932466583168,0.4144921694209392,99.78801990783018,46.046446902557165,0,0
2026-09-12 00:15:39.912018,28.89891648275003,0.2791970999855644,99.11444951953904,42.72263262191342,0,0
2026-09-12 00:15:40.912018,27.51722933805384,0.2295990414647388,100.3848452208725,57.38963368079768,0,0
2026-09-12 00:15:41.912018,30.258431649139123,0.3215344736204127,99.0644953209058,59.07838727540158,0,0
2026-09-12 00:15:42.912018,26.78358296404318,0.2827370298937424,102.128996408095,42.98535463793445,0,0
2026-09-12 00:15:43.912018,21.235948549516177,0.2057790833606913,98.67649739964718,56.4585780376062,0,0
2026-09-12 00:15:44.912018,31.309679412473,0.4175827407029996,105.66603283650538,54.75692491750385,0,0
2026-09-12 00:15:45.912018,32.711804523258586,0.2502183821684803,103.5918557231475,42.15111657640562,0,0
2026-09-12 00:15:46.912018,22.911202693374484,0.1527786892163545,101.02515153920064,48.04866234534191,0,0
2026-09-12 00:15:47.912018,26.970807885870187,0.4062532843165866,102.73478898599596,47.0991813893774,0,0
2026-09-12 00:15:48.912018,31.857462783015592,0.2596561587349901,97.72639627137842,53.739976993136,0,0
2026-09-12 00:15:49.912018,36.1724864091351,0.25137408859075,106.04674666279912,43.85610324547493,0,0
2026-09-12 00:15:50.912018,30.062381123026224,0.158768993037602,99.81957077559902,49.505636871702585,0,0
2026-09-12 00:15:51.912018,27.8159911763126,0.4392753189277593,100.75900517220128,46.57032748025191,0,0
2026-09-12 00:15:52.912018,29.45131067668548,0.1968415530232249,97.28813342562312,52.36670591692572,0,0
2026-09-12 00:15:53.912018,34.12462925744455,0.3046759584564519,101.9725746094818,48.91603984156036,0,0
2026-09-12 00:15:54.912018,28.062107462626397,0.3730096258032352,98.78731168584578,47.32377148029802,0,0
2026-09-12 00:15:55.912018,27.60242398004924,0.3337373546402477,101.20331152313206,48.93351712183961,0,0
2026-09-12 00:15:56.912018,28.551769433453902,0.2952276550406246,99.91145113415092,60.18021416420056,0,0
2026-09-12 00:15:57.912018,27.14001417522386,0.1638667313370067,98.84451213013932,47.915501819403055,0,0
2026-09-12 00:15:58.912018,30.368010947984388,0.2352220131386173,99.39127699647476,44.79497390858106,0,0
2026-09-12 00:15:59.912018,80.3712127380067,5.7726077066753,124.10508685261884,98.62590454768969,1,1
2026-09-12 00:16:00.912018,30.969237819348088,0.2370260744010403,98.43701805426235,49.28237665288522,0,0
2026-09-12 00:16:01.912018,29.242939493621137,0.3162687567999014,99.50237665795284,42.92383034566764,0,0
2026-09-12 00:16:02.912018,29.12456619325337,0.3545394727052113,102.32654676252896,61.15748167601233,0,0
2026-09-12 00:16:03.912018,25.31042757391003,0.3770002308640081,106.20495974974862,48.23760527206676,0,0
2026-09-12 00:16:04.912018,32.64932933144148,0.2019056513749853,101.955177639106,48.110652730193245,0,0
2026-09-12 00:16:05.912018,29.766488408961592,0.4757316843983163,99.16547671564544,50.79917675954049,0,0
2026-09-12 00:16:06.912018,29.45856025922812,0.3613983475643304,100.26577165985536,58.6505838460442,0,0
2026-09-12 00:16:07.912018,39.57932270353459,0.2998628677064748,101.06317801230516,41.60127336740502,0,0
2026-09-12 00:16:08.912018,30.89625872509706,0.3871629266461312,100.30115009872858,51.3799292471027,0,0
2026-09-12 00:16:09.912018,27.744626849714447,0.4892326217599979,102.80611633347388,60.43636080896814,0,0
2026-09-12 00:16:10.912018,28.72092721138337,0.1849023919154504,101.43494696602843,50.64364340369824,0,0
2026-09-12 00:16:11.912018,33.445337127590264,0.2819789886006917,102.81570476981976,43.82333010348261,0,0
2026-09-12 00:16:12.912018,30.339811231613293,0.1097254672101337,100.37111241940474,46.908015735196734,0,0
2026-09-12 00:16:13.912018,25.685166065047905,0.315412122611842,103.65100043944253,51.03441264878396,0,0
2026-09-12 00:16:14.912018,32.75768680372561,0.3292315393540112,100.66702883143692,56.65401957819931,0,0
2026-09-12 00:16:15.912018,27.995567743383017,0.2968670307645792,99.057620261724,48.303320777919694,0,0
2026-09-12 00:16:16.912018,35.61989332865264,0.2476373143201352,105.35464076208444,54.13325898716216,0,0
2026-09-12 00:16:17.912018,33.24014419714395,0.1360388387049339,97.35004450607777,42.82315586476555,0,0
2026-09-12 00:16:18.912018,97.5372382460674,2.9023327786578315,127.39104841345642,87.286455143952,1,1
2026-09-12 00:16:19.912018,33.84304908520534,0.416434758713226,99.74594429633922,47.58599655657525,0,0
2026-09-12 00:16:20.912018,30.20356653158221,0.2527185235413254,106.01661254611312,57.19014360936631,0,0
2026-09-12 00:16:21.912018,32.55832102536666,0.3352047943218516,104.61371776829304,50.34437319756885,0,0
2026-09-12 00:16:22.912018,31.454198451883425,0.1745484549263959,103.9878562872844,51.4490559778331,0,0
2026-09-12 00:16:23.912018,27.46093003502738,0.3365770450954011,100.33868267524734,51.39039797786764,0,0
2026-09-12 00:16:24.912018,28.06935050304761,0.2685294161804274,105.85235600768355,55.54603991293365,0,0
2026-09-12 00:16:25.912018,33.08988245274348,0.2390065639517668,101.73670400768194,46.94889653731073,0,0
2026-09-12 00:16:26.912018,28.995674003680374,0.2391709087027095,102.95452674060624,53.44142554244116,0,0
2026-09-12 00:16:27.912018,28.78905461027401,0.2685110734373592,101.3593907622124,45.84558668072435,0,0
2026-09-12 00:16:28.912018,27.134632261951943,0.3305946652554028,100.9010668573535,59.9163632796038,0,0
2026-09-12 00:16:29.912018,31.270797196780386,0.1950269439043585,100.49644265214724,45.99804447851655,0,0
2026-09-12 00:16:30.912018,36.18757475772944,0.2682307734745717,100.58072001316168,45.588053484606895,0,0
2026-09-12 00:16:31.912018,26.797401257237183,0.2966822577600682,102.21698329735617,52.748349067440245,0,0
2026-09-12 00:16:32.912018,30.072658370018274,0.2120768620374512,101.73439959755078,50.39894215716162,0,0
2026-09-12 00:16:33.912018,34.23666166624629,0.4437332161340013,100.93705725959263,51.63426203130467,0,0
2026-09-12 00:16:34.912018,29.761075826262854,0.2317203615950926,104.0190479853977,51.13656897746159,0,0
2026-09-12 00:16:35.912018,31.3571153887492,0.2464450469093207,95.06649386251854,44.548039005962806,0,0
2026-09-12 00:16:36.912018,26.81281941555936,0.2217353640142001,102.01977449584238,58.06679464539742,0,0
2026-09-12 00:16:37.912018,31.284921291622947,0.4438784069710494,102.43547741331795,54.467711029445546,0,0
2026-09-12 00:16:38.912018,29.438567204986352,0.3442324182879585,103.29392573651036,56.79474975633558,0,0
2026-09-12 00:16:39.912018,93.40171730057456,3.467405797176802,137.45136922503707,93.76500330144684,1,1
2026-09-12 00:16:40.912018,85.63588231776271,2.757535204985712,127.00332713715396,92.4788843359192,1,1
2026-09-12 00:16:41.912018,37.76869092605584,0.3160558955431102,102.97189676662944,50.986842311173454,0,0
2026-09-12 00:16:42.912018,31.738899519640725,0.3205802736889201,103.98233280856036,55.640013131007535,0,0
2026-09-12 00:16:43.912018,30.977388949746494,0.2724418232998037,100.39892802964246,55.80124065914809,0,0
2026-09-12 00:16:44.912018,30.583152904732007,0.2400467210434421,101.53395156625513,50.965254014790574,0,0
2026-09-12 00:16:45.912018,90.63604992015028,2.638427552676893,123.54873568546832,85.86694475317209,1,1
2026-09-12 00:16:46.912018,31.01545153038507,0.2563930216003527,96.7519458482423,58.89830943543845,0,0
2026-09-12 00:16:47.912018,29.11379576958291,0.4453404503660083,99.61997480037084,52.77993716845069,0,0
2026-09-12 00:16:48.912018,30.50538292880884,0.1984567115805516,103.93167195720592,46.95781479304429,0,0
2026-09-12 00:16:49.912018,33.95279260682388,0.4228925418283956,103.1850756672166,52.03271069133348,0,0
2026-09-12 00:16:50.912018,26.98037230416108,0.2910944920961759,102.0448904218534,42.444532257737386,0,0
2026-09-12 00:16:51.912018,33.419635683387135,0.3239268587216884,100.10280625378176,55.27676533735522,0,0
2026-09-12 00:16:52.912018,33.9513452020196,0.3666526213303547,99.23636300202917,42.64394127860423,0,0
2026-09-12 00:16:53.912018,29.645794419026764,0.2495800563996451,99.81756876151525,48.89582753981459,0,0
2026-09-12 00:16:54.912018,23.634435302974214,0.3691398707758909,104.0960164416374,51.22227224802775,0,0
2026-09-12 00:16:55.912018,28.176534038716703,0.0833964915695057,99.7431146216893,55.19419855991047,0,0
2026-09-12 00:16:56.912018,33.89098363968333,0.2424008373422448,101.20284592847932,50.53272338217187,0,0
2026-09-12 00:16:57.912018,29.931395813103357,0.2260749754127147,99.4925847102765,53.17481436806275,0,0
2026-09-12 00:16:58.912018,27.002093303115267,0.199719519010259,102.68554806019806,49.85916545775223,0,0
2026-09-12 00:16:59.912018,28.48567523631535,0.2828036129536839,99.92254743930712,49.839070245278585,0,0
2026-09-12 00:17:00.912018,32.52186007951366,0.3308599974545356,100.80481221969116,50.42738625174149,0,0
2026-09-12 00:17:01.912018,31.640200704604137,0.3562127998799445,97.63323573391436,49.05471039573813,0,0
2026-09-12 00:17:02.912018,29.28320370249092,0.3192701405760326,97.77326352759012,41.56714878459282,0,0
2026-09-12 00:17:03.912018,76.09574613611102,2.6036625037622096,136.0136471285283,85.96585356861553,1,1
2026-09-12 00:17:04.912018,28.824725552868536,0.3295213150260133,98.34968568960448,51.223874205558495,0,0
2026-09-12 00:17:05.912018,27.23276944650449,0.309942855588068,105.210173278669,48.754394982556406,0,0
2026-09-12 00:17:06.912018,34.84612706840832,0.3748844934348813,96.8769537757755,49.22095458909047,0,0
2026-09-12 00:17:07.912018,29.03303859236598,0.3621549362345213,99.3996494026718,48.38323165280642,0,0
2026-09-12 00:17:08.912018,33.65147556247649,0.3024381131136503,101.0334017345351,45.68200803634091,0,0
2026-09-12 00:17:09.912018,34.56394815576736,0.2282197595070994,100.26973412440844,47.53450269511853,0,0
2026-09-12 00:17:10.912018,32.99493269444388,0.2477639875334335,98.79170908667216,48.46584127805703,0,0
2026-09-12 00:17:11.912018,28.705139061845856,0.2560168512289573,99.08414432100946,50.02571570270925,0,0
2026-09-12 00:17:12.912018,31.21119027100983,0.2747786932866995,99.01869184500153,51.96689172234856,0,0
2026-09-12 00:17:13.912018,29.92741318082725,0.3214440342071802,100.42655661035988,49.0972485455713,0,0
2026-09-12 00:17:14.912018,27.288894417809612,0.3572139512102447,104.90385817903484,44.8517237215379,0,0
2026-09-12 00:17:15.912018,30.97307784516481,0.2959105045587697,101.15587459311642,43.00958980040608,0,0
2026-09-12 00:17:16.912018,26.462880626520597,0.3012899830320378,103.36580097877504,62.987186036876125,0,0
2026-09-12 00:17:17.912018,33.56303816538469,0.3114645044000003,102.01395269165629,44.35092484867718,0,0
2026-09-12 00:17:18.912018,28.606148108104826,0.2587275749494128,103.22772479596443,47.40687499367809,0,0
2026-09-12 00:17:19.912018,30.60347896761852,0.2259686193885635,95.40007139481284,52.58500151256968,0,0
2026-09-12 00:17:20.912018,30.849863614638423,0.1595649682151431,100.39108395770354,51.804303047828405,0,0
2026-09-12 00:17:21.912018,29.22328507888777,0.2443880513538502,103.61427084630142,52.60432846280786,0,0
2026-09-12 00:17:22.912018,31.760081404425826,0.3378516362614229,99.85652835450134,47.786414652339126,0,0
2026-09-12 00:17:23.912018,28.575289030132428,0.2437670849568345,104.52494632973922,51.192790353197736,0,0
2026-09-12 00:17:24.912018,32.61389189237173,0.2809754370059248,103.96778030753552,50.30671832120432,0,0
2026-09-12 00:17:25.912018,25.962060959259755,0.3373145029929853,100.06173856774508,48.43934316229356,0,0
2026-09-12 00:17:26.912018,30.379138738639234,0.3416551597138135,99.9936729619073,51.2270487088567,0,0
2026-09-12 00:17:27.912018,35.81678699717485,0.2136373718267168,98.97278831529108,55.276827733753535,0,0
2026-09-12 00:17:28.912018,26.999006026183277,0.3797647485162913,99.7408115362724,49.88899888282338,0,0
2026-09-12 00:17:29.912018,27.966765088425447,0.3901880071484388,98.53482187166216,49.92226423178213,0,0
2026-09-12 00:17:30.912018,31.541723548976744,0.2096120114225152,101.85762236086602,55.34080517437992,0,0
2026-09-12 00:17:31.912018,30.538745345818796,0.2340930504287076,98.08790701330712,54.80680179909407,0,0
2026-09-12 00:17:32.912018,31.05189029782068,0.3952872546516953,102.20746603238044,57.91968220481742,0,0
2026-09-12 00:17:33.912018,31.46756139044299,0.2882517182995759,102.25615739380048,41.21884882760212,0,0
2026-09-12 00:17:34.912018,31.90416440568531,0.1224177642038519,97.67759118963215,54.52559591584695,0,0
2026-09-12 00:17:35.912018,33.32909952586867,0.1880254796213851,104.09963721265667,53.00790022701089,0,0
2026-09-12 00:17:36.912018,31.229455970785537,0.2800504299862015,102.02721858883044,45.57173801123368,0,0
2026-09-12 00:17:37.912018,29.276227036144373,0.2069565879772318,102.49939604288974,51.25793958999422,0,0
2026-09-12 00:17:38.912018,32.0177211036082,0.2669260983490846,99.48266959691446,55.25560873878999,0,0
2026-09-12 00:17:39.912018,35.699645804685645,0.3025916970946863,102.24475823694624,45.854205387573,0,0
2026-09-12 00:17:40.912018,29.60209876085228,0.4169803683227783,103.25278689944412,52.21281214511404,0,0
2026-09-12 00:17:41.912018,27.076412085988075,0.2767636867017768,100.80278320199064,54.35676837865509,0,0
2026-09-12 00:17:42.912018,33.32124200786092,0.3858033439658207,105.00384491849672,44.64490218734256,0,0
2026-09-12 00:17:43.912018,29.63885650813921,0.4143008129629416,101.08812926982588,49.28857153777426,0,0
2026-09-12 00:17:44.912018,23.48199136195789,0.4147447735481661,103.28157160090495,51.50484188321206,0,0
2026-09-12 00:17:45.912018,32.542265031451265,0.3227803674708454,101.58601761451732,46.01934247228522,0,0
2026-09-12 00:17:46.912018,28.394015442138237,0.142936868172882,102.17104306571372,45.60423400453227,0,0
2026-09-12 00:17:47.912018,29.72840015308752,0.3368659892323092,97.65733546473044,49.32477699068613,0,0
2026-09-12 00:17:48.912018,30.995940991707045,0.3838719910250833,101.74210747643072,54.00819858451846,0,0
2026-09-12 00:17:49.912018,30.5714990393372,0.2935146315651666,99.53004979748547,53.21867000596055,0,0
2026-09-12 00:17:50.912018,32.12835545141712,0.4395667096060198,99.30720338844462,45.69293635406829,0,0
2026-09-12 00:17:51.912018,28.69354088829047,0.3687866849173966,104.48820636893196,53.26083942557843,0,0
2026-09-12 00:17:52.912018,31.539317394528247,0.3454618701722227,100.57245950387532,45.82030111916746,0,0
2026-09-12 00:17:53.912018,29.221359967248247,0.386910456896467,98.993396338049,41.94915101003283,0,0
2026-09-12 00:17:54.912018,32.21643144266251,0.3266695881008702,100.28173674378225,48.164282144763845,0,0
2026-09-12 00:17:55.912018,31.84610245203916,0.1005751600483716,98.39909954215618,55.61484685792868,0,0
2026-09-12 00:17:56.912018,27.19368389386621,0.2600688838823707,103.86776893639254,53.27980276070687,0,0
2026-09-12 00:17:57.912018,33.257946348525095,0.3957734421798283,99.60863851166695,49.99214096313403,0,0
2026-09-12 00:17:58.912018,28.392109664657852,0.2353926927921363,102.05859986788734,47.91647258204471,0,0
2026-09-12 00:17:59.912018,32.42417339484344,0.2821221995810448,103.71221342842064,48.05118931941784,0,0
2026-09-12 00:18:00.912018,31.10186194020402,0.2164130948877543,99.99969463757054,50.54392452930398,0,0
2026-09-12 00:18:01.912018,35.51455103038537,0.4427138076161415,102.06404486454556,44.65781257077086,0,0
2026-09-12 00:18:02.912018,29.329602052884443,0.4345193965934412,98.93982789019114,48.25946327399351,0,0
2026-09-12 00:18:03.912018,28.952049611645407,0.2292904883887416,105.89153913822736,48.92215269320116,0,0
2026-09-12 00:18:04.912018,29.9417411823368,0.3117838400311267,102.87276026923324,43.24462770774251,0,0
2026-09-12 00:18:05.912018,29.09046065149717,0.2455604761788761,100.6147871224784,45.807758745512125,0,0
2026-09-12 00:18:06.912018,32.39982570582615,0.3491955711225102,99.45433253822208,52.05253395743191,0,0
2026-09-12 00:18:07.912018,25.15106817469024,0.3407746461793863,100.77200689432075,50.04755919970497,0,0
2026-09-12 00:18:08.912018,88.7913080954809,4.233829360500931,126.7076321645382,94.31143220404935,1,1
2026-09-12 00:18:09.912018,26.79659123526242,0.3265534758166309,104.90588910799902,45.44286281231018,0,0
2026-09-12 00:18:10.912018,32.85092277592073,0.5348324965110774,98.5489305555702,57.88424912794608,0,0
2026-09-12 00:18:11.912018,35.131840117745774,0.2177660987991408,101.2696028465804,45.81010392660341,0,0
2026-09-12 00:18:12.912018,29.686652344387586,0.1631517316450788,100.96332386673258,51.257964036308685,0,0
2026-09-12 00:18:13.912018,29.49353483042997,0.268552783943883,100.76517939931026,47.56065455963103,0,0
2026-09-12 00:18:14.912018,30.210156489339543,0.1745609387551785,100.78276669012332,50.18139646319168,0,0
2026-09-12 00:18:15.912018,33.48563490782457,0.1806030183995205,100.76785837975903,52.28804870970186,0,0
2026-09-12 00:18:16.912018,27.21794059742828,0.2198948276641626,102.7461321326642,43.14871705396057,0,0
2026-09-12 00:18:17.912018,30.715106948204355,0.2262248875654698,102.21796889298489,49.96691877923256,0,0
2026-09-12 00:18:18.912018,32.925592889347286,0.2236305518439951,101.83782322274556,55.953643244899226,0,0
2026-09-12 00:18:19.912018,31.50328250981953,0.3414575160356329,94.93202127570946,58.807509467460015,0,0
2026-09-12 00:18:20.912018,30.56874484979623,0.2595048751131731,101.59958974832632,49.34993013372434,0,0
2026-09-12 00:18:21.912018,33.003138277701424,0.2856388340102015,97.68872127965984,50.20840603608455,0,0
2026-09-12 00:18:22.912018,21.89030312100229,0.3715386219600748,102.29264032627164,61.05666514300766,0,0
2026-09-12 00:18:23.912018,32.03362595859272,0.2386941980174858,103.94899473514104,55.67462140799599,0,0
2026-09-12 00:18:24.912018,28.03777295061773,0.2788363281036222,99.14752177482288,46.91357715372391,0,0
2026-09-12 00:18:25.912018,24.50810130943063,0.3292607988874332,100.4764385553146,46.90508274556939,0,0
2026-09-12 00:18:26.912018,31.53360779857494,0.1446745759503822,99.801288589894,54.78274730893634,0,0
2026-09-12 00:18:27.912018,34.120975635488875,0.1092075592839534,103.4708635515136,44.94481434977135,0,0
2026-09-12 00:18:28.912018,29.58765445611693,0.3276893863038178,101.19005577054416,55.438633756694266,0,0
2026-09-12 00:18:29.912018,32.858623641608816,0.3393611424453518,104.45665876113269,51.671499818755045,0,0
2026-09-12 00:18:30.912018,34.83683477396593,0.4651376107881928,101.82750840589478,52.58860382013536,0,0
2026-09-12 00:18:31.912018,33.94474336075214,0.3126475900693448,101.48490036127164,48.716330982599736,0,0
2026-09-12 00:18:32.912018,34.91989358811418,0.3655791773806476,101.13641356520569,46.85087597876795,0,0
2026-09-12 00:18:33.912018,32.22638247321568,0.284362188513122,102.63598419851468,57.3099641543416,0,0
2026-09-12 00:18:34.912018,30.22630091670478,0.3237781777268069,97.52462760350932,48.766313597232624,0,0
2026-09-12 00:18:35.912018,25.19410256430849,0.4333805473399627,101.170687911041,47.94532461713069,0,0
2026-09-12 00:18:36.912018,29.261812535610154,0.1300805745499491,100.85990711254406,49.59931466060095,0,0
2026-09-12 00:18:37.912018,27.470260214051425,0.3330893006057344,102.45083765431554,50.96511066358971,0,0
2026-09-12 00:18:38.912018,36.51282815249344,0.4708469384061893,100.62459678825192,44.845874366402754,0,0
2026-09-12 00:18:39.912018,29.47234256270299,0.3225627375367474,98.92253113167466,47.17564252896544,0,0
2026-09-12 00:18:40.912018,30.369614420353457,0.4320458370586278,101.0147013498394,46.90983963046971,0,0
2026-09-12 00:18:41.912018,31.654456128121403,0.2496630280376446,98.83431894226332,54.22640152303424,0,0
2026-09-12 00:18:42.912018,30.13080733911736,0.2974362004669029,97.14947557482505,45.57018716000056,0,0
2026-09-12 00:18:43.912018,35.08515312129226,0.302681976191087,102.454244962971,41.22116071120973,0,0
2026-09-12 00:18:44.912018,28.132051914796644,0.1225927136512983,102.15812314538934,40.164527185469225,0,0
2026-09-12 00:18:45.912018,30.58382236571173,0.2065457737719839,101.93418188798717,42.64809932662141,0,0
2026-09-12 00:18:46.912018,27.77258824290585,0.2122499936492811,103.60585684389162,56.80769101424056,0,0
2026-09-12 00:18:47.912018,26.03993246633788,0.3657652862426022,99.66993621939216,50.08103299742026,0,0
2026-09-12 00:18:48.912018,28.164692727284145,0.3697722484547244,98.13777171445749,52.50624543403601,0,0
2026-09-12 00:18:49.912018,29.888889608854765,0.3259229154165226,100.85994044638392,52.68243863560664,0,0
2026-09-12 00:18:50.912018,28.71209332644822,0.3659282317484564,100.30499940058816,50.2809195919616,0,0
2026-09-12 00:18:51.912018,27.92273706037843,0.2868680469822581,99.31540856645988,49.62609351674346,0,0
2026-09-12 00:18:52.912018,25.781047608984498,0.3961545335631634,100.8403016930244,55.2226321490907,0,0
2026-09-12 00:18:53.912018,29.750683282113915,0.3007030754105657,99.77678970759084,50.7299795715632,0,0
2026-09-12 00:18:54.912018,25.485838877906996,0.3046291237941405,97.32798943328632,56.995487396317074,0,0
2026-09-12 00:18:55.912018,32.28016789106881,0.2787525893390071,100.11764661841248,53.10414972644933,0,0
2026-09-12 00:18:56.912018,30.24731925880351,0.3547560382109142,98.72724966659229,46.91101863259486,0,0
2026-09-12 00:18:57.912018,83.23052652516955,4.126241086751192,136.9422644698184,98.75426567305948,1,1
2026-09-12 00:18:58.912018,29.07237276885041,0.3781145101758454,99.68793048351868,46.362675967728606,0,0
2026-09-12 00:18:59.912018,27.74353078322825,0.2094280687427194,103.2232629482821,56.087740109753575,0,0
2026-09-12 00:19:00.912018,30.957523531257543,0.2120866996217444,104.20773213453572,47.97474523527224,0,0
2026-09-12 00:19:01.912018,78.6859109080633,5.361053252529207,124.51160494491252,91.9611005507929,1,1
2026-09-12 00:19:02.912018,24.374482591062765,0.292916462833359,97.89794763603336,51.5988902056341,0,0
2026-09-12 00:19:03.912018,30.34507823744225,0.2636886867077497,104.01039199775808,49.51416446813749,0,0
2026-09-12 00:19:04.912018,77.42899358642975,5.106268843344513,137.9774832125281,85.20437864649713,1,1
2026-09-12 00:19:05.912018,32.014020229351395,0.2514190868731132,101.03758102261588,59.44906951946922,0,0
2026-09-12 00:19:06.912018,30.639589884713068,0.2839838996559704,103.64585232067108,54.5653540296443,0,0
2026-09-12 00:19:07.912018,27.744092004783543,0.4119382360056927,99.89664972390663,50.135052771509535,0,0
2026-09-12 00:19:08.912018,29.042838193000147,0.423131387664852,97.26750813030084,42.95788307896996,0,0
2026-09-12 00:19:09.912018,27.611922429589534,0.4257918568216261,99.4794311227568,47.50018751395682,0,0
2026-09-12 00:19:10.912018,33.228021415795794,0.2774299378452871,104.45860173208952,53.55523051272652,0,0
2026-09-12 00:19:11.912018,30.063934946015827,0.3984562323987576,98.01784015277704,44.14479480169092,0,0
2026-09-12 00:19:12.912018,35.703572057259024,0.2240837737785057,100.999042563863,60.70485148165177,0,0
2026-09-12 00:19:13.912018,29.81801755855614,0.2274477700222351,101.06828778668044,50.072082813177744,0,0
2026-09-12 00:19:14.912018,27.87477969926861,0.111963531790051,99.97405151206438,50.24424196604743,0,0
2026-09-12 00:19:15.912018,98.68670425943402,5.653623376114672,134.026968847491,91.78722103992148,1,1
2026-09-12 00:19:16.912018,24.590580971232164,0.2308816120739137,101.1444982684724,52.48368878387859,0,0
2026-09-12 00:19:17.912018,93.585572452173,3.4055046076591857,122.48476793273198,93.9825883192687,1,1
2026-09-12 00:19:18.912018,30.80137995303445,0.2271740526457372,98.15588300566414,60.824462945507285,0,0
2026-09-12 00:19:19.912018,31.526175069689803,0.3556132198664112,101.43006388588692,56.58675652326006,0,0
2026-09-12 00:19:20.912018,25.2564278939036,0.2699493071426128,103.14673316488997,54.92148222598523,0,0
2026-09-12 00:19:21.912018,32.685114942228346,0.195614648765364,102.73914503730684,43.04785497105095,0,0
2026-09-12 00:19:22.912018,28.550816844949683,0.3353330051348848,99.38052906522036,51.02706635228876,0,0
2026-09-12 00:19:23.912018,30.44037903595665,0.1853015980151817,98.49754416924463,56.04543199007002,0,0
2026-09-12 00:19:24.912018,34.83666188476627,0.2330075419747607,100.43162423569044,52.9655269967887,0,0
2026-09-12 00:19:25.912018,32.6905179475966,0.1314488708299135,104.13558301959132,44.98945447683113,0,0
2026-09-12 00:19:26.912018,29.1944080562825,0.1860833510241914,102.29119615791907,46.74953122345672,0,0
2026-09-12 00:19:27.912018,83.36602111158909,5.673831376928458,121.49665270234934,80.99507582827286,1,1
2026-09-12 00:19:28.912018,23.544553796012085,0.142837116951766,102.779713903571,46.98281082755696,0,0
2026-09-12 00:19:29.912018,27.842540042272734,0.1815083420302627,101.84153312503716,57.643894178551534,0,0
2026-09-12 00:19:30.912018,29.366609283516915,0.2998104867093753,101.24121709522716,40.39493430588372,0,0
2026-09-12 00:19:31.912018,27.038461418546447,0.2565114483125558,102.32461379329594,53.27959569829418,0,0
2026-09-12 00:19:32.912018,29.606229098723087,0.4593629308767447,99.90766779156397,43.53848312535774,0,0
2026-09-12 00:19:33.912018,30.230555648876305,0.44671172368195,98.17107397726735,45.19374256274466,0,0
2026-09-12 00:19:34.912018,29.325432054575764,0.2305662029799077,102.44599386924864,39.951333165656415,0,0
2026-09-12 00:19:35.912018,28.04999225752962,0.3445710094722785,103.47547621149845,47.25472784420567,0,0
2026-09-12 00:19:36.912018,30.505964015900183,0.3599426045503561,98.76353612128794,57.55365825769607,0,0
2026-09-12 00:19:37.912018,31.325821948708228,0.2522016913580477,102.6438429648318,51.32412121232389,0,0
2026-09-12 00:19:38.912018,26.72880276767146,0.1803566770801437,104.36153142677638,44.00819226500452,0,0
2026-09-12 00:19:39.912018,34.23279713923881,0.2990161240553554,100.99550759648577,55.08573837189656,0,0
2026-09-12 00:19:40.912018,29.70423560314721,0.2861723460148711,99.36399563051653,56.15652131784343,0,0
2026-09-12 00:19:41.912018,30.056548868834543,0.2651388402423504,101.24603734705352,50.52023240519543,0,0
2026-09-12 00:19:42.912018,32.12464326976967,0.3353853494531588,99.8989320635986,60.17374579076295,0,0
2026-09-12 00:19:43.912018,30.699648393790504,0.239941631439552,99.7665397800872,54.10782062312308,0,0
2026-09-12 00:19:44.912018,76.49498354815248,5.639842759222419,130.68628839570792,82.69256414805969,1,1
2026-09-12 00:19:45.912018,75.05142551821406,3.703695812143261,129.8916659609134,96.37284377076864,1,1
2026-09-12 00:19:46.912018,28.162687876078685,0.3308776074055101,98.11214215501556,53.1369924281067,0,0
2026-09-12 00:19:47.912018,31.084510575618303,0.2058684044879957,101.03858176074787,51.08395638802247,0,0
2026-09-12 00:19:48.912018,26.568821378038017,0.3742472488792865,100.95538292217512,52.599145013355134,0,0
2026-09-12 00:19:49.912018,30.32567911732957,0.1583615089779137,101.68710915407988,46.57707190429335,0,0
2026-09-12 00:19:50.912018,29.900310028066617,0.2537509233027485,104.75045077696676,50.64049442179493,0,0
2026-09-12 00:19:51.912018,29.37564942818238,0.2793593171041912,101.20902807215164,45.91569249892521,0,0
2026-09-12 00:19:52.912018,29.61438746568321,0.2491021029878456,102.1963443006696,39.26433950016984,0,0
2026-09-12 00:19:53.912018,24.354452863507085,0.2547951621159046,99.04893412877074,54.99152284289192,0,0
2026-09-12 00:19:54.912018,28.35382527677712,0.4496859585846491,102.53587532703308,42.48805509155241,0,0
2026-09-12 00:19:55.912018,30.278534703423343,0.231929272876888,99.94721826977865,50.53593232391208,0,0
2026-09-12 00:19:56.912018,30.4795691759922,0.4952977377977531,101.14284166516218,51.6650106472452,0,0
2026-09-12 00:19:57.912018,26.916974577222128,0.3349701423784841,100.78230274986169,51.63281507931527,0,0
2026-09-12 00:19:58.912018,33.797123522594106,0.3073644109849593,103.06594846982806,48.58460463200875,0,0
2026-09-12 00:19:59.912018,27.401475455356497,0.3380992282710132,98.38004689125,51.35605737639987,0,0
2026-09-12 00:20:00.912018,32.908371601580214,0.5023942199401562,96.43352273076992,52.35483534892581,0,0
2026-09-12 00:20:01.912018,31.28158308561505,0.2205125596854841,100.57313460582417,53.674824078759926,0,0
2026-09-12 00:20:02.912018,28.06131807046859,0.2103665664850888,101.93706251381025,58.66720669692131,0,0
2026-09-12 00:20:03.912018,35.32593267782853,0.2396107042742463,101.304538751615,51.17097075749103,0,0
2026-09-12 00:20:04.912018,26.41908950473056,0.3025714517571649,103.46440847482782,50.32024422508851,0,0
2026-09-12 00:20:05.912018,32.75746252083,0.1619383100149941,101.87474534835934,45.46635517324953,0,0
2026-09-12 00:20:06.912018,33.00174695412893,0.3017871391454886,99.87230333628028,52.179731619496685,0,0
2026-09-12 00:20:07.912018,27.988139372770064,0.4354837706730937,96.34915969172064,53.33691551570284,0,0
2026-09-12 00:20:08.912018,34.177395900192984,0.3121125912499822,100.52537553160955,49.03848407859186,0,0
2026-09-12 00:20:09.912018,29.24986045620314,0.2765851632819778,103.0559180045156,52.72306252092019,0,0
2026-09-12 00:20:10.912018,30.866080887839573,0.2505471641053098,100.21590443466576,48.53741903225329,0,0
2026-09-12 00:20:11.912018,30.780965516313664,0.3718809363641251,101.05664052735553,53.35496326044462,0,0
2026-09-12 00:20:12.912018,29.59707377558836,0.2339333781409561,101.8427205086134,54.56301157014872,0,0
2026-09-12 00:20:13.912018,32.432424819479344,0.4477116736479398,98.96941525150037,54.49313933365243,0,0
2026-09-12 00:20:14.912018,32.38046616165664,0.4546687798171486,102.24647179327764,50.5892216307065,0,0
2026-09-12 00:20:15.912018,24.754404080285457,0.320540063892943,104.2742435800034,44.80015924191474,0,0
2026-09-12 00:20:16.912018,33.91302072863446,0.2990787929538683,100.6543732962132,46.9404347367909,0,0
2026-09-12 00:20:17.912018,25.012524035892977,0.3824527846593247,98.7418711563354,52.97578661942365,0,0
2026-09-12 00:20:18.912018,33.09763861302497,0.387583880178186,100.86679794595604,62.24406152870114,0,0
2026-09-12 00:20:19.912018,33.38011541048275,0.2355206615152467,96.55123178278228,48.29639614233959,0,0
2026-09-12 00:20:20.912018,26.727100709354406,0.2578755893490638,101.67380652795325,52.2791883919407,0,0
2026-09-12 00:20:21.912018,28.767557136136247,0.1942122052253363,101.90454875529716,47.219737212602986,0,0
2026-09-12 00:20:22.912018,26.682885994542197,0.3327251950667245,104.35127258769111,45.1301647787545,0,0
2026-09-12 00:20:23.912018,29.355236909133797,0.3533302306765512,100.61201041486676,46.61842068211319,0,0
2026-09-12 00:20:24.912018,29.075897147442777,0.1920059489710981,101.81697067629294,39.58764011648664,0,0
2026-09-12 00:20:25.912018,32.33898159680802,0.2635840876147072,99.2774237952282,56.767175314538754,0,0
2026-09-12 00:20:26.912018,33.93092623835882,0.192219686593492,100.28714575894983,38.84934873542693,0,0
2026-09-12 00:20:27.912018,34.18705143236987,0.228096015180493,97.9496291266756,48.68085884799684,0,0
2026-09-12 00:20:28.912018,28.31349592026509,0.3440813648181039,100.61042075743352,44.10936052324973,0,0
2026-09-12 00:20:29.912018,29.372334378766418,0.2413214346657376,100.38938169296289,45.578098923188975,0,0
2026-09-12 00:20:30.912018,24.94968542333715,0.2759339235174161,101.5983995321778,56.88261329869334,0,0
2026-09-12 00:20:31.912018,27.582389800511432,0.1698150617642147,99.75280623933472,51.00533495015696,0,0
2026-09-12 00:20:32.912018,32.89455489929237,0.3149592167779731,101.1666907019502,45.173019204091496,0,0
2026-09-12 00:20:33.912018,34.8467484706447,0.2964581344124281,100.33323988878468,47.05241433751745,0,0
2026-09-12 00:20:34.912018,26.296953384360236,0.241683259997347,100.33700122340096,46.17259389778957,0,0
2026-09-12 00:20:35.912018,28.22260722254132,0.284878856185402,101.16072465192606,49.7822716396056,0,0
2026-09-12 00:20:36.912018,29.920782729123214,0.3144235904402755,101.08104588463402,50.86445842393847,0,0
2026-09-12 00:20:37.912018,30.84048347645882,0.2348105480872524,102.52234807810328,59.4778738661428,0,0
2026-09-12 00:20:38.912018,27.571189440235063,0.1818989964798576,100.75871393174032,40.418496170011466,0,0
2026-09-12 00:20:39.912018,31.272183133392268,0.4444459546149452,100.300229301754,49.82593842621024,0,0
2026-09-12 00:20:40.912018,28.57848195878725,0.2493381836231781,100.63838510982556,48.42216153732739,0,0
2026-09-12 00:20:41.912018,29.956643187365163,0.2922591917450488,99.570671766318,54.73274263858392,0,0
2026-09-12 00:20:42.912018,31.6388527440111,0.3808671788016251,100.28017781286664,51.774090590891966,0,0
2026-09-12 00:20:43.912018,30.01926680943281,0.5823244150056387,105.06231742614646,52.951811040574725,0,0
2026-09-12 00:20:44.912018,28.690842328420292,0.2004410840088907,99.17464247860826,51.72543093007541,0,0
2026-09-12 00:20:45.912018,29.67117058822251,0.3359861770981208,100.44268733224138,45.3400443735823,0,0
2026-09-12 00:20:46.912018,29.734911122383995,0.2433958171764715,100.2250226734606,56.056327482465065,0,0
2026-09-12 00:20:47.912018,28.889966910353618,0.2568967756338631,100.5056567755112,53.992524523078345,0,0
2026-09-12 00:20:48.912018,29.22361181199869,0.2423830383194568,100.3375213822432,54.57764895862371,0,0
2026-09-12 00:20:49.912018,34.79594151151415,0.2099476025759531,101.558480202442,56.32025085253582,0,0
2026-09-12 00:20:50.912018,31.68275834382372,0.296696691057227,97.5796497972164,52.0883755032598,0,0
2026-09-12 00:20:51.912018,29.11355904591252,0.1820397850361411,103.074342945064,57.40496202058746,0,0
2026-09-12 00:20:52.912018,32.09086321353221,0.3757446053209496,102.2651655992844,51.8881978589332,0,0
2026-09-12 00:20:53.912018,28.99854153073197,0.30440023488267,98.51425682787374,48.90470705987696,0,0
2026-09-12 00:20:54.912018,33.519373912759924,0.3337947978321152,96.4618454540952,49.966980447583175,0,0
2026-09-12 00:20:55.912018,31.10892657659428,0.2627049110443021,99.0458557077172,49.88078115931942,0,0
2026-09-12 00:20:56.912018,29.678093567987315,0.2706236852630601,100.51466707714576,47.403043389547285,0,0
2026-09-12 00:20:57.912018,31.343150777430832,0.3230051124133862,106.16058379738156,58.15944424185111,0,0
2026-09-12 00:20:58.912018,25.287371543794503,0.2068759494075339,102.08651392994857,51.481476827518335,0,0
2026-09-12 00:20:59.912018,26.619697593270583,0.2713607652469331,97.38482070163708,50.47369237916453,0,0
2026-09-12 00:21:00.912018,26.418224980802837,0.2312309188897236,99.62068899019812,51.94137127463217,0,0
2026-09-12 00:21:01.912018,30.42882928429112,0.2287544951527188,100.89357512745404,64.89927258368573,0,0
2026-09-12 00:21:02.912018,35.19754499845528,0.1312129407499486,101.5073671085962,44.3413790570017,0,0
2026-09-12 00:21:03.912018,36.6939004385779,0.4071461271584,98.37050227937917,45.77480744141862,0,0
2026-09-12 00:21:04.912018,31.914153304322276,0.2450768997476984,100.73001954404587,43.09714491276502,0,0
2026-09-12 00:21:05.912018,31.50253342483337,0.393070084413084,99.56472172477892,48.83700380782257,0,0
2026-09-12 00:21:06.912018,24.596826797541784,0.3855033857115433,98.79248287479535,51.2275922166368,0,0
2026-09-12 00:21:07.912018,28.37197860079793,0.1971200234786805,101.51919129339792,47.673387408294616,0,0
2026-09-12 00:21:08.912018,27.636648744275284,0.2129271011461723,102.54775434688564,47.30136600924115,0,0
2026-09-12 00:21:09.912018,28.13745720524665,0.5048402367484547,102.68208255392324,50.71202433314066,0,0
2026-09-12 00:21:10.912018,29.495568544245632,0.4400740753541715,102.14877270226776,47.48946087585151,0,0
2026-09-12 00:21:11.912018,28.58372826690862,0.2974785189337516,100.00526093371948,51.550879135914194,0,0
2026-09-12 00:21:12.912018,24.06210056887264,0.3205898485133879,102.42909952292702,55.57117173371302,0,0
2026-09-12 00:21:13.912018,32.2437307683526,0.2495322877642249,101.61810887620858,53.38515234900403,0,0
2026-09-12 00:21:14.912018,26.78177092278058,0.3345882171360271,101.26788376590405,54.40506673582601,0,0
2026-09-12 00:21:15.912018,30.71774059233345,0.2426254479422022,99.7766137565964,55.4295920575336,0,0
2026-09-12 00:21:16.912018,36.22224800924992,0.1374116988561292,100.00624774531694,51.41414080059352,0,0
2026-09-12 00:21:17.912018,27.241846225240728,0.1942755370791159,101.1477738722491,49.206794869784495,0,0
2026-09-12 00:21:18.912018,22.40913743176101,0.301687419828047,105.879748933971,46.13873464558402,0,0
2026-09-12 00:21:19.912018,29.14198733435967,0.2095146211597929,101.60248496018278,48.0441091818214,0,0
2026-09-12 00:21:20.912018,33.302878904995715,0.2946178028069172,99.77762299549944,47.38157233661553,0,0
2026-09-12 00:21:21.912018,35.87504236266178,0.2140271168453709,99.33522111006113,53.65836163310456,0,0
2026-09-12 00:21:22.912018,26.31135121664275,0.2374116861998405,100.0164667746876,51.73391277297098,0,0
2026-09-12 00:21:23.912018,31.490097669709566,0.3682532245130553,105.35458689509814,53.48378931357151,0,0
2026-09-12 00:21:24.912018,28.60406862965984,0.3197984438112083,100.20148670810808,44.19831571949924,0,0
2026-09-12 00:21:25.912018,29.682154937087592,0.2992268462949322,102.81374106922055,57.1587474212054,0,0
2026-09-12 00:21:26.912018,37.933030041051104,0.3703171178456521,100.24814350905729,47.86509814246619,0,0
2026-09-12 00:21:27.912018,25.49108901481454,0.3384486874677878,101.52236908255924,44.49991678962669,0,0
2026-09-12 00:21:28.912018,30.76121898448372,0.4157250633001094,102.58349054801744,47.80391117589094,0,0
2026-09-12 00:21:29.912018,31.403079515296294,0.2632112590147887,99.85619430038015,62.41882996293754,0,0
2026-09-12 00:21:30.912018,33.25735897481804,0.2656292017177993,99.71777669169448,48.06141566754216,0,0
2026-09-12 00:21:31.912018,30.293949460412687,0.1959112586886923,104.31773938891068,48.37451764264537,0,0
2026-09-12 00:21:32.912018,30.924151618512308,0.2656815426102064,102.9691857897916,49.03947659685162,0,0
2026-09-12 00:21:33.912018,28.825054297734628,0.3771815915441956,102.58134463738146,49.25689808284272,0,0
2026-09-12 00:21:34.912018,30.80738082373532,0.4039989897809707,102.57455258624584,46.09261967099373,0,0
2026-09-12 00:21:35.912018,28.97042317350777,0.3768244134469334,101.91915097662212,50.71606541603065,0,0
2026-09-12 00:21:36.912018,31.864715669568152,0.1564646506760451,105.03555162635011,55.37797454099165,0,0
2026-09-12 00:21:37.912018,28.891168991869097,0.3866516170128588,101.08781660375432,51.57144657739354,0,0
2026-09-12 00:21:38.912018,31.13130118170656,0.1529185101382343,102.15452473440185,44.44417350550008,0,0
2026-09-12 00:21:39.912018,29.912211558945064,0.3718493859297878,98.09817414281196,48.27827047533146,0,0
2026-09-12 00:21:40.912018,33.37815075231651,0.2705772378743156,99.35007862681752,47.24236299949185,0,0
2026-09-12 00:21:41.912018,29.845818829234545,0.3562026651147084,98.59836200032991,50.264697341174006,0,0
2026-09-12 00:21:42.912018,24.68090259537936,0.1934041321684347,103.5481271670323,56.65225835781158,0,0
2026-09-12 00:21:43.912018,33.78576450214197,0.3936934106164917,95.8949196959585,49.25558601989559,0,0
2026-09-12 00:21:44.912018,27.282803097412145,0.1828020203116088,100.19537995449456,49.55922565564805,0,0
2026-09-12 00:21:45.912018,28.03870098405354,0.2465236071317457,95.01258679467875,58.88822409409715,0,0
2026-09-12 00:21:46.912018,28.21301611786952,0.2201524297784771,99.3374242090362,54.3810299583583,0,0
2026-09-12 00:21:47.912018,34.12331427951245,0.1596572117742,100.01810210053628,52.870406410532674,0,0
2026-09-12 00:21:48.912018,23.592977358063912,0.3075622054070774,103.7697421875881,59.79065807650888,0,0
2026-09-12 00:21:49.912018,39.41324560097998,0.4444871294269569,101.79325587844292,52.44905627397007,0,0
2026-09-12 00:21:50.912018,33.16817042719816,0.5133524177856007,99.33371695334206,40.06736429011239,0,0
2026-09-12 00:21:51.912018,30.66971674238748,0.3077724629668998,103.13192743946364,54.1633287894018,0,0
2026-09-12 00:21:52.912018,29.83531799815114,0.3893345020054017,101.03566450905952,42.03995771440675,0,0
2026-09-12 00:21:53.912018,30.85666222457297,0.3185675710342829,101.0751337174145,52.26002684291224,0,0
2026-09-12 00:21:54.912018,31.56336728513801,0.339910655581457,98.594656984456,41.43128212935381,0,0
2026-09-12 00:21:55.912018,31.93564675785017,0.2726281079098209,99.01997257219372,47.6657229480004,0,0
2026-09-12 00:21:56.912018,31.666813398010344,0.3156061540338081,99.34980540010896,48.18107735195064,0,0
2026-09-12 00:21:57.912018,30.268742043765748,0.3429982963685142,101.09292254630836,46.14940446384124,0,0
2026-09-12 00:21:58.912018,29.40798473907802,0.2537232216898935,101.15577145396136,48.255740014044,0,0
2026-09-12 00:21:59.912018,29.546180149039465,0.293800456008561,104.0881853270481,55.162808601802766,0,0
2026-09-12 00:22:00.912018,29.41527515894196,0.2953255904802009,101.77011033587569,46.43023543920224,0,0
2026-09-12 00:22:01.912018,33.401310290601195,0.3661122653864419,95.58486861265578,52.725704397552704,0,0
2026-09-12 00:22:02.912018,31.780670166842587,0.2147174262697855,101.52528397574338,45.171751801963495,0,0
2026-09-12 00:22:03.912018,21.17883409600716,0.2958766233113878,98.09996728766494,49.05250211803936,0,0
2026-09-12 00:22:04.912018,31.967702329589283,0.4529604375242158,99.06805815077692,51.619196331637255,0,0
2026-09-12 00:22:05.912018,30.584208584156325,0.393124812206875,99.37566105654734,45.0173579169072,0,0
2026-09-12 00:22:06.912018,29.943873730662308,0.4079343239110964,99.6733233529754,43.44139783544655,0,0
2026-09-12 00:22:07.912018,28.83444464073334,0.3019545472142427,98.2497012159194,52.45939075289444,0,0
2026-09-12 00:22:08.912018,33.37233815995804,0.3256798050948818,101.40696400690456,55.61540199670319,0,0
2026-09-12 00:22:09.912018,32.84257938636857,0.380178893336234,98.17839542981808,49.60467490256314,0,0
2026-09-12 00:22:10.912018,27.68136699652917,0.4248204423624744,101.7133352144997,47.71343546721648,0,0
2026-09-12 00:22:11.912018,31.221156861373604,0.143871766969369,105.47394215412326,50.77837693844194,0,0
2026-09-12 00:22:12.912018,27.08502979637614,0.1947646954360123,98.34128188213188,50.2773995938269,0,0
2026-09-12 00:22:13.912018,25.86114550563321,0.4047555281122118,100.43097939132156,51.21451270355626,0,0
2026-09-12 00:22:14.912018,28.119848326230105,0.2778488515384957,95.95308527497508,37.35877449843143,0,0
2026-09-12 00:22:15.912018,32.587180417148275,0.2462623368593538,100.39812941405974,44.65447854417018,0,0
2026-09-12 00:22:16.912018,32.85937513612826,0.1996671210403516,102.28543430526295,45.77384947281573,0,0
2026-09-12 00:22:17.912018,31.53925626029188,0.2555986638764712,102.44127846271454,50.75433814255781,0,0
2026-09-12 00:22:18.912018,93.97405724046594,3.629052561523718,124.88081067684487,94.75756705611975,1,1
2026-09-12 00:22:19.912018,31.54853486134488,0.4672875418185981,102.77852684951796,53.18090244342018,0,0
2026-09-12 00:22:20.912018,28.075555214331143,0.2982051158415541,106.0921090718856,51.28790874605218,0,0
2026-09-12 00:22:21.912018,31.29576763402182,0.2953639566589826,104.4246093748752,43.49632464806332,0,0
2026-09-12 00:22:22.912018,32.40122857568305,0.3470461340134265,99.95495814118073,57.2350230879253,0,0
2026-09-12 00:22:23.912018,32.26287398944072,0.3769876135413255,98.09779202706652,56.35959151711183,0,0
2026-09-12 00:22:24.912018,33.56674011442393,0.3756710525243711,100.1876971668524,43.70901354986537,0,0
2026-09-12 00:22:25.912018,32.12491154160319,0.3858897555126057,99.1060344687653,51.66352647187092,0,0
2026-09-12 00:22:26.912018,31.054344622624747,0.2495323559367314,101.90269509572929,47.02287807378492,0,0
2026-09-12 00:22:27.912018,33.21045071494928,0.2761706556034511,98.637612921141,50.69431994600274,0,0
2026-09-12 00:22:28.912018,29.92043622225282,0.361522532435382,100.85435513481931,55.26655139820935,0,0
2026-09-12 00:22:29.912018,27.354376046316847,0.2578088750688304,102.67602810907262,60.65052133160479,0,0
2026-09-12 00:22:30.912018,29.510799108168708,0.299591469437822,100.79860825436565,53.75638852571305,0,0
2026-09-12 00:22:31.912018,27.765292065580653,0.3319011011539851,99.1073723545044,51.47467367555068,0,0
2026-09-12 00:22:32.912018,27.97446517507685,0.3628148065848301,103.34962811517138,48.30089415845851,0,0
2026-09-12 00:22:33.912018,29.566443987853447,0.1577855230103839,97.24203811049236,50.91067435505588,0,0
2026-09-12 00:22:34.912018,27.62274023700012,0.3571796519911155,100.34440988824508,56.79885946664157,0,0
2026-09-12 00:22:35.912018,29.07611541108288,0.2813020753718619,100.91667995323732,49.77645621620207,0,0
2026-09-12 00:22:36.912018,24.319155999138644,0.3565966168691504,101.03181731679926,45.56943674326175,0,0
2026-09-12 00:22:37.912018,30.639881122118812,0.3621545353883862,101.36099211215615,41.90155067241687,0,0
2026-09-12 00:22:38.912018,30.003616426086676,0.4286332048895326,102.220879639619,52.56523933705125,0,0
2026-09-12 00:22:39.912018,27.54873410679543,0.4082762918096962,100.9291851219093,51.236440628138695,0,0
2026-09-12 00:22:40.912018,31.97773700529721,0.4077257330088237,100.26388343571264,46.77045913368852,0,0
2026-09-12 00:22:41.912018,32.812710412879674,0.415493625533299,100.1848213106806,55.13007062853649,0,0
2026-09-12 00:22:42.912018,25.17732040689308,0.3233103187852756,99.77696839592328,47.89111567806185,0,0
2026-09-12 00:22:43.912018,97.04279117916428,4.321978886494777,133.2294411120992,87.15392879081121,1,1
2026-09-12 00:22:44.912018,27.692572950638105,0.3698253666542667,99.70694304104696,49.91667933351028,0,0
2026-09-12 00:22:45.912018,27.180290696673406,0.3585664761146417,102.69354221801647,48.24523628930956,0,0
2026-09-12 00:22:46.912018,32.488424525795246,0.2752747010609391,101.03799816451976,51.17932532874785,0,0
2026-09-12 00:22:47.912018,91.3563615191407,5.157226941995658,122.2674816281886,99.81129749783388,1,1
2026-09-12 00:22:48.912018,29.206455476068168,0.2971922826572324,102.23681443148828,44.287590509407885,0,0
2026-09-12 00:22:49.912018,23.98841290677974,0.2316853673231955,99.54509215055376,52.44260069237004,0,0
2026-09-12 00:22:50.912018,31.90625409062768,0.403236859310108,102.27636808145644,50.8607933480322,0,0
2026-09-12 00:22:51.912018,26.282224815439584,0.3044159394024071,101.42545224238356,50.76881914772353,0,0
2026-09-12 00:22:52.912018,30.179797890798984,0.463896660615908,99.80735062181616,54.35922284937045,0,0
2026-09-12 00:22:53.912018,30.83213081387457,0.1699606183840133,102.05726963066913,50.2464871260858,0,0
2026-09-12 00:22:54.912018,34.08197578751595,0.2554576981725306,102.09317945137728,52.401146309528514,0,0
2026-09-12 00:22:55.912018,26.073538802642663,0.3026111069352697,103.31503921161992,53.57932314785574,0,0
2026-09-12 00:22:56.912018,20.94146353253753,0.3909904878103131,102.9322940248186,47.47817399809696,0,0
2026-09-12 00:22:57.912018,30.551548634261085,0.3319575498081748,101.98254804145256,51.49591730406899,0,0
2026-09-12 00:22:58.912018,35.40153354453256,0.3248378203344601,98.74481809758248,48.74606196394684,0,0
2026-09-12 00:22:59.912018,33.71683905881831,0.2098188965956682,105.89717397634811,49.33659110140052,0,0
2026-09-12 00:23:00.912018,30.62897824582388,0.2074446882216422,98.1927675778564,48.38969301760834,0,0
2026-09-12 00:23:01.912018,28.525091443103857,0.3258003728231923,102.89852634856462,52.35540202048443,0,0
2026-09-12 00:23:02.912018,32.42136778991193,0.1908715204945313,101.8625676337726,50.40822354509127,0,0
2026-09-12 00:23:03.912018,27.079361400886597,0.2574497799768537,98.65171525503776,51.97272017158337,0,0
2026-09-12 00:23:04.912018,31.42907330806866,0.3400733863268685,100.751398122243,49.91241318552126,0,0
2026-09-12 00:23:05.912018,90.71932798128498,2.648184564541362,127.7312894338559,85.85884226855457,1,1
2026-09-12 00:23:06.912018,33.18062972249664,0.4284284769889445,103.61116543162105,50.15684208049854,0,0
2026-09-12 00:23:07.912018,38.27898011673324,0.3979149075390312,99.57337819943956,50.31768977578408,0,0
2026-09-12 00:23:08.912018,31.1772479015363,0.1742864001329359,100.47610998715128,51.2129796857673,0,0
2026-09-12 00:23:09.912018,28.473109122877503,0.225410300545441,96.32786078995748,47.03135403157129,0,0
2026-09-12 00:23:10.912018,29.923277063424017,0.117137820440404,104.46952558624716,44.02265141667244,0,0
2026-09-12 00:23:11.912018,24.692772285332644,0.2373926909961493,98.85906351395984,53.12303322447139,0,0
2026-09-12 00:23:12.912018,27.915860606732824,0.3613110781257919,101.65382172847836,48.63196721732916,0,0
2026-09-12 00:23:13.912018,28.77215268566069,0.2668884046180114,100.79718434055629,50.85622023842498,0,0
2026-09-12 00:23:14.912018,28.427734806196224,0.3368637794892773,100.80399806643332,48.592699600558525,0,0
2026-09-12 00:23:15.912018,30.457064616101167,0.1782132545374604,102.61972396974176,49.96969087113202,0,0
2026-09-12 00:23:16.912018,27.5327402028534,0.3638380203665524,104.34252492060727,47.75357326032096,0,0
2026-09-12 00:23:17.912018,33.36309200197341,0.255591261765732,101.502987339884,45.15958205423086,0,0
2026-09-12 00:23:18.912018,30.00062119475459,0.3009735745826324,102.31015603526104,52.36865830384328,0,0
2026-09-12 00:23:19.912018,29.97209903658416,0.2925700398885558,101.65778307345408,46.9843995588694,0,0
2026-09-12 00:23:20.912018,29.016315850461247,0.1982761183286172,103.03506284786124,50.81975740447405,0,0
2026-09-12 00:23:21.912018,30.465572051576935,0.2077532534608174,100.07416724102734,52.05230110951039,0,0
2026-09-12 00:23:22.912018,32.475294794002906,0.377423557520274,103.15078110883285,47.06593642198459,0,0
2026-09-12 00:23:23.912018,27.3986093528673,0.3319193726001356,103.22099973129475,43.98057182813508,0,0
2026-09-12 00:23:24.912018,28.02565053277423,0.3840039233242741,103.16507401736582,62.130428069265264,0,0
2026-09-12 00:23:25.912018,29.088821913670007,0.3259726588402014,99.67970426532705,47.36114062027287,0,0
2026-09-12 00:23:26.912018,25.962387229580354,0.3114392507847373,100.66332473152562,53.11708579300579,0,0
2026-09-12 00:23:27.912018,27.542226420835508,0.1619191505066586,101.47893397756089,59.69731774785062,0,0
2026-09-12 00:23:28.912018,28.57133737936602,0.2783706642591064,98.258315910342,53.94953873426947,0,0
2026-09-12 00:23:29.912018,32.623167542138184,0.2978092543677004,104.18984041617205,48.49778595586224,0,0
2026-09-12 00:23:30.912018,30.78768398700577,0.4562485758618059,100.97544693299564,49.66441806232445,0,0
2026-09-12 00:23:31.912018,30.580769734102635,0.3549565305678941,101.56785577520944,45.83696390130576,0,0
2026-09-12 00:23:32.912018,32.55269388650392,0.4228848945367622,99.8459911205456,54.40848213478871,0,0
2026-09-12 00:23:33.912018,29.58788463480181,0.3478030164715782,98.34624488126596,52.83135354029344,0,0
2026-09-12 00:23:34.912018,31.17139454978667,0.2430957418440416,99.79194022905044,47.42787090869128,0,0
2026-09-12 00:23:35.912018,29.690334741202516,0.3093699372919881,101.43840837526716,44.789125964507775,0,0
2026-09-12 00:23:36.912018,30.796087048198885,0.3188978917011386,102.34685762550738,43.393831311681545,0,0
2026-09-12 00:23:37.912018,28.251724027165253,0.2248675544183454,101.32358308120544,54.93257001902101,0,0
2026-09-12 00:23:38.912018,22.683548525170718,0.2692490098725663,101.6934480324839,50.6018656447778,0,0
2026-09-12 00:23:39.912018,29.597162513441088,0.2835386405058262,100.32594725063724,51.07492268166376,0,0
2026-09-12 00:23:40.912018,34.26824440829982,0.4284495866052094,101.99249713249084,45.88525687068821,0,0
2026-09-12 00:23:41.912018,32.77864620672478,0.1335407579687217,103.9656657327718,42.68248448347797,0,0
2026-09-12 00:23:42.912018,32.89619245377351,0.3964654736572834,102.40957888487796,54.81306787355816,0,0
2026-09-12 00:23:43.912018,33.70839216541865,0.2250563812032493,102.61908377650587,50.21019518498616,0,0
2026-09-12 00:23:44.912018,30.26597277288431,0.1902336650184308,101.58803279861326,54.5361733002881,0,0
2026-09-12 00:23:45.912018,30.591947122216787,0.3943953704030771,97.9936898608008,48.07033436742218,0,0
2026-09-12 00:23:46.912018,28.14704431369695,0.3585518455387504,98.9106669387375,48.815910784815706,0,0
2026-09-12 00:23:47.912018,29.05178143191885,0.4003614961904952,101.90975160132768,53.56649088310316,0,0
2026-09-12 00:23:48.912018,31.847313449313425,0.3640561558036461,100.97812189607984,53.66174039825263,0,0
2026-09-12 00:23:49.912018,33.61165331150645,0.4647876001389921,101.87968577294563,53.98782811342977,0,0
2026-09-12 00:23:50.912018,29.581661172957,0.3446979069555588,104.35284683568814,48.52399373448652,0,0
2026-09-12 00:23:51.912018,28.64943220544577,0.2874818099101473,102.45207199845866,53.07273618825434,0,0
2026-09-12 00:23:52.912018,30.001583876569796,0.3274341101857074,103.51777241148564,55.54549732738359,0,0
2026-09-12 00:23:53.912018,31.803620246787343,0.3994775302676771,101.18936277894146,49.47613994159233,0,0
2026-09-12 00:23:54.912018,25.668435551599373,0.2376499739791906,99.38556864503111,47.432558181129735,0,0
2026-09-12 00:23:55.912018,23.11145714058829,0.2478489133974895,100.88426768157132,56.71373801658383,0,0
2026-09-12 00:23:56.912018,28.34838945152525,0.2752831988321674,99.39049637256171,46.72777133224346,0,0
2026-09-12 00:23:57.912018,26.33786272225753,0.1316333760987734,104.1165899135449,53.14738248557239,0,0
2026-09-12 00:23:58.912018,28.475579407058067,0.3110462726734037,102.58078215307094,49.70788844740069,0,0
2026-09-12 00:23:59.912018,29.556659043547587,0.1491097036839179,102.04102499325656,40.7921719175772,0,0
2026-09-12 00:24:00.912018,28.64025477293096,0.3042447450346095,103.4718864044562,55.6429703373929,0,0
2026-09-12 00:24:01.912018,34.35740260341224,0.36922318049082,96.95988717095356,36.21073185226316,0,0
2026-09-12 00:24:02.912018,30.98023429380696,0.2618498831484931,102.17627590268532,40.07935966621196,0,0
2026-09-12 00:24:03.912018,30.901423078832487,0.4341692696149496,98.37870843139126,52.63665039740336,0,0
2026-09-12 00:24:04.912018,31.86662143213021,0.1831599280465209,100.98548860306867,52.635355993390576,0,0
2026-09-12 00:24:05.912018,95.34758680681232,5.973569121047932,120.59280145303444,93.20116345167736,1,1
2026-09-12 00:24:06.912018,33.1173353622608,0.3540109645125536,102.32347322419388,50.73911045151623,0,0
2026-09-12 00:24:07.912018,29.77270714039362,0.1627173401351448,101.4563745779219,37.342849771109975,0,0
2026-09-12 00:24:08.912018,32.01144185172364,0.5168635439232426,103.69023434722358,53.534877322353,0,0
2026-09-12 00:24:09.912018,26.784428300879533,0.2949003771596827,99.79620567813475,51.248627435267984,0,0
2026-09-12 00:24:10.912018,25.338723701951807,0.2298012782275494,102.41822877926656,49.77178573333102,0,0
2026-09-12 00:24:11.912018,32.453668974075086,0.1874330244172786,101.32444643379766,50.10420741068886,0,0
2026-09-12 00:24:12.912018,31.12922857829255,0.282398557787226,97.7294194598569,52.46627088096516,0,0
2026-09-12 00:24:13.912018,27.29384533692747,0.2898074502088032,99.16276708295392,49.8554923825107,0,0
2026-09-12 00:24:14.912018,27.39101075617592,0.3082116422831731,100.70024393295566,40.6297224863439,0,0
2026-09-12 00:24:15.912018,33.37630435324431,0.2761763075020831,103.22458489978344,60.98166117261261,0,0
2026-09-12 00:24:16.912018,76.14105998818276,4.712793435200716,127.46880522696674,98.15236209756976,1,1
2026-09-12 00:24:17.912018,34.92801885976789,0.2689896133869403,98.66499835223856,43.57527669022586,0,0
2026-09-12 00:24:18.912018,27.298137796056395,0.1452028706207623,100.71936754390568,48.27431384761704,0,0
2026-09-12 00:24:19.912018,31.915175776825148,0.2880510803480287,105.03561289758606,48.8198290492198,0,0
2026-09-12 00:24:20.912018,29.014144572753047,0.1106017877301377,101.22244666968172,55.39424783254482,0,0
2026-09-12 00:24:21.912018,31.80956229324703,0.3283016504713111,100.3453488498552,39.203655323401165,0,0
2026-09-12 00:24:22.912018,28.36765799365742,0.2216559815773891,101.98347928151244,47.50495867785106,0,0
2026-09-12 00:24:23.912018,29.51162128178312,0.313068828393264,102.52678615916392,41.19681778331248,0,0
2026-09-12 00:24:24.912018,30.122757526187165,0.4051259985219683,100.08766330503988,48.57452242085831,0,0
2026-09-12 00:24:25.912018,26.99343763265558,0.2241001043785599,102.00514954874288,47.63749553457548,0,0
2026-09-12 00:24:26.912018,32.222473036260375,0.3849005006809694,100.34222100665838,50.39847033691356,0,0
2026-09-12 00:24:27.912018,28.46035930058525,0.2653288346651077,102.43865520365888,46.97562800495408,0,0
2026-09-12 00:24:28.912018,88.45522217449532,5.765062779090436,124.77251897425212,86.20505372500982,1,1
2026-09-12 00:24:29.912018,27.016951876174463,0.2707877909441429,101.96393565410578,53.09828345881574,0,0
2026-09-12 00:24:30.912018,22.31299902361407,0.2327605611594647,99.481632907665,52.2733637047129,0,0
2026-09-12 00:24:31.912018,29.426916712199493,0.354979076031623,99.35742723185427,52.75699171389121,0,0
2026-09-12 00:24:32.912018,37.23784626483875,0.2651368216301091,102.8909946093188,49.11549954754579,0,0
2026-09-12 00:24:33.912018,86.61859460748663,5.30500642185861,126.64998745359276,82.93998094326707,1,1
2026-09-12 00:24:34.912018,29.942218860796817,0.2617728119436967,101.57006948419873,49.40573758989615,0,0
2026-09-12 00:24:35.912018,29.211327512375195,0.2964314774253598,100.38720914582696,52.50581035034226,0,0
2026-09-12 00:24:36.912018,30.06739767843614,0.4073744104995883,102.79745354802728,39.116101495140754,0,0
2026-09-12 00:24:37.912018,31.64135734552563,0.1452729803632338,99.78438003994069,51.97055965185429,0,0
2026-09-12 00:24:38.912018,26.457561554073465,0.3018464527160336,100.72879752019824,51.54569093667399,0,0
2026-09-12 00:24:39.912018,33.342965084006615,0.3499922875723234,102.57198562540626,50.31075453042863,0,0
2026-09-12 00:24:40.912018,32.14614394632373,0.3154758859993437,103.34593539832854,49.253432890641626,0,0
2026-09-12 00:24:41.912018,32.154557177123806,0.4047892135546827,99.95248141794664,37.169403070337935,0,0
2026-09-12 00:24:42.912018,31.315427216429185,0.2940523736193181,104.91936796391175,47.80073368449797,0,0
2026-09-12 00:24:43.912018,30.05884997308197,0.2852358846251244,101.62648338738724,58.94719355538687,0,0
2026-09-12 00:24:44.912018,32.01858370790046,0.3473863637610674,98.91414347638252,50.064506477841526,0,0
2026-09-12 00:24:45.912018,31.775442401224133,0.3079451051961079,101.73810409717994,48.46355080662641,0,0
2026-09-12 00:24:46.912018,28.93787786717693,0.2687673009375623,100.23400157103308,50.08453097795056,0,0
2026-09-12 00:24:47.912018,28.279194681309296,0.3412915231669103,101.86813697436637,51.77386434314004,0,0
2026-09-12 00:24:48.912018,30.30556888578596,0.2477977365426683,100.91428750467932,53.29410122344732,0,0
2026-09-12 00:24:49.912018,34.64706045448556,0.2511058278384538,101.1485473803803,48.85559918421029,0,0
2026-09-12 00:24:50.912018,26.2826787730383,0.2577604782587509,99.1768132468277,52.124598011968416,0,0
2026-09-12 00:24:51.912018,25.59742420274268,0.4082455328133125,102.98012246143271,58.3832540138068,0,0
2026-09-12 00:24:52.912018,30.49428252370955,0.0423186915211429,98.68774526569794,55.03125399716357,0,0
2026-09-12 00:24:53.912018,82.64890355049405,4.86519798260883,122.70327619534832,85.99944357520002,1,1
2026-09-12 00:24:54.912018,30.520024993111225,0.3027417451360177,101.73472069829498,46.71614820824142,0,0
2026-09-12 00:24:55.912018,30.731859593725503,0.1655303632609503,104.20568849435594,58.38094753751008,0,0
2026-09-12 00:24:56.912018,29.330393236095585,0.3247781423308801,100.2948138058712,46.04663180038703,0,0
2026-09-12 00:24:57.912018,34.46959031580624,0.3380601593465225,102.40194464540794,51.76783073370232,0,0
2026-09-12 00:24:58.912018,25.19728806457045,0.347171138508592,103.14668035372708,53.662382646190494,0,0
2026-09-12 00:24:59.912018,27.51450892565926,0.087853754956404,102.62936887458814,47.44611404047764,0,0
2026-09-12 00:25:00.912018,29.69023571955286,0.4093111529483551,100.37758342165264,50.43982138737138,0,0
2026-09-12 00:25:01.912018,25.0704335665375,0.2409810636252127,98.81790656561184,54.5523055122592,0,0
2026-09-12 00:25:02.912018,29.472436786703785,0.3549254197402541,96.58490486865728,46.448645508440464,0,0
2026-09-12 00:25:03.912018,34.98441049718406,0.3592859024545828,100.47431900107522,58.34691729773824,0,0
2026-09-12 00:25:04.912018,78.14708097390653,4.393637015090115,125.85141185077404,93.77871282017124,1,1
2026-09-12 00:25:05.912018,30.69210271715605,0.352836796188124,98.75166803047613,59.69845721364192,0,0
2026-09-12 00:25:06.912018,26.21950570448226,0.2691605407270113,102.40041969503751,55.00663067399796,0,0
2026-09-12 00:25:07.912018,86.7190198118806,4.787454197903349,130.78997096017426,92.16656691808988,1,1
2026-09-12 00:25:08.912018,28.87441085902819,0.3934193540422223,101.21214515277369,47.98665894381634,0,0
2026-09-12 00:25:09.912018,29.0468547097313,0.2379964029587008,102.41558322831004,47.46485868604488,0,0
2026-09-12 00:25:10.912018,33.84493138501131,0.2316405229809556,99.68100912632316,49.32102179871492,0,0
2026-09-12 00:25:11.912018,31.67307318217537,0.2677547305570622,101.34096936139385,49.757520692255866,0,0
2026-09-12 00:25:12.912018,26.665626129188905,0.321778938026191,100.16981732654936,56.2761312331729,0,0
2026-09-12 00:25:13.912018,30.73951433529601,0.2954183671342318,102.41029731787636,59.84327050192292,0,0
2026-09-12 00:25:14.912018,31.49466524549036,0.3438453539765736,101.47063433696928,50.99689960327004,0,0
2026-09-12 00:25:15.912018,33.4204471155638,0.1928408506777073,101.11301534885854,45.77185756005298,0,0
2026-09-12 00:25:16.912018,34.74162205970512,0.2406090903655412,104.11669992028396,47.27136979681903,0,0
2026-09-12 00:25:17.912018,26.9547174245164,0.2907202342142773,102.3246122847366,49.084546076943575,0,0
2026-09-12 00:25:18.912018,27.567427466368983,0.4518309834126964,99.61929626774742,44.849389473516126,0,0
2026-09-12 00:25:19.912018,26.22726642325615,0.2908949969268993,100.82827219840448,44.10529298946311,0,0
2026-09-12 00:25:20.912018,29.29794042267905,0.3868177810929305,100.84820242984068,60.48563606186514,0,0
2026-09-12 00:25:21.912018,31.399075123339003,0.3030844135027454,101.16063914525044,51.51306762973127,0,0
2026-09-12 00:25:22.912018,32.9620035497673,0.2613073090049945,106.049018553215,45.83433433159826,0,0
2026-09-12 00:25:23.912018,29.77214692907243,0.2802620460708447,101.741703785422,54.08301785178856,0,0
2026-09-12 00:25:24.912018,29.040457430235467,0.2865264230376895,96.92819485979044,44.108269375965776,0,0
2026-09-12 00:25:25.912018,30.45527397674622,0.348291659116859,99.91440205656608,44.51993976064473,0,0
2026-09-12 00:25:26.912018,27.49457129510993,0.4099689014061243,97.1352558250084,45.984787994678776,0,0
2026-09-12 00:25:27.912018,36.26861616508432,0.3287744678149056,100.34040348590833,58.27256640432517,0,0
2026-09-12 00:25:28.912018,25.177016918645823,0.3949662142993404,97.02537954054716,48.73559967110813,0,0
2026-09-12 00:25:29.912018,30.55422173668717,0.2228168209896251,99.25681905786314,37.79146506548757,0,0
2026-09-12 00:25:30.912018,36.07081865768892,0.2668295592948775,97.95855694073175,56.05032966587797,0,0
2026-09-12 00:25:31.912018,30.020399533679992,0.2420557972633866,101.76832035593496,48.468093179188216,0,0
2026-09-12 00:25:32.912018,29.429882894995515,0.3251555672699882,101.00107872525776,40.752959970607975,0,0
2026-09-12 00:25:33.912018,28.92766373156872,0.2712833291856469,101.60592461499746,48.41658256018295,0,0
2026-09-12 00:25:34.912018,29.458824954712775,0.3583818349627356,100.79089722286297,52.60501948302451,0,0
2026-09-12 00:25:35.912018,34.11854542402959,0.2255198630694046,98.21140449959115,52.02024583266485,0,0
2026-09-12 00:25:36.912018,23.36441426601148,0.3034424778657025,102.02704273850946,58.992074895824096,0,0
2026-09-12 00:25:37.912018,34.600301103888974,0.3549486328809805,104.84444912053893,45.736160687150345,0,0
2026-09-12 00:25:38.912018,25.728128542649564,0.1347757779967511,101.8184251572131,50.23360060132486,0,0
2026-09-12 00:25:39.912018,29.20004301229676,0.4697305045864163,100.14815080136486,46.50215360710789,0,0
2026-09-12 00:25:40.912018,28.712266739104013,0.2773478492096099,98.14386564778911,42.28903552906389,0,0
2026-09-12 00:25:41.912018,31.76565980931216,0.1379968069059061,99.18386605848006,54.42763686152978,0,0
2026-09-12 00:25:42.912018,25.20562694434876,0.3126475118861428,101.90607931314412,52.3163478457376,0,0
2026-09-12 00:25:43.912018,31.38651799824583,0.302675477437852,103.14623605359876,51.41839224849426,0,0
2026-09-12 00:25:44.912018,36.07292886986056,0.2934484496342005,101.52173234944397,52.13395096629322,0,0
2026-09-12 00:25:45.912018,25.91047798622157,0.3792952890341333,102.59977457941196,46.5726357365579,0,0
2026-09-12 00:25:46.912018,30.569118502831188,0.3597955977141645,102.41535648805448,44.97152456340904,0,0
2026-09-12 00:25:47.912018,28.01405346661017,0.3238300952819076,102.01306878277184,50.1882368608468,0,0
2026-09-12 00:25:48.912018,31.277661618579103,0.3360124507157318,99.68305280947747,55.80605701205807,0,0
2026-09-12 00:25:49.912018,30.057443332247257,0.2916513240449531,101.34784702395032,58.040385677267736,0,0
2026-09-12 00:25:50.912018,28.075539272867072,0.4420392679392039,99.30324439223573,53.97716353403717,0,0
2026-09-12 00:25:51.912018,31.46361685461322,0.1816643185313786,101.0348579059162,50.14587213384048,0,0
2026-09-12 00:25:52.912018,35.41304432936023,0.3111721339372717,101.66172706213382,51.34891964699968,0,0
2026-09-12 00:25:53.912018,29.427288624818104,0.3052019704951024,104.35756761477371,50.05796929662686,0,0
2026-09-12 00:25:54.912018,32.15927382644455,0.3650624324851674,98.38053605126474,44.87028330150286,0,0
2026-09-12 00:25:55.912018,26.12018112638651,0.232491689806008,101.9630152619826,50.12323689105271,0,0
2026-09-12 00:25:56.912018,27.130690869545973,0.1605061918082771,103.96247318324718,43.32586591205754,0,0
2026-09-12 00:25:57.912018,31.417218833641133,0.3125458412878554,102.5176955316776,49.3796138694848,0,0
2026-09-12 00:25:58.912018,34.452348085607895,0.3224984393774883,102.66589088565009,58.18052555298159,0,0
2026-09-12 00:25:59.912018,31.06684004635698,0.4191679527558119,102.17538980373564,54.11429611391676,0,0
2026-09-12 00:26:00.912018,29.060825908430537,0.1983710362939931,103.59666897955084,45.38440407881736,0,0
2026-09-12 00:26:01.912018,29.997874216270063,0.3923755013373376,98.82504366377526,49.63785465178859,0,0
2026-09-12 00:26:02.912018,26.248776798090848,0.4893931491221697,98.22814666805952,45.82811844122631,0,0
2026-09-12 00:26:03.912018,31.8135459790661,0.2697788089982018,100.98733171906947,49.68743115911395,0,0
2026-09-12 00:26:04.912018,32.64699918697023,0.196724622440542,96.67767579285658,55.20553908262281,0,0
2026-09-12 00:26:05.912018,28.64372900150076,0.2674420506901303,103.46129160835602,53.26503969154952,0,0
2026-09-12 00:26:06.912018,28.589873556721496,0.3011203973897104,103.44143039099087,62.42072040372668,0,0
2026-09-12 00:26:07.912018,30.797634688956144,0.3451030300005531,100.13329888983095,55.96238701253786,0,0
2026-09-12 00:26:08.912018,28.68984079187821,0.2526884216129562,100.258458806679,51.020001905388455,0,0
2026-09-12 00:26:09.912018,29.80160215612253,0.4244158827317873,100.85530504969866,53.38574987066647,0,0
2026-09-12 00:26:10.912018,36.29916536749955,0.210837414799355,101.10404130087925,48.98778412908332,0,0
2026-09-12 00:26:11.912018,29.25892289776201,0.160863587826176,101.25434783838855,44.36247876456752,0,0
2026-09-12 00:26:12.912018,28.92497954393633,0.3885368339429854,102.1164642137566,56.5288828914376,0,0
2026-09-12 00:26:13.912018,28.05737458309452,0.118030317503504,100.65474729398304,55.04495738465824,0,0
2026-09-12 00:26:14.912018,32.23257591449981,0.2836696184901827,102.88638660695558,48.79472892703018,0,0
2026-09-12 00:26:15.912018,29.45632748034569,0.5494144903366438,101.8918955542506,51.36967868465669,0,0
2026-09-12 00:26:16.912018,28.05188088503572,0.2990365157632054,99.78607310825473,56.20469593692403,0,0
2026-09-12 00:26:17.912018,33.96391209681904,0.2103385879443,103.6702253356082,54.2317571310301,0,0
2026-09-12 00:26:18.912018,34.25880901354091,0.2954082028970565,98.28348602775505,42.6844937437515,0,0
2026-09-12 00:26:19.912018,28.198729302783885,0.2959359369104373,100.81566837835705,51.21810010744912,0,0
2026-09-12 00:26:20.912018,24.400380145918152,0.3128519952282493,102.93383480215094,49.16184237255818,0,0
2026-09-12 00:26:21.912018,33.022541069510766,0.3529810385727696,99.55385379017572,55.56500349569341,0,0
2026-09-12 00:26:22.912018,27.946110522719987,0.2168711065305808,101.6191112935343,55.1552136939133,0,0
2026-09-12 00:26:23.912018,32.371876797488305,0.4350038444189434,102.0866791939981,56.59303914089023,0,0
2026-09-12 00:26:24.912018,24.08968854686449,0.3196091427498094,99.27895226403751,44.41052830639896,0,0
2026-09-12 00:26:25.912018,32.677792014897925,0.3581435237121443,100.85504456081192,46.07944232971881,0,0
2026-09-12 00:26:26.912018,26.36648421215766,0.2497480480195485,100.68699233958158,55.5704121806772,0,0
2026-09-12 00:26:27.912018,32.19229235719958,0.4029105709596426,99.8965242963354,47.04177092328777,0,0
2026-09-12 00:26:28.912018,30.042819203509303,0.2794358072949548,105.60334970410156,42.39283509542847,0,0
2026-09-12 00:26:29.912018,27.138181741810065,0.3222042010794825,99.47378729310904,52.66298243807033,0,0
2026-09-12 00:26:30.912018,28.77889106121966,0.2253515138250312,103.00986058813577,47.26390779867013,0,0
2026-09-12 00:26:31.912018,32.0589553708701,0.2202454698878298,100.21439796623773,58.948953851542,0,0
2026-09-12 00:26:32.912018,30.317683359345704,0.3550564245162306,98.82672762222944,51.48092276994232,0,0
2026-09-12 00:26:33.912018,31.75323894141745,0.2645114535834091,101.20562848631012,50.80129643320833,0,0
2026-09-12 00:26:34.912018,35.92932175354646,0.2316941529996498,102.298186768775,48.153780541921215,0,0
2026-09-12 00:26:35.912018,25.307275164866844,0.2485453326378375,102.84101915013136,57.954176669634855,0,0
2026-09-12 00:26:36.912018,34.85163772490587,0.3559162457373936,104.12453022131014,51.79277229944911,0,0
2026-09-12 00:26:37.912018,30.31306781256964,0.2496769711037111,106.8904925798702,47.95750240921897,0,0
2026-09-12 00:26:38.912018,27.30364785503061,0.2905876054718269,101.5010284075112,46.029581466972765,0,0
2026-09-12 00:26:39.912018,26.00905912278303,0.3012022200229677,99.67381565234922,49.63263472717891,0,0
2026-09-12 00:26:40.912018,29.4326388276689,0.146612089119176,101.90574865358978,45.111765814225976,0,0
2026-09-12 00:26:41.912018,32.76495033577338,0.1823098875701185,100.46757409918702,55.14438720839472,0,0
2026-09-12 00:26:42.912018,29.6173526388674,0.326902231139805,102.85193225970444,40.95828972987883,0,0
2026-09-12 00:26:43.912018,34.533464790742045,0.2410376511077842,98.40567140726856,49.30242985833465,0,0
2026-09-12 00:26:44.912018,86.41664284358349,3.024794627965421,128.77106762976626,83.96065850924457,1,1
2026-09-12 00:26:45.912018,29.963733156461835,0.3773445683400435,102.71209618955102,51.71059710054829,0,0
2026-09-12 00:26:46.912018,26.24281966676064,0.357533493308435,97.63199196440767,46.41358513492165,0,0
2026-09-12 00:26:47.912018,31.090895647874905,0.4455817429850078,99.58194219537006,53.30129353353274,0,0
2026-09-12 00:26:48.912018,32.6606621702919,0.2933528537805453,102.63216208822789,45.56980305807046,0,0
2026-09-12 00:26:49.912018,28.73771461895684,0.3519105540723071,103.3526881123429,49.88807671751595,0,0
2026-09-12 00:26:50.912018,22.1873584301186,0.2532479218723175,98.45552474553608,53.25920785990178,0,0
2026-09-12 00:26:51.912018,30.59684444038948,0.4961895930294979,102.4260517008659,52.31456389746557,0,0
2026-09-12 00:26:52.912018,31.31021565520053,0.4586906921948815,97.10532025467616,46.62480494290266,0,0
2026-09-12 00:26:53.912018,31.21288426488509,0.3009504347614233,100.82132826905791,55.987472582821816,0,0
2026-09-12 00:26:54.912018,33.70734657546646,0.3309268983924153,103.2240936842064,50.43347285742768,0,0
2026-09-12 00:26:55.912018,26.78683896105285,0.4087438079491844,99.89696853979405,53.71497705469576,0,0
2026-09-12 00:26:56.912018,32.04064831635135,0.2882288396148714,97.98615540172398,57.64550503336624,0,0
2026-09-12 00:26:57.912018,33.57752253743392,0.2474700743360236,101.29242959275513,55.58760274387304,0,0
2026-09-12 00:26:58.912018,24.66423724798045,0.3699191800805506,99.79056226672904,55.60064703165522,0,0
2026-09-12 00:26:59.912018,30.95895547775693,0.3062751396866936,102.25911673213167,50.96339964924736,0,0
2026-09-12 00:27:00.912018,28.487460506976987,0.3146395559716208,99.22934713556388,53.96967560455255,0,0
2026-09-12 00:27:01.912018,29.75543198069506,0.2332582925545627,99.4547262206938,51.06798287282158,0,0
2026-09-12 00:27:02.912018,31.04302945061501,0.1625862281309282,96.95799535824752,43.953377661107936,0,0
2026-09-12 00:27:03.912018,28.53831430765934,0.3188913927903281,101.33988942210296,51.51371896252521,0,0
2026-09-12 00:27:04.912018,27.97287576251517,0.372396963319536,100.6781901234468,51.28180491869233,0,0
2026-09-12 00:27:05.912018,30.102457252464077,0.2819354600739166,98.62323065851986,52.91864680760909,0,0
2026-09-12 00:27:06.912018,26.738262183411592,0.4149143615647093,101.3875974275342,49.360015123933024,0,0
2026-09-12 00:27:07.912018,26.742524613344443,0.2436866939667564,103.05414060128828,46.19272221618075,0,0
2026-09-12 00:27:08.912018,32.03811984886951,0.2156236436027264,100.5688641131621,53.28253041587614,0,0
2026-09-12 00:27:09.912018,26.55361789452403,0.2946215754243095,101.53633389964396,43.43363856373876,0,0
2026-09-12 00:27:10.912018,31.998937502727635,0.2933925939718967,101.54662249917033,57.29409567928235,0,0
2026-09-12 00:27:11.912018,31.38777387856185,0.3615974985068177,98.59134034564208,48.84290969397504,0,0
2026-09-12 00:27:12.912018,24.82257981362821,0.2380029740748812,105.1131716414152,51.22764086028084,0,0
2026-09-12 00:27:13.912018,27.967306042993037,0.4094475389451918,100.05830033975543,52.79279076640786,0,0
2026-09-12 00:27:14.912018,33.58232820914212,0.4573533570006602,102.31223240372054,52.95344022422096,0,0
2026-09-12 00:27:15.912018,27.056503406580955,0.2968684778425326,102.5384305544581,42.95507850024133,0,0
2026-09-12 00:27:16.912018,28.60678721307184,0.3999768336147454,100.72080974576848,54.12043290272132,0,0
2026-09-12 00:27:17.912018,31.386182679755688,0.2154802343499791,102.21359005011928,51.51576914188136,0,0
2026-09-12 00:27:18.912018,32.350171527847785,0.3860177232945532,101.49163844363278,46.82369307720696,0,0
2026-09-12 00:27:19.912018,29.245383341866518,0.383782112684757,98.1647204855452,46.25166524527043,0,0
2026-09-12 00:27:20.912018,28.207469415925075,0.3690749824151902,100.33545459749982,48.32973458971577,0,0
2026-09-12 00:27:21.912018,85.68951842432618,2.755988673548155,128.21593997088695,90.26755966567964,1,1
2026-09-12 00:27:22.912018,35.21669899139274,0.0636600847006375,100.07650991730776,58.611336954935126,0,0
2026-09-12 00:27:23.912018,32.936574152345386,0.2486618285078296,98.39199364432672,57.430756625716725,0,0
2026-09-12 00:27:24.912018,30.255954427695077,0.2499267185852318,103.25286743349206,52.2585010048797,0,0
2026-09-12 00:27:25.912018,27.57520283507722,0.2217396049551618,104.20398530922682,48.88300791828954,0,0
2026-09-12 00:27:26.912018,27.508666780330305,0.3097794403637653,102.9560059519968,49.01446006031302,0,0
2026-09-12 00:27:27.912018,31.567542315797272,0.2664829243583012,103.54105844829428,53.79032853086984,0,0
2026-09-12 00:27:28.912018,31.25519466266605,0.2340310392187982,100.31073032598368,58.78913449750975,0,0
2026-09-12 00:27:29.912018,34.20479577883929,0.2152959881401744,99.72748633002792,47.14801630201629,0,0
2026-09-12 00:27:30.912018,31.951350277608416,0.2427589611611817,99.44282590637658,44.41206978688338,0,0
2026-09-12 00:27:31.912018,25.490759094720545,0.3897199369479942,102.28812984591444,57.73820386797635,0,0
2026-09-12 00:27:32.912018,33.15584285316876,0.2471179956298004,101.4541261062883,41.06430706207775,0,0
2026-09-12 00:27:33.912018,27.00581811805676,0.2588049034853382,100.84555657680316,44.95734595873677,0,0
2026-09-12 00:27:34.912018,79.76791010103098,3.792901999081833,137.07654415665513,94.76504087153847,1,1
2026-09-12 00:27:35.912018,30.750600618755083,0.3271194811047536,101.80988270763068,42.197832660974846,0,0
2026-09-12 00:27:36.912018,35.98700246935189,0.3364999590822826,99.32268472495883,55.56074531403299,0,0
2026-09-12 00:27:37.912018,39.32975566801608,0.056427476860547,99.6381823417286,54.2845263525255,0,0
2026-09-12 00:27:38.912018,31.820169177408548,0.3817308171062086,102.36398659850828,47.12603386392341,0,0
2026-09-12 00:27:39.912018,29.45041014383884,0.4149094427395003,103.0834657053092,56.39807059588874,0,0
2026-09-12 00:27:40.912018,31.60351694544165,0.2159850770110664,102.10336046451194,57.24646214201913,0,0
2026-09-12 00:27:41.912018,32.66296627762151,0.2222161404212132,104.79377749574417,49.43414675854968,0,0
2026-09-12 00:27:42.912018,29.037997123328424,0.2639797289777382,104.27001433146285,47.74665911215996,0,0
2026-09-12 00:27:43.912018,35.385634067736966,0.2395196784434716,101.88207166970152,61.29801013871239,0,0
2026-09-12 00:27:44.912018,30.690212277574208,0.3179141499157285,99.322838681037,53.60580911042077,0,0
2026-09-12 00:27:45.912018,31.49322926727418,0.1442779770912908,98.38002497653646,51.28162326484426,0,0
2026-09-12 00:27:46.912018,31.997772756163386,0.2105657913570608,100.22523650997056,56.817729733198064,0,0
2026-09-12 00:27:47.912018,31.264759831843367,0.4231357760139926,102.50642689283232,51.50965317501511,0,0
2026-09-12 00:27:48.912018,32.516821501408835,0.2257424026121585,104.65329415862388,47.47189707040405,0,0
2026-09-12 00:27:49.912018,28.14824044035923,0.399474262248234,101.8348940688216,50.40079880243777,0,0
2026-09-12 00:27:50.912018,28.32509473816191,0.3284270556472109,103.33744558846249,55.19327143659868,0,0
2026-09-12 00:27:51.912018,26.69953730108492,0.1552585828329393,100.5093850276244,40.03907216825393,0,0
2026-09-12 00:27:52.912018,31.31850369186068,0.3508263356172965,102.2455382504551,48.5598463028039,0,0
2026-09-12 00:27:53.912018,32.33680951053634,0.2905866158245717,102.64671365895434,56.91528699290802,0,0
2026-09-12 00:27:54.912018,31.373318598455658,0.2635626355000207,97.04081144829496,47.440657994532415,0,0
2026-09-12 00:27:55.912018,35.023477300042615,0.3195965674537603,100.17312239524698,57.730542802157046,0,0
2026-09-12 00:27:56.912018,29.98321194351286,0.3379706788453434,102.89940076855574,57.07371909679907,0,0
2026-09-12 00:27:57.912018,32.00622496677754,0.3566073457579695,101.54893667127313,49.672354422555244,0,0
2026-09-12 00:27:58.912018,89.44971528406928,4.367770163411905,124.1653037706941,82.82420618554906,1,1
2026-09-12 00:27:59.912018,28.8387008925768,0.3326508730222685,96.13975524854528,48.56320562925183,0,0
2026-09-12 00:28:00.912018,32.086613272697335,0.189949272897091,100.268438509396,63.32307246000717,0,0
2026-09-12 00:28:01.912018,32.54730633222943,0.2621083633879047,100.85682861421223,59.37212223466622,0,0
2026-09-12 00:28:02.912018,29.118099157007453,0.5354438668214897,99.23215410034332,50.62695485903369,0,0
2026-09-12 00:28:03.912018,29.7852022444258,0.3579592848305382,101.286169874056,46.95923224189795,0,0
2026-09-12 00:28:04.912018,25.44637875995757,0.4895429840649197,102.0127734944658,50.58520517790632,0,0
2026-09-12 00:28:05.912018,28.92891239758017,0.4116347265759348,102.34137434145246,51.21913463308383,0,0
2026-09-12 00:28:06.912018,32.67114949055936,0.3193441657244599,96.28816215013536,43.78320631195323,0,0
2026-09-12 00:28:07.912018,31.7256150483197,0.3241125655824893,98.37142980438377,50.4002063460763,0,0
2026-09-12 00:28:08.912018,31.501997164143628,0.2970735968098523,100.39075470329053,56.61202162405865,0,0
2026-09-12 00:28:09.912018,30.14932106154288,0.16097563073228,102.14434626207492,41.00321659391764,0,0
2026-09-12 00:28:10.912018,30.02118947588453,0.3014437801974579,101.97846802710008,54.13291982568624,0,0
2026-09-12 00:28:11.912018,28.01903658157966,0.3968539642033757,101.94373989575335,56.8739898502739,0,0
2026-09-12 00:28:12.912018,32.09648526060761,0.2520288004143037,100.23316411606214,47.19721327452816,0,0
2026-09-12 00:28:13.912018,31.262918833168168,0.3329562399249448,100.34473312538007,58.47087879095528,0,0
2026-09-12 00:28:14.912018,31.4760565439784,0.3681272836714557,99.54334146315652,46.54831468775827,0,0
2026-09-12 00:28:15.912018,28.42189547199726,0.2272255648550019,102.5363882562117,52.20541330930202,0,0
2026-09-12 00:28:16.912018,23.539971240386265,0.2638957708525068,99.15902242452084,48.46613657668185,0,0
2026-09-12 00:28:17.912018,33.29145813526109,0.2185670807618272,102.70007279037914,48.46501821418698,0,0
2026-09-12 00:28:18.912018,28.563487631974787,0.2342267514648474,101.41570647627528,46.91350465120977,0,0
2026-09-12 00:28:19.912018,27.41167270787064,0.1969915773077551,100.90991104308968,53.4928774043101,0,0
2026-09-12 00:28:20.912018,32.08043673574198,0.2279641230897578,99.68657920044708,54.24402728865724,0,0
2026-09-12 00:28:21.912018,28.82396208024261,0.4135564544638271,98.28891627767176,49.67788900211406,0,0
2026-09-12 00:28:22.912018,33.17980915213987,0.2267618376727765,99.70469448724393,43.20015893163863,0,0
2026-09-12 00:28:23.912018,31.85101784873009,0.3101167375248552,100.33998626275024,52.015850833171946,0,0
2026-09-12 00:28:24.912018,32.05070796960143,0.2597704997063235,96.2619513768375,52.11007179705347,0,0
2026-09-12 00:28:25.912018,25.9021328663984,0.3943092749629551,100.60528968933068,48.91642494306787,0,0
2026-09-12 00:28:26.912018,33.6358319561592,0.4048929837282893,102.84871473605202,59.33615643590405,0,0
2026-09-12 00:28:27.912018,30.783751593701567,0.3691255985711157,102.13443581086774,42.18035367549673,0,0
2026-09-12 00:28:28.912018,28.89216858226139,0.3244907642482204,100.00758824851698,38.91358144873216,0,0
2026-09-12 00:28:29.912018,30.430165402026752,0.2815152370527281,101.09387259683044,46.34582550151165,0,0
2026-09-12 00:28:30.912018,24.67129430130504,0.2046500236647,99.887670861156,53.55212267045725,0,0
2026-09-12 00:28:31.912018,31.225958434442013,0.4554823104897757,101.2975214666714,44.72077681283079,0,0
2026-09-12 00:28:32.912018,26.911885475453783,0.2392261585797957,104.08021564748806,45.09514540736962,0,0
2026-09-12 00:28:33.912018,25.9419891424694,0.3530917077626273,102.93699760524976,54.755106680890776,0,0
2026-09-12 00:28:34.912018,91.62089765921836,4.987573125408203,138.70688617315335,98.8474574300503,1,1
2026-09-12 00:28:35.912018,33.33806512496977,0.2555775602475736,100.01423017523256,51.885304548142,0,0
2026-09-12 00:28:36.912018,28.112209818921635,0.383041002185277,102.49987678588968,53.90714459732765,0,0
2026-09-12 00:28:37.912018,82.01827342832101,3.784349894633592,121.80269729508254,95.72216595516475,1,1
2026-09-12 00:28:38.912018,28.392595610843102,0.4382371068305412,100.49529303601824,48.105079629709046,0,0
2026-09-12 00:28:39.912018,24.87792612722116,0.262452282685863,102.1674228396479,54.04889636280713,0,0
2026-09-12 00:28:40.912018,26.650426680154023,0.1971308786176228,102.4808424280955,43.275566096094,0,0
2026-09-12 00:28:41.912018,33.70743486002082,0.2595608195644391,102.33976898043149,39.28640076800727,0,0
2026-09-12 00:28:42.912018,29.53230546619,0.3167082834027465,101.5896613784194,47.83357913186073,0,0
2026-09-12 00:28:43.912018,28.3551381105282,0.3046570181668045,100.60855004183225,54.654366445328456,0,0
2026-09-12 00:28:44.912018,30.480054677558364,0.2685249682980359,102.07595193965298,51.27779849493402,0,0
2026-09-12 00:28:45.912018,31.505348208502635,0.1472642032818205,99.0942779188274,54.28645752061507,0,0
2026-09-12 00:28:46.912018,33.352196447707385,0.3376386396903285,99.3106454734135,39.91852844788417,0,0
2026-09-12 00:28:47.912018,34.34549768967878,0.457787558326576,101.1234693529206,51.57748404161746,0,0
2026-09-12 00:28:48.912018,28.92069406263274,0.3371400990498402,101.3463952854175,53.26932252321189,0,0
2026-09-12 00:28:49.912018,26.021856941753885,0.3487308415242811,97.3487696428707,43.24601288694657,0,0
2026-09-12 00:28:50.912018,28.759604516630173,0.3457956244924081,101.91029276189904,54.31028795273272,0,0
2026-09-12 00:28:51.912018,30.78084151974866,0.3317637335905919,102.5454567558388,49.44240551747104,0,0
2026-09-12 00:28:52.912018,27.10872322136817,0.3745332773494476,100.84542952506742,65.35668350803002,0,0
2026-09-12 00:28:53.912018,27.12854725531487,0.3316298944948532,105.748932566568,39.11381965551632,0,0
2026-09-12 00:28:54.912018,31.03136364464965,0.2749858264277379,99.63412978736964,56.84557183837376,0,0
2026-09-12 00:28:55.912018,29.854042945288647,0.2363208871992996,100.27782567322626,48.02920951736963,0,0
2026-09-12 00:28:56.912018,30.09839098623476,0.280082107577546,100.20986618774558,41.91424142779978,0,0
2026-09-12 00:28:57.912018,27.72451399589979,0.3251303597160532,100.84762477741796,47.36522428217504,0,0
2026-09-12 00:28:58.912018,29.308797857382697,0.2747133631101621,100.3425503740674,51.38739620668733,0,0
2026-09-12 00:28:59.912018,27.227300567195087,0.3251470946505144,98.18637891079024,55.187333347825216,0,0
2026-09-12 00:29:00.912018,32.67059523337436,0.3351320106960334,99.90690340752704,58.60982144066088,0,0
2026-09-12 00:29:01.912018,33.10574800417126,0.3666543545016145,100.80475860845183,57.109465443521714,0,0
2026-09-12 00:29:02.912018,24.46143641328572,0.4026235975071184,103.457144164124,45.17308989647753,0,0
2026-09-12 00:29:03.912018,27.21146741942277,0.3062405934783085,105.40448654674584,55.65082346133058,0,0
2026-09-12 00:29:04.912018,25.510412234729763,0.1953778747881871,103.67094779570132,51.95642478560437,0,0
2026-09-12 00:29:05.912018,28.049928196779305,0.2723916722544648,99.4492419406548,46.72698489535506,0,0
2026-09-12 00:29:06.912018,29.74968609062892,0.3035250053925279,99.60838077874767,48.9404470326126,0,0
2026-09-12 00:29:07.912018,25.65106434090441,0.1531384995058327,100.6813428449813,46.450786702776384,0,0
2026-09-12 00:29:08.912018,80.27810485539364,4.133882405425618,139.60596663972413,91.0912142752555,1,1
2026-09-12 00:29:09.912018,26.988127883755503,0.3113902330008373,100.66915189563622,46.3517105885294,0,0
2026-09-12 00:29:10.912018,30.621801988196832,0.3305082267664228,98.34498501892514,44.8600296339128,0,0
2026-09-12 00:29:11.912018,30.20803301110875,0.4092421170021012,99.99764572609394,52.39559563891386,0,0
2026-09-12 00:29:12.912018,27.83478733998824,0.2495885735886122,102.51411200363884,53.14365274129818,0,0
2026-09-12 00:29:13.912018,30.530462616418195,0.3459233544707224,102.37988055379218,49.06201499954194,0,0
2026-09-12 00:29:14.912018,28.359959746238204,0.2912108701518451,100.59956666701667,56.83825651967986,0,0
2026-09-12 00:29:15.912018,29.18503466902184,0.2852730506387264,102.36682934712006,48.69784706752444,0,0
2026-09-12 00:29:16.912018,35.02035627089561,0.2382246089756496,96.45365559490634,48.48612727437231,0,0
2026-09-12 00:29:17.912018,34.02138315537104,0.4332482570949222,101.2076584700654,53.302444911728486,0,0
2026-09-12 00:29:18.912018,26.101256289217208,0.2699599967939543,102.72137084273726,49.33787207528332,0,0
2026-09-12 00:29:19.912018,92.08364437698292,5.565527089033948,135.9698354110611,83.6416186650051,1,1
2026-09-12 00:29:20.912018,32.434189663474776,0.149999409002245,99.32732292700744,37.397807646904674,0,0
2026-09-12 00:29:21.912018,26.555210133742143,0.3943990823751829,97.26710369447304,50.08353692368988,0,0
2026-09-12 00:29:22.912018,32.45633293126458,0.3841768924765646,104.17979118962138,40.8640203126437,0,0
2026-09-12 00:29:23.912018,34.61379575523766,0.3077947288237842,99.55969204595688,43.89524714500565,0,0
2026-09-12 00:29:24.912018,26.63236558126676,0.281844602708966,101.48208655572422,43.32338730622247,0,0
2026-09-12 00:29:25.912018,27.24749153695721,0.3320000004490853,102.20783408296676,44.78708423233087,0,0
2026-09-12 00:29:26.912018,33.052984400530505,0.4831032528704231,104.0241358982829,47.255730701838736,0,0
2026-09-12 00:29:27.912018,30.814485932476945,0.1589410640877211,100.69220445202872,47.56753692227257,0,0
2026-09-12 00:29:28.912018,31.65442882571857,0.3625621910059302,99.92114041244317,53.32137602128563,0,0
2026-09-12 00:29:29.912018,31.02176764920149,0.2270706158276877,101.3461352971411,51.111939070673486,0,0
2026-09-12 00:29:30.912018,31.172087762784432,0.2984065282960215,103.56816055308455,40.49462785591007,0,0
2026-09-12 00:29:31.912018,26.02058361506675,0.2801695904737069,100.65965493719844,50.41647318773404,0,0
2026-09-12 00:29:32.912018,33.14195311986435,0.2657345393761795,99.09026183683184,51.59127623291714,0,0
2026-09-12 00:29:33.912018,33.50876997728332,0.2991627896757816,97.91848438336928,48.35716741873521,0,0
2026-09-12 00:29:34.912018,29.31182776779592,0.2092663083777767,98.55740523078956,49.69557011546649,0,0
2026-09-12 00:29:35.912018,29.86956915055841,0.3823344348902373,102.72878299481332,50.95155062698528,0,0
2026-09-12 00:29:36.912018,25.406677492332832,0.1564685191041119,100.35875104738638,53.8229979881779,0,0
2026-09-12 00:29:37.912018,31.542764268053503,0.3431811610262673,99.78495818015858,42.12560006268632,0,0
2026-09-12 00:29:38.912018,91.85169735044276,3.020423071793112,120.49226011206852,95.8562112327032,1,1
2026-09-12 00:29:39.912018,29.813426949002068,0.2063260084954037,101.17009172040036,57.54168049028864,0,0
2026-09-12 00:29:40.912018,33.373060079611506,0.3161906696478956,100.52108981246884,57.08330654148978,0,0
2026-09-12 00:29:41.912018,28.997768307060177,0.1754439130634817,100.4537357125615,54.2546846388789,0,0
2026-09-12 00:29:42.912018,31.6938177776808,0.3031771057375708,103.69864785562147,52.68412341977838,0,0
2026-09-12 00:29:43.912018,26.941006983923653,0.1861698473750756,104.07603256372326,58.27317374201044,0,0
2026-09-12 00:29:44.912018,29.92934354737729,0.3369017667454265,97.779956654182,59.58924000803333,0,0
2026-09-12 00:29:45.912018,29.476937226291493,0.2260514133095699,101.65518546228591,49.35460005976574,0,0
2026-09-12 00:29:46.912018,30.675923766122825,0.2639204786376552,99.4462758027572,45.1528377835584,0,0
2026-09-12 00:29:47.912018,28.891419213499923,0.3235159510354529,100.5034977722778,48.64853841187752,0,0
2026-09-12 00:29:48.912018,29.605582212984995,0.2381966310526211,101.6185567702534,65.48347756886027,0,0
2026-09-12 00:29:49.912018,32.47814151432452,0.2953628800265357,100.57456016613816,42.15321828637403,0,0
2026-09-12 00:29:50.912018,28.689707288285348,0.1788935599004117,101.46091976125528,47.647304302352914,0,0
2026-09-12 00:29:51.912018,25.18026869778396,0.3504700482876924,102.34594041206384,42.93654423753684,0,0
2026-09-12 00:29:52.912018,35.24875171261626,0.4411931044440617,101.58915360108064,50.62381931438693,0,0
2026-09-12 00:29:53.912018,34.14436223607146,0.5233767094327969,99.70632739166476,43.98654485552567,0,0
2026-09-12 00:29:54.912018,26.123211914683143,0.3072934517333151,99.74160078605937,49.45624488583191,0,0
2026-09-12 00:29:55.912018,32.06912341573558,0.3630563312637749,98.12058940676393,40.249524199906205,0,0
2026-09-12 00:29:56.912018,28.491075688345973,0.1575499461674008,99.29215940495855,53.088103325423255,0,0
2026-09-12 00:29:57.912018,30.79046164599318,0.420218746104447,104.92413672379706,56.11172628233987,0,0
2026-09-12 00:29:58.912018,30.882672387040483,0.3620982803779284,99.4159928518095,48.0802818896827,0,0
2026-09-12 00:29:59.912018,29.29677659905104,0.2612853244039013,98.61324237511236,49.32434996462149,0,0
2026-09-12 00:30:00.912018,27.64870300324081,0.3989744640231207,101.63985572368956,49.18296384634344,0,0
2026-09-12 00:30:01.912018,27.928376843051225,0.2796419138683726,100.77927048141628,50.90455337612513,0,0
2026-09-12 00:30:02.912018,27.251424253556277,0.2633579853588355,100.60881352630156,49.80915206516786,0,0
2026-09-12 00:30:03.912018,27.504533375308664,0.3380267940341993,103.81809193282416,53.84058476215347,0,0
2026-09-12 00:30:04.912018,29.79846512985193,0.2149316400135745,102.09825335111672,56.16519566725473,0,0
2026-09-12 00:30:05.912018,27.852720032667744,0.3817299811519958,99.94001413659304,45.929643887539086,0,0
2026-09-12 00:30:06.912018,32.04615619713786,0.2155208150458525,100.15104816481644,48.453357536128514,0,0
2026-09-12 00:30:07.912018,34.46173846600778,0.215995616814145,99.99482697218863,54.50809724462373,0,0
2026-09-12 00:30:08.912018,28.25984027588987,0.2272248169273332,102.74947924316052,42.89165475970484,0,0
2026-09-12 00:30:09.912018,30.71821350160613,0.3607600030012897,100.38370474109372,40.14639359077215,0,0
2026-09-12 00:30:10.912018,31.499055330908803,0.2506579710784233,97.4136929950917,51.13157976449239,0,0
2026-09-12 00:30:11.912018,31.41600681275782,0.1921603372506264,100.90336064253133,52.48173205535246,0,0
2026-09-12 00:30:12.912018,30.227865803748266,0.2515456000051361,97.92594799774416,46.38849906023204,0,0
2026-09-12 00:30:13.912018,32.22804725507917,0.297436610345561,105.3684612035098,47.106744729397725,0,0
2026-09-12 00:30:14.912018,31.446746858041973,0.2055222013068491,99.06866417230552,46.1990383912955,0,0
2026-09-12 00:30:15.912018,26.287012733018106,0.2078655112772525,100.67627046928452,45.66537380327783,0,0
2026-09-12 00:30:16.912018,32.60746819316782,0.4689037067279668,101.51640546940229,53.467479103023,0,0
2026-09-12 00:30:17.912018,32.661872511800226,0.231154767694889,100.42268367864152,44.09750756501181,0,0
2026-09-12 00:30:18.912018,27.71014168746425,0.2741566104981594,100.41993919706762,48.67238569283326,0,0
2026-09-12 00:30:19.912018,30.113813506342805,0.2706210399360571,101.84365457232175,45.47331916242574,0,0
2026-09-12 00:30:20.912018,32.04998697843321,0.2662914553783646,104.05243191759256,42.72355512049392,0,0
2026-09-12 00:30:21.912018,29.372058541261914,0.3497077391975282,102.5350181636346,54.35089087373385,0,0
2026-09-12 00:30:22.912018,33.21893414329804,0.3758514360377639,103.95702775714707,47.40087388913231,0,0
2026-09-12 00:30:23.912018,37.09161748385808,0.2755236454774726,98.906761783813,50.942200402103786,0,0
2026-09-12 00:30:24.912018,27.64204190209505,0.201081737072612,101.63472526651071,42.45962060099495,0,0
2026-09-12 00:30:25.912018,25.856866190538675,0.4019552182279122,101.31049210411656,46.29030273121762,0,0
2026-09-12 00:30:26.912018,30.911455786814628,0.2923727127042654,101.70218258335348,53.78043940347503,0,0
2026-09-12 00:30:27.912018,32.16468751537843,0.4384257451885734,103.75246394127116,62.93635727922655,0,0
2026-09-12 00:30:28.912018,29.307400878465693,0.1203531281947869,100.55842170041588,40.11891967804844,0,0
2026-09-12 00:30:29.912018,34.3597819899631,0.3156322577026656,100.18899326689184,48.99446102355287,0,0
2026-09-12 00:30:30.912018,25.98418260083025,0.4534885067100966,102.06796159483731,52.0614029907175,0,0
2026-09-12 00:30:31.912018,32.078755869094834,0.2717388691649473,97.4435945448683,46.91949923380359,0,0
2026-09-12 00:30:32.912018,28.18241753772332,0.2819605261332291,100.52629590175565,54.24760993497062,0,0
2026-09-12 00:30:33.912018,35.15813371862189,0.3236409353272271,100.7316046214291,45.66633664669843,0,0
2026-09-12 00:30:34.912018,35.977546059504355,0.2552963344892034,99.15928276738614,50.769238301083206,0,0
2026-09-12 00:30:35.912018,27.70003023664996,0.2750342454357813,103.11411802271316,47.3896404775082,0,0
2026-09-12 00:30:36.912018,81.44344309537549,4.859655937830293,132.9244705564936,92.3335120586004,1,1
2026-09-12 00:30:37.912018,32.57876366093941,0.2498063412458901,100.7282539032724,46.61817748482197,0,0
2026-09-12 00:30:38.912018,28.838608050631457,0.3983085240160448,101.58631445064594,48.24063101856742,0,0
2026-09-12 00:30:39.912018,29.863766346203285,0.3368862425837148,103.70690312295224,54.728445187485775,0,0
2026-09-12 00:30:40.912018,30.07616526162723,0.3200502585682641,100.97888713023828,44.859806704535686,0,0
2026-09-12 00:30:41.912018,24.240980531407036,0.3646856805512093,102.8723071882564,50.34375028381786,0,0
2026-09-12 00:30:42.912018,29.95848676171729,0.2788515333437226,102.40119079455424,40.887328281566994,0,0
2026-09-12 00:30:43.912018,27.93081667780748,0.2380636945317679,101.24691511233829,44.56033270685462,0,0
2026-09-12 00:30:44.912018,28.520631532800685,0.2517900556308354,98.82097318345308,51.91065637945402,0,0
2026-09-12 00:30:45.912018,34.33089601040644,0.3001426432883687,98.1308382781913,45.04651245231884,0,0
2026-09-12 00:30:46.912018,26.23047931716223,0.2152630633301678,101.21301080283835,47.277135340881046,0,0
2026-09-12 00:30:47.912018,32.43961556024393,0.2599791186730659,99.91460625219476,52.46543201023969,0,0
2026-09-12 00:30:48.912018,29.163111209004576,0.2587106686502852,102.83852218336258,47.10406929426535,0,0
2026-09-12 00:30:49.912018,29.16071949451249,0.4699644983863211,102.49171303619715,54.11421036608179,0,0
2026-09-12 00:30:50.912018,32.371115688155136,0.0780948048052866,100.6307780111259,51.07831393743032,0,0
2026-09-12 00:30:51.912018,31.020153883706676,0.2856304222875493,98.68457415211746,52.17841555962252,0,0
2026-09-12 00:30:52.912018,31.711838991658592,0.4380555034251816,102.02147109921457,56.20482799369266,0,0
2026-09-12 00:30:53.912018,32.90455398159858,0.3097475571305963,98.9641011077297,51.59911531307033,0,0
2026-09-12 00:30:54.912018,29.00607485045003,0.3602733978736874,99.48307215413828,57.69423645234672,0,0
2026-09-12 00:30:55.912018,28.16328979647675,0.3079861052079814,99.0411685235697,54.55631141518912,0,0
2026-09-12 00:30:56.912018,26.74454842032661,0.2466133295026815,100.7229979561201,47.38273785082772,0,0
2026-09-12 00:30:57.912018,27.52376841006313,0.1206467252392869,103.34038466814113,56.46574037510636,0,0
2026-09-12 00:30:58.912018,38.84728327592617,0.3164364549629042,100.98991825955294,51.31933010451473,0,0
2026-09-12 00:30:59.912018,33.73403874221036,0.2379514716318087,100.1135626151446,48.026601456697485,0,0
2026-09-12 00:31:00.912018,25.946776901375934,0.2359731675067757,97.94877013990951,51.39192847660441,0,0
2026-09-12 00:31:01.912018,26.03262612976929,0.260081019521671,102.10424916945968,55.56163412195132,0,0
2026-09-12 00:31:02.912018,31.445598185155475,0.4395889125298794,99.43919078814274,52.27522547121111,0,0
2026-09-12 00:31:03.912018,31.6417943921339,0.4923870033803178,101.2350352383162,59.11196416275699,0,0
2026-09-12 00:31:04.912018,31.646651505952093,0.3173766350022721,100.29156276816671,55.43265278949411,0,0
2026-09-12 00:31:05.912018,29.235132619338906,0.2628186220870617,102.67635443919887,52.61580016701081,0,0
2026-09-12 00:31:06.912018,29.6236372199913,0.2058218866039031,100.6855272159429,44.86965958629421,0,0
2026-09-12 00:31:07.912018,30.98363857247807,0.3374832129236855,100.8821472909539,49.1013374299494,0,0
2026-09-12 00:31:08.912018,30.25767901887999,0.4426324480052115,101.97149429491093,50.358320698754255,0,0
2026-09-12 00:31:09.912018,23.342098881757394,0.2802127690379874,105.21388036452636,53.48315750608874,0,0
2026-09-12 00:31:10.912018,29.31060110827442,0.109680316739742,102.77689386071712,53.18666520636096,0,0
2026-09-12 00:31:11.912018,27.44578069721906,0.3536039737452419,100.8227877873028,50.84770205109143,0,0
2026-09-12 00:31:12.912018,30.52563425672553,0.3788319769160039,101.00639598123058,50.60174957688586,0,0
2026-09-12 00:31:13.912018,38.95577700781023,0.1731323487691322,99.95028107935111,53.60228447538035,0,0
2026-09-12 00:31:14.912018,31.102444996422918,0.3141187346930362,99.1000085929606,45.70706887185007,0,0
2026-09-12 00:31:15.912018,29.05941094148281,0.3360980812908879,99.89449842586735,58.477579096249286,0,0
2026-09-12 00:31:16.912018,32.765404505931755,0.2941514158392849,99.45570207257612,39.76416557418264,0,0
2026-09-12 00:31:17.912018,31.44806366162764,0.2367383264731717,102.30673676759176,57.27704741086015,0,0
2026-09-12 00:31:18.912018,98.73127049086996,4.283880467349159,123.71815670707907,89.75980741151123,1,1
2026-09-12 00:31:19.912018,31.82055177964701,0.2677296203225053,103.66642112276008,55.01289907135797,0,0
2026-09-12 00:31:20.912018,36.16963069448863,0.1811851069840054,102.50409276723768,51.81920217146306,0,0
2026-09-12 00:31:21.912018,26.607334694022253,0.1360420411464255,101.04100345873532,51.73017205455401,0,0
2026-09-12 00:31:22.912018,31.42089623043436,0.4008679615999447,101.00063722293014,52.77127238013261,0,0
2026-09-12 00:31:23.912018,27.220856610055385,0.3493331181176894,99.8854373807709,54.04527144543889,0,0
2026-09-12 00:31:24.912018,31.666537939026743,0.3070378837703335,101.54016882269552,48.3558458670638,0,0
2026-09-12 00:31:25.912018,27.24394046554172,0.2647780290519357,103.17618492641718,55.173995652631184,0,0
2026-09-12 00:31:26.912018,28.747899559184745,0.2576801268637498,99.59368707548838,44.57764688210608,0,0
2026-09-12 00:31:27.912018,29.114730257286283,0.213941068124671,97.93321582216254,49.97334713336938,0,0
2026-09-12 00:31:28.912018,32.92745015803413,0.2654835484352092,102.40643650971349,54.17984962136138,0,0
2026-09-12 00:31:29.912018,32.75536333182724,0.130393022790386,101.6487319484876,54.97508789807944,0,0
2026-09-12 00:31:30.912018,26.262847870660845,0.2411149077225188,98.75960239711765,52.30394424130701,0,0
2026-09-12 00:31:31.912018,30.164802332999543,0.2751249986919125,99.53321725817176,48.03303781022132,0,0
2026-09-12 00:31:32.912018,27.87126043575248,0.3487904037752335,99.28179145189972,54.48353889184352,0,0
2026-09-12 00:31:33.912018,26.224485267974,0.2968058829301309,99.5509354619315,46.65316880440624,0,0
2026-09-12 00:31:34.912018,29.348948848726888,0.3635938491100447,100.35263449191764,58.75704536874456,0,0
2026-09-12 00:31:35.912018,29.07455163463254,0.4079308084090743,100.4669053914385,49.57664551250168,0,0
2026-09-12 00:31:36.912018,37.280149459036565,0.3846536075059281,99.69841268986308,42.3018715289702,0,0
2026-09-12 00:31:37.912018,31.29887947608209,0.3376407877902845,99.48367236100016,44.02658265991724,0,0
2026-09-12 00:31:38.912018,25.86714749773729,0.3009490143344627,100.54243131216124,50.21821818439794,0,0
2026-09-12 00:31:39.912018,28.30567798748717,0.2215369593269152,101.33538306971911,50.699126356630266,0,0
2026-09-12 00:31:40.912018,33.06414988628819,0.3591955241103453,100.36740692727032,59.84828342475548,0,0
2026-09-12 00:31:41.912018,36.265328318609775,0.4343797905777223,103.3173340466826,44.80750331192887,0,0
2026-09-12 00:31:42.912018,25.24205006328613,0.3273684831720334,102.01617542884158,50.19731099651965,0,0
2026-09-12 00:31:43.912018,24.360226844582865,0.4533807318740898,97.81830828628262,44.70289296458972,0,0
2026-09-12 00:31:44.912018,35.612895526115345,0.1779542633551132,102.0474555308277,47.53672573393298,0,0
2026-09-12 00:31:45.912018,31.168842532112716,0.2076669292176367,102.21108796517116,58.41986015034669,0,0
2026-09-12 00:31:46.912018,27.395121804370905,0.368416120619861,100.13053006375162,44.31831888422005,0,0
2026-09-12 00:31:47.912018,31.603887258367305,0.3211432168122601,98.0096048253937,52.935212120339166,0,0
2026-09-12 00:31:48.912018,22.092756782949365,0.4051025741257446,101.01613351882229,51.96453679507196,0,0
2026-09-12 00:31:49.912018,30.010126519791484,0.2987622687418608,100.9845826970355,49.87914286820896,0,0
2026-09-12 00:31:50.912018,30.983463518529256,0.2305619661977334,98.7567075269336,52.597183115958686,0,0
2026-09-12 00:31:51.912018,32.77281041861349,0.2829125406235966,98.09756156748011,44.199898090283554,0,0
2026-09-12 00:31:52.912018,26.958312143122388,0.1773852823261012,100.82489290709312,58.281612539017786,0,0
2026-09-12 00:31:53.912018,30.25706148421008,0.2097127461522372,100.53384561589836,59.6242274756176,0,0
2026-09-12 00:31:54.912018,27.22372612182124,0.3777955198334408,100.1654692693552,50.23552348879657,0,0
2026-09-12 00:31:55.912018,30.766151267022952,0.3698229931575688,100.83317853050688,62.11553065306777,0,0
2026-09-12 00:31:56.912018,27.313961032910928,0.3290403427844861,98.79444725235936,48.0048603422504,0,0
2026-09-12 00:31:57.912018,28.775697482519337,0.1623137983231624,100.13035877426778,52.0021599692814,0,0
2026-09-12 00:31:58.912018,27.012553815629317,0.2713277139589689,102.0666500612287,57.15944531887257,0,0
2026-09-12 00:31:59.912018,31.95340872547097,0.2020000089071959,100.30005983929742,47.70497769888545,0,0
2026-09-12 00:32:00.912018,32.575353349969994,0.3941226603030212,97.6560550564149,43.09225470560281,0,0
2026-09-12 00:32:01.912018,29.29613829012776,0.2533022293149919,100.05461544455284,41.94141467190573,0,0
2026-09-12 00:32:02.912018,30.114713984880083,0.213140183137476,98.85968307298629,60.30413281951329,0,0
2026-09-12 00:32:03.912018,25.65422575609937,0.3023836932097139,101.53427259292346,47.35487674680611,0,0
2026-09-12 00:32:04.912018,29.10097005597964,0.248787643453231,101.63767480676086,49.07131618290751,0,0
2026-09-12 00:32:05.912018,29.849386148874764,0.4186995128162965,97.68245074982794,44.43617960839472,0,0
2026-09-12 00:32:06.912018,37.86237927308993,0.2412151281972647,102.51802594116438,54.74169639664594,0,0
2026-09-12 00:32:07.912018,26.66409892267751,0.1880617392620295,98.77562739744288,46.09220070387708,0,0
2026-09-12 00:32:08.912018,34.39253171625731,0.1277669187393987,104.11836458096472,47.54368486169339,0,0
2026-09-12 00:32:09.912018,32.99057632039742,0.2975370798069268,100.90244747099877,51.4976020970808,0,0
2026-09-12 00:32:10.912018,30.84190921347041,0.2550455908913658,98.50721300292167,44.679770363772136,0,0
2026-09-12 00:32:11.912018,35.2758614525854,0.1856876314790618,98.71602785861464,49.10708865242887,0,0
2026-09-12 00:32:12.912018,31.116316417820588,0.3951381169004628,101.69619058357468,57.011047947516346,0,0
2026-09-12 00:32:13.912018,31.167477587003788,0.3533796117943393,100.21740022020325,52.14127198758432,0,0
2026-09-12 00:32:14.912018,29.840638040947365,0.2977425696850216,100.80669218076372,50.6527114621418,0,0
2026-09-12 00:32:15.912018,33.670706647255884,0.4091460995336693,104.22556046539408,51.07432354731933,0,0
2026-09-12 00:32:16.912018,33.28940770143265,0.353002882671889,99.60151187154185,48.054324520117184,0,0
2026-09-12 00:32:17.912018,28.122968137511364,0.2341715278785254,101.11992571539142,59.98076159877463,0,0
2026-09-12 00:32:18.912018,26.042258416203698,0.2168623868807387,103.83968897474612,45.93921434732967,0,0
2026-09-12 00:32:19.912018,29.39105808781303,0.3654385235563089,101.5410269509328,51.05463080981965,0,0
2026-09-12 00:32:20.912018,27.599884306807063,0.3317093565173881,97.786794529284,50.57512783171404,0,0
2026-09-12 00:32:21.912018,29.809426276153932,0.3135798214376529,102.01077802346428,55.04381253566568,0,0
2026-09-12 00:32:22.912018,33.71231440405242,0.2322801757704874,98.6739942844331,55.5158696939682,0,0
2026-09-12 00:32:23.912018,28.62809503473963,0.3486358053604603,103.81361505746592,49.83990597756465,0,0
2026-09-12 00:32:24.912018,29.87152985606528,0.239560089349284,99.35426479000404,51.453332465565246,0,0
2026-09-12 00:32:25.912018,30.174068204425183,0.2918410676325057,106.93901901549133,51.64267376956974,0,0
2026-09-12 00:32:26.912018,32.545292646615856,0.4157555317109583,103.93475197665536,38.639291722146965,0,0
2026-09-12 00:32:27.912018,23.259331998046186,0.2471332611351883,99.40677486074404,42.05505198761112,0,0
2026-09-12 00:32:28.912018,28.17989911570411,0.1741608594341711,101.04002761000322,46.974681546390144,0,0
2026-09-12 00:32:29.912018,30.63385107683842,0.2157962246503911,102.50728856326693,47.192006618115656,0,0
2026-09-12 00:32:30.912018,33.600236869280586,0.3795439061350099,102.5673209484534,44.00358789017934,0,0
2026-09-12 00:32:31.912018,28.524292657481386,0.3203784909904167,101.8846725199524,53.74791285686815,0,0
2026-09-12 00:32:32.912018,24.370341881874378,0.2896898097048997,103.50431807393224,50.01059210508736,0,0
2026-09-12 00:32:33.912018,31.85913433789841,0.2592724955750744,100.75406210673124,48.926527263065815,0,0
2026-09-12 00:32:34.912018,28.093912833523117,0.3388287926042552,100.26656466284794,43.719223627463066,0,0
2026-09-12 00:32:35.912018,26.43100002272892,0.2320716119207821,100.30627202415076,49.77727567877606,0,0
2026-09-12 00:32:36.912018,28.126963830860326,0.3244532454914076,102.71674646394426,36.86657622000694,0,0
2026-09-12 00:32:37.912018,29.44642392703245,0.2414996344949634,101.73036208060527,49.1852184459708,0,0
2026-09-12 00:32:38.912018,28.18576600638536,0.2281872491779956,101.58256733138052,50.31591834403878,0,0
2026-09-12 00:32:39.912018,23.38330182870279,0.249001005213999,102.59046849851435,51.20957492160749,0,0
2026-09-12 00:32:40.912018,32.69119859066139,0.269967404281283,96.8978951842923,42.1794911826036,0,0
2026-09-12 00:32:41.912018,33.824625123836164,0.2960936131253037,101.6201376477503,51.12408368345737,0,0
2026-09-12 00:32:42.912018,31.95456597401852,0.3188364636088891,101.43713777774744,44.79284365067728,0,0
2026-09-12 00:32:43.912018,26.58694298872555,0.0049307766857244,104.3376161626014,45.93765083853833,0,0
2026-09-12 00:32:44.912018,29.39552539815745,0.2353879553802588,97.94282403547268,53.589656929113325,0,0
2026-09-12 00:32:45.912018,29.980436054311625,0.2686744018115168,104.11437326475352,60.07056861679872,0,0
2026-09-12 00:32:46.912018,31.79638316868573,0.4204049630886664,101.15081825784934,50.2567937940134,0,0
2026-09-12 00:32:47.912018,32.00502146615424,0.2135997913294294,101.97797906132008,45.91452270679884,0,0
2026-09-12 00:32:48.912018,27.797478603664512,0.313023729447993,104.35183757521877,50.94335223755,0,0
2026-09-12 00:32:49.912018,30.245986669240683,0.419602424778867,102.12152253601114,54.695145787495726,0,0
2026-09-12 00:32:50.912018,31.371841213845723,0.1949625176042181,101.80073657892513,53.10498782936368,0,0
2026-09-12 00:32:51.912018,34.3674669664403,0.3315180180691521,101.48458237160465,63.71556436231873,0,0
2026-09-12 00:32:52.912018,32.11351961947417,0.2358182532852383,100.03304373001124,46.42331215452667,0,0
2026-09-12 00:32:53.912018,32.367170062126554,0.2596293006168612,100.9430217509792,51.26115739959649,0,0
2026-09-12 00:32:54.912018,30.251479883788083,0.2357511332837348,99.5689744677545,57.74458976709101,0,0
2026-09-12 00:32:55.912018,34.23137743561051,0.2414514153267291,100.91086620114903,57.43079618509266,0,0
2026-09-12 00:32:56.912018,31.22928838787849,0.5177529718325194,96.3281386058898,40.2496103673781,0,0
2026-09-12 00:32:57.912018,27.416736269479287,0.3675564697657332,101.8580791351351,49.9832118998001,0,0
2026-09-12 00:32:58.912018,34.21010991037557,0.3881390289428967,100.75652549243274,57.4226038292435,0,0
2026-09-12 00:32:59.912018,32.09370981761708,0.3393594789469197,100.32759252666648,64.45321495199569,0,0
2026-09-12 00:33:00.912018,28.670867936614552,0.1714994569278433,101.43951616788029,53.51897941875409,0,0
2026-09-12 00:33:01.912018,28.56152109780227,0.3315966376258645,98.13287215406912,48.160683531517584,0,0
2026-09-12 00:33:02.912018,30.889726635422285,0.3858343691605877,104.85853999324256,44.95398423781305,0,0
2026-09-12 00:33:03.912018,31.389554385802757,0.2317280420768711,100.7944650770248,61.093716787654245,0,0
2026-09-12 00:33:04.912018,30.59187679689362,0.3772261333728901,100.70831113405562,53.6437079323288,0,0
2026-09-12 00:33:05.912018,30.933926020328656,0.3563468967883263,99.06920757973415,45.759665365572914,0,0
2026-09-12 00:33:06.912018,35.09987212372914,0.4481632035850936,101.04789276489852,48.9842181683311,0,0
2026-09-12 00:33:07.912018,33.21462945670466,0.2665773589989105,103.77391978054656,51.55093258414352,0,0
2026-09-12 00:33:08.912018,30.571906773795074,0.2121911214179418,103.07183241886406,52.71903326944059,0,0
2026-09-12 00:33:09.912018,32.82393174230245,0.2710697512501963,102.70887550228112,45.50190671227105,0,0
2026-09-12 00:33:10.912018,26.90242828941738,0.4148456794530898,102.09279790333454,46.929047909372535,0,0
2026-09-12 00:33:11.912018,31.193781149840422,0.1537275295326429,100.28291494487478,41.7353271881352,0,0
2026-09-12 00:33:12.912018,35.42791904919933,0.1345299427655174,98.0996736659266,55.19881144802391,0,0
2026-09-12 00:33:13.912018,29.34586231382288,0.307151622314529,100.59792245626672,48.29190766614842,0,0
2026-09-12 00:33:14.912018,27.457098214142743,0.2645928565780675,100.52825707093264,52.33160824591646,0,0
2026-09-12 00:33:15.912018,28.043733334220818,0.3006182314540547,103.09758887934248,57.11129254288164,0,0
2026-09-12 00:33:16.912018,26.73110088797284,0.3756249416988692,101.61878088491964,51.099350711869725,0,0
2026-09-12 00:33:17.912018,27.64571427561689,0.2557944523104918,104.2246230558071,49.43514762025466,0,0
2026-09-12 00:33:18.912018,28.88847570422991,0.1501595335255503,103.39497708007634,50.96960738441967,0,0
2026-09-12 00:33:19.912018,25.783298942464075,0.4635585245759955,100.0870087809918,50.31596801925114,0,0
2026-09-12 00:33:20.912018,30.046855001848808,0.2202217370048979,97.40974160676026,56.23082498938973,0,0
2026-09-12 00:33:21.912018,32.706831521359945,0.2152770302390321,103.77115046788296,51.55419198769395,0,0
2026-09-12 00:33:22.912018,27.27673145955924,0.3882976010978077,103.71877044646148,47.27799490210543,0,0
2026-09-12 00:33:23.912018,34.5578517709253,0.2692408703166785,98.26757681819556,55.23924528444875,0,0
2026-09-12 00:33:24.912018,31.532376265582784,0.2949288118372151,104.018480039655,56.15242178179176,0,0
2026-09-12 00:33:25.912018,33.091741756872175,0.3386232099248254,101.76423434118504,43.30834686589768,0,0
2026-09-12 00:33:26.912018,28.02649633844359,0.3866866482487996,101.3213709962513,57.663919423840525,0,0
2026-09-12 00:33:27.912018,32.56357568119985,0.2733231445454582,104.22956650849466,51.823558866042426,0,0
2026-09-12 00:33:28.912018,26.72419829881406,0.4215961604731439,103.68937034646125,51.41634975073299,0,0
2026-09-12 00:33:29.912018,32.670742502509526,0.1291360121012155,102.3026619039904,55.03312315798257,0,0
2026-09-12 00:33:30.912018,30.515518019380597,0.3607829789562461,101.94643413162396,47.165118044978605,0,0
2026-09-12 00:33:31.912018,31.65975365995435,0.2328377953585874,102.23278858106072,54.77082257095462,0,0
2026-09-12 00:33:32.912018,26.473216183125444,0.4097817053286393,100.19988513223495,48.116122651310725,0,0
2026-09-12 00:33:33.912018,27.314790473170184,0.3113635583064436,100.88979710053536,42.62524660144831,0,0
2026-09-12 00:33:34.912018,31.791684654760157,0.2461675734392478,99.19536569081092,45.01121860446533,0,0
2026-09-12 00:33:35.912018,27.1549559873274,0.3530272874417306,100.33392044852216,52.83510916451613,0,0
2026-09-12 00:33:36.912018,31.38961887629737,0.3714550677765801,100.26673224266212,45.27265830002671,0,0
2026-09-12 00:33:37.912018,25.898586580619263,0.351351529828691,99.72938926075668,58.05038061594824,0,0
2026-09-12 00:33:38.912018,32.544522638000004,0.2176243008293551,101.27349300529691,55.94641726719821,0,0
2026-09-12 00:33:39.912018,26.302430055694472,0.2612786301102332,100.35203829859884,56.66719583016483,0,0
2026-09-12 00:33:40.912018,31.65689981303857,0.2996741730302852,102.00446944070394,50.62389289838706,0,0
2026-09-12 00:33:41.912018,31.876892800938,0.2966992277879952,97.75535877341248,51.2893080864748,0,0
2026-09-12 00:33:42.912018,84.70380720222431,3.501612870201622,134.11274588736478,87.1837510683313,1,1
2026-09-12 00:33:43.912018,31.74607970125418,0.1388079013994713,101.263103280355,54.97891755078745,0,0
2026-09-12 00:33:44.912018,30.78132679000067,0.3267461643642803,100.37874152032624,51.89916727518543,0,0
2026-09-12 00:33:45.912018,28.383474431421785,0.2768014916450688,100.65521460038154,52.8365281264613,0,0
2026-09-12 00:33:46.912018,26.974335947771376,0.2329199506892838,97.82950797854028,58.44155905726441,0,0
2026-09-12 00:33:47.912018,24.112122924982263,0.240601057778432,101.712954209339,46.97018508026245,0,0
2026-09-12 00:33:48.912018,31.04895014189908,0.2828369868385629,102.29521196513414,49.36929225061341,0,0
2026-09-12 00:33:49.912018,25.30559168591384,0.0119131916432385,101.98707458840754,51.63335460771084,0,0
2026-09-12 00:33:50.912018,30.286032598323924,0.243896834336676,103.07745411888436,45.32282297270647,0,0
2026-09-12 00:33:51.912018,29.20965535175325,0.2299348140282965,101.403059211565,49.062005893615805,0,0
2026-09-12 00:33:52.912018,32.03742832631458,0.3426226567458099,101.95736236130188,52.464749052334845,0,0
2026-09-12 00:33:53.912018,29.093863501530407,0.2355578653991583,101.31218147691372,48.372893643135846,0,0
2026-09-12 00:33:54.912018,29.011656640958726,0.2827908959863608,102.375101439185,56.54494704864556,0,0
2026-09-12 00:33:55.912018,32.195612112864886,0.4233821302129041,97.84554072773577,42.44537719091503,0,0
2026-09-12 00:33:56.912018,31.005174087252357,0.3795481215852339,99.21283806404398,55.61385620116671,0,0
2026-09-12 00:33:57.912018,30.94846787154833,0.3721817119954762,104.1737993140662,53.30592737408002,0,0
2026-09-12 00:33:58.912018,31.40780276942558,0.2600102055671318,96.07912835580758,47.155857062217045,0,0
2026-09-12 00:33:59.912018,25.393283630378683,0.3434425823431721,100.71964414034932,45.37795715885001,0,0
2026-09-12 00:34:00.912018,32.27036603996095,0.2812881759637125,103.34454991921612,39.59858691378774,0,0
2026-09-12 00:34:01.912018,31.837406382040808,0.284312543145845,100.81347866891647,46.02412493793083,0,0
2026-09-12 00:34:02.912018,26.94995061427051,0.332774827499724,100.1899778570986,55.23588327501498,0,0
2026-09-12 00:34:03.912018,29.2677585789774,0.2522405129263254,101.2588433536306,49.71957136860663,0,0
2026-09-12 00:34:04.912018,29.882078137117105,0.4194402483554563,100.2937596399951,55.81490440195921,0,0
2026-09-12 00:34:05.912018,29.5965096467948,0.287189588832165,101.06169898551389,46.90064464687724,0,0
2026-09-12 00:34:06.912018,31.001579899705604,0.3494688453007731,99.63323792695974,53.53553080053281,0,0
2026-09-12 00:34:07.912018,34.29410034549355,0.4164480383405838,103.21734883991144,46.41250698957789,0,0
2026-09-12 00:34:08.912018,33.245300183018486,0.382532301966014,103.84652984213132,45.1721249689508,0,0
2026-09-12 00:34:09.912018,26.06334241970578,0.187286471784758,100.73321935577675,49.46436391414662,0,0
2026-09-12 00:34:10.912018,31.866209970918145,0.3355916716007907,98.22702115861752,46.675167443400014,0,0
2026-09-12 00:34:11.912018,33.98679995860623,0.3680575515568517,99.9523136593732,42.28588925481394,0,0
2026-09-12 00:34:12.912018,31.16042556206761,0.3713490417728599,100.63202267979408,49.08842649641503,0,0
2026-09-12 00:34:13.912018,33.2729412755579,0.2109364132708295,102.01107775380642,50.53217708215645,0,0
2026-09-12 00:34:14.912018,36.03681133710229,0.247437181038614,98.98397355365864,56.34179305748034,0,0
2026-09-12 00:34:15.912018,33.07112863832094,0.3795646588593297,99.4616753627157,54.6840283856653,0,0
2026-09-12 00:34:16.912018,30.747925786925187,0.2390591703453883,102.02135227571762,56.09971599616416,0,0
2026-09-12 00:34:17.912018,33.135265422254264,0.2760243154668548,102.87781766407912,53.60178749196754,0,0
2026-09-12 00:34:18.912018,30.434663499290675,0.4260700647601575,99.75681190965864,51.663063794749874,0,0
2026-09-12 00:34:19.912018,30.071709129854867,0.2961760599692168,98.333565892098,43.85527546764054,0,0
2026-09-12 00:34:20.912018,28.9457572928588,0.2418580689732925,107.56823640257576,50.749360989676376,0,0
2026-09-12 00:34:21.912018,34.69024007649632,0.2297906114509675,102.56660847417744,52.98396888665407,0,0
2026-09-12 00:34:22.912018,82.17056439900529,3.687405057070613,130.31262110624064,83.3818791390322,1,1
2026-09-12 00:34:23.912018,34.597103174034345,0.1933481593218232,102.73806255106167,53.43144270865907,0,0
2026-09-12 00:34:24.912018,31.499592371221112,0.2802131228882865,100.75108674057115,56.20191717302711,0,0
2026-09-12 00:34:25.912018,25.80208147559417,0.3266584427992017,102.73431377820036,44.84001054317381,0,0
2026-09-12 00:34:26.912018,31.102947878974263,0.4039319856438134,101.31878639555244,48.36791186925952,0,0
2026-09-12 00:34:27.912018,23.69992047704513,0.3534038464295996,101.18254379633515,52.14675356830635,0,0
2026-09-12 00:34:28.912018,31.876524050493103,0.2428747905614257,100.77283626353842,55.80476345371281,0,0
2026-09-12 00:34:29.912018,84.24765579991083,4.364142751243511,120.41226317671727,90.152976593686,1,1
2026-09-12 00:34:30.912018,28.22293213304384,0.2760387969962017,104.87618979878629,49.58777020425424,0,0
2026-09-12 00:34:31.912018,30.370643087866743,0.2011437582360472,99.11693215946453,53.435701530014896,0,0
2026-09-12 00:34:32.912018,96.83632833915853,3.242457015532183,125.88059741109284,94.13180117805246,1,1
2026-09-12 00:34:33.912018,28.48275988721419,0.4150535360916561,100.57428023448726,58.03702274911714,0,0
2026-09-12 00:34:34.912018,26.8232772388302,0.313219204005194,99.077056372979,45.60431953446157,0,0
2026-09-12 00:34:35.912018,34.4449902073878,0.3010017491463829,100.89657441887944,40.40705288220349,0,0
2026-09-12 00:34:36.912018,35.887761571592385,0.4309769315762283,102.37552769712352,50.0503350426129,0,0
2026-09-12 00:34:37.912018,30.01108701554354,0.1854916122356458,102.99060580105844,58.49229351187783,0,0
2026-09-12 00:34:38.912018,33.03438910622507,0.1971520708757781,102.62946144324336,52.93226565166805,0,0
2026-09-12 00:34:39.912018,34.02442774659264,0.1707322823226534,100.38873589042863,53.755452715018166,0,0
2026-09-12 00:34:40.912018,27.772547302384847,0.3298118549184043,101.09918365532316,50.20692881153557,0,0
2026-09-12 00:34:41.912018,28.544082493896397,0.3133194501692099,101.81575810179498,49.23811251364411,0,0
2026-09-12 00:34:42.912018,33.69262353946421,0.4234189093823821,97.48442515211586,42.27545315203442,0,0
2026-09-12 00:34:43.912018,35.05504283612553,0.3194780061709416,102.14116940023972,38.70306871047907,0,0
2026-09-12 00:34:44.912018,31.688642580523062,0.2676674272416557,98.08540142483234,50.98136169220432,0,0
2026-09-12 00:34:45.912018,27.36055693949384,0.3001435898302486,105.08069319781298,56.56274597170113,0,0
2026-09-12 00:34:46.912018,35.961183335098326,0.3094165934768766,100.1909698307166,51.72066852414033,0,0
2026-09-12 00:34:47.912018,28.407087306564108,0.1662590981337466,100.63024964561082,53.11799763526007,0,0
2026-09-12 00:34:48.912018,28.994586656485644,0.5168265315467915,99.46058580152427,57.9185877281977,0,0
2026-09-12 00:34:49.912018,31.027013503468865,0.3415896814481529,99.74005993628862,51.64383425720529,0,0
2026-09-12 00:34:50.912018,34.662481262144325,0.3168006646418071,105.54818713828648,49.3867244984619,0,0
2026-09-12 00:34:51.912018,32.56192792965667,0.3492131187422864,102.8807393772466,45.90737597174967,0,0
2026-09-12 00:34:52.912018,31.24459650108573,0.3567528784469284,97.90159510970432,60.11106281486043,0,0
2026-09-12 00:34:53.912018,31.38986559035432,0.2887557211598054,104.00842580137046,52.6327388957684,0,0
2026-09-12 00:34:54.912018,30.1305440059304,0.2495007091007439,103.38648455028286,45.281991420403344,0,0
2026-09-12 00:34:55.912018,31.67441854355552,0.3479560549057363,100.43757507542342,44.14416166099382,0,0
2026-09-12 00:34:56.912018,22.41131976691709,0.3308568672425162,101.61339388405968,56.265318634644565,0,0
2026-09-12 00:34:57.912018,29.110177622790605,0.2352087920728473,100.97011184115784,44.81279151795837,0,0
2026-09-12 00:34:58.912018,30.723965804750343,0.4135228489093811,104.94515980889386,59.2691707875111,0,0
2026-09-12 00:34:59.912018,26.54695774914148,0.3234681629058387,99.40741962201582,36.217686014546445,0,0
2026-09-12 00:35:00.912018,31.15896995343468,0.3583855489814104,101.29202121955146,57.11297598894989,0,0
2026-09-12 00:35:01.912018,29.386586337041635,0.4113536710143935,100.1437093380144,52.43447405580982,0,0
2026-09-12 00:35:02.912018,35.26642709494647,0.3017511056931867,98.13391919076427,50.59297211528437,0,0
2026-09-12 00:35:03.912018,34.71905917564457,0.3253561605587292,105.38327651010998,49.12270782479119,0,0
2026-09-12 00:35:04.912018,28.602583292645512,0.3648021790804893,98.63686684179518,59.453649242970144,0,0
2026-09-12 00:35:05.912018,29.547486865299916,0.2420111132959958,101.44025837497556,53.535294292006014,0,0
2026-09-12 00:35:06.912018,29.778157303174822,0.3043241330276801,97.51859878723933,45.48398195552274,0,0
2026-09-12 00:35:07.912018,28.64502157152113,0.3100438869320918,100.20185892151382,41.4054502198556,0,0
2026-09-12 00:35:08.912018,30.58507495208438,0.2235153158653284,101.84393764286692,50.88648606573654,0,0
2026-09-12 00:35:09.912018,27.725153793337228,0.4854109430939103,99.35053204099528,49.99464433231293,0,0
2026-09-12 00:35:10.912018,26.608153995187426,0.1874165245206078,102.17360370147132,42.40065981312245,0,0
2026-09-12 00:35:11.912018,31.868133671700807,0.1961516877050273,100.46191781622385,49.72303237258832,0,0
2026-09-12 00:35:12.912018,31.888588752665434,0.4051381260562863,103.32016502479722,47.130326834629,0,0
2026-09-12 00:35:13.912018,27.587052721020022,0.3570613000637234,103.72352182668044,50.04645034153347,0,0
2026-09-12 00:35:14.912018,32.6860662922878,0.2179228146015377,99.82651047853996,53.62961805824201,0,0
2026-09-12 00:35:15.912018,28.10526681250401,0.3485831212081354,101.15346571878592,57.463049737320176,0,0
2026-09-12 00:35:16.912018,30.759495714113942,0.4174280355997847,101.36690845294449,54.544445181846434,0,0
2026-09-12 00:35:17.912018,32.46103203783737,0.2975789553922411,102.2386985908694,46.392796250848974,0,0
2026-09-12 00:35:18.912018,29.89916230588886,0.5079058320059666,101.02876399248854,51.84457564414597,0,0
2026-09-12 00:35:19.912018,94.2161958912496,4.997925665009876,136.5472974240922,82.00927217319412,1,1
2026-09-12 00:35:20.912018,28.450711068337284,0.3555058763087281,100.51318705040975,43.3393552268455,0,0
2026-09-12 00:35:21.912018,29.41060024971571,0.3933222668976802,101.23047973394404,51.991163923461365,0,0
2026-09-12 00:35:22.912018,29.38242170735898,0.3713075121284197,103.59588038707028,59.283361689588574,0,0
2026-09-12 00:35:23.912018,27.76026496037928,0.2836515418683481,102.29216648242372,50.16213302093502,0,0
2026-09-12 00:35:24.912018,29.46967751065265,0.276764681439108,102.40251127888672,42.029086601373,0,0
2026-09-12 00:35:25.912018,76.96319228979458,5.613650637751429,132.32759209231276,86.32214110255663,1,1
2026-09-12 00:35:26.912018,28.52653875857369,0.3652603589321656,100.69238244423794,43.93143900513375,0,0
2026-09-12 00:35:27.912018,29.14537351989099,0.348197874902589,101.63765408715906,54.31802753443144,0,0
2026-09-12 00:35:28.912018,29.23146074251386,0.3832046312634711,98.82965264332852,52.62432495862564,0,0
2026-09-12 00:35:29.912018,29.275507662387664,0.2184904034346611,103.53761531263392,49.14544973262628,0,0
2026-09-12 00:35:30.912018,29.81470740041961,0.2817783216701092,95.43407913531355,48.34417867072089,0,0
2026-09-12 00:35:31.912018,31.43832455425819,0.2247987254300996,100.82570321532916,48.938828491922266,0,0
2026-09-12 00:35:32.912018,32.623551222397566,0.2691109779131087,103.28179195430054,50.0413724717116,0,0
2026-09-12 00:35:33.912018,28.0507043194552,0.3812176713451444,98.27226413274133,46.13882489329229,0,0
2026-09-12 00:35:34.912018,26.390397433832568,0.3086387136580183,101.79955983523372,43.06123459499282,0,0
2026-09-12 00:35:35.912018,26.87386676327069,0.5085487330519816,99.63846710684194,55.69349473347324,0,0
2026-09-12 00:35:36.912018,28.53839123641522,0.3154725093751773,100.26239346962228,48.07299511751521,0,0
2026-09-12 00:35:37.912018,28.944236046550472,0.3047753504463789,102.89188192127888,50.83521552084572,0,0
2026-09-12 00:35:38.912018,27.69001180140763,0.3084946335552173,101.3961138517703,51.42640975583747,0,0
2026-09-12 00:35:39.912018,26.11165000725032,0.2489753045712051,96.93128826423128,51.61010239827607,0,0
2026-09-12 00:35:40.912018,28.631637517577435,0.2953730710097925,99.0471489205368,44.13091001450788,0,0
2026-09-12 00:35:41.912018,30.544279860341916,0.3902230421689316,102.95067146977752,41.62079917724076,0,0
2026-09-12 00:35:42.912018,31.78508839750669,0.3091176534502218,101.897885436386,47.05653737654004,0,0
2026-09-12 00:35:43.912018,28.32773084067504,0.2365232216093222,104.49627114504857,51.97855766208477,0,0
2026-09-12 00:35:44.912018,28.7610065335697,0.2259932303617091,104.3652951880266,46.36025066262844,0,0
2026-09-12 00:35:45.912018,27.21990507345807,0.2639838486667325,100.3155097397064,48.22539323150383,0,0
2026-09-12 00:35:46.912018,29.90568248887567,0.3059090747528704,106.00647561013898,60.63648706874784,0,0
2026-09-12 00:35:47.912018,27.454714097427555,0.3954869228381009,101.04895933970384,40.772880575977325,0,0
2026-09-12 00:35:48.912018,31.7193834397236,0.192760908690685,99.07466293118196,46.22483002044751,0,0
2026-09-12 00:35:49.912018,24.64240052419767,0.2744138977688994,99.73272026817884,59.48302034286965,0,0
2026-09-12 00:35:50.912018,28.921110982642613,0.3115448015548063,96.48654978942116,49.777006640023885,0,0
2026-09-12 00:35:51.912018,30.903322017575228,0.1533035385896452,104.21403801649856,46.47007417250545,0,0
2026-09-12 00:35:52.912018,30.551503548967517,0.2333121373626874,104.18952397808772,55.8438445850556,0,0
2026-09-12 00:35:53.912018,38.07910099194149,0.245608916821105,98.96898512237335,50.27615218240555,0,0
2026-09-12 00:35:54.912018,31.049400073703723,0.2363223700919601,100.54423142323618,48.25845802477997,0,0
2026-09-12 00:35:55.912018,26.98783620947397,0.3153511636017317,101.19121508822516,50.96184463518755,0,0
2026-09-12 00:35:56.912018,29.713607258732782,0.2871552312398562,99.07929389571578,46.70945595308617,0,0
2026-09-12 00:35:57.912018,24.671260999600644,0.2555771117919171,97.48979593745769,44.91254468555961,0,0
2026-09-12 00:35:58.912018,29.75820075210972,0.3342370101242108,100.57928479244616,49.43201536182626,0,0
2026-09-12 00:35:59.912018,27.500831828997725,0.4378459774116999,100.35784114108152,44.94501519961997,0,0
2026-09-12 00:36:00.912018,32.74617082668048,0.4311405213393401,100.22317751802244,50.0534665589824,0,0
2026-09-12 00:36:01.912018,28.3513791762134,0.146178258235013,101.44543212520192,51.7720328373717,0,0
2026-09-12 00:36:02.912018,29.64970225261426,0.3461657747068111,103.85903931705198,54.265302280258055,0,0
2026-09-12 00:36:03.912018,28.09332647578679,0.2857581367948929,100.39381456061656,55.63962492758414,0,0
2026-09-12 00:36:04.912018,35.21655405556,0.3124124274292285,101.34088599744273,47.97131749183874,0,0
2026-09-12 00:36:05.912018,29.036271701646264,0.2681373573165961,102.45374104748988,52.497073039695344,0,0
2026-09-12 00:36:06.912018,35.4976711304376,0.3094070903909762,102.10828585302548,52.462617231031786,0,0
2026-09-12 00:36:07.912018,32.4424552863548,0.3121125916857615,99.77115295110433,51.63909357907992,0,0
2026-09-12 00:36:08.912018,31.44620018200616,0.2536838594120861,101.19275424622808,47.60270294524771,0,0
2026-09-12 00:36:09.912018,31.10619944195256,0.2282905961739855,102.09507964033811,44.85966093767945,0,0
2026-09-12 00:36:10.912018,31.181391894648755,0.2641043453904412,98.74329732497844,52.5100094453328,0,0
2026-09-12 00:36:11.912018,24.21698226196317,0.3187407411565412,103.527078021593,41.46568718903475,0,0
2026-09-12 00:36:12.912018,29.16334981754773,0.3479197073347411,103.86317781042824,48.66080283715844,0,0
2026-09-12 00:36:13.912018,32.53547391355296,0.3682679181872117,99.55443948911102,37.23184492175701,0,0
2026-09-12 00:36:14.912018,29.85330844957768,0.2604647981546469,101.38734003669634,43.31798788320868,0,0
2026-09-12 00:36:15.912018,25.784430459589277,0.3227075653842189,102.28455651334208,45.61433030776288,0,0
2026-09-12 00:36:16.912018,29.84278664826759,0.3770002073562639,99.9087716873425,55.48362103814642,0,0
2026-09-12 00:36:17.912018,35.11231654876647,0.3932475916115302,101.9632276913762,53.44054012202135,0,0
2026-09-12 00:36:18.912018,33.74067514660416,0.2952933716694782,101.32651125258433,47.23032658078879,0,0
2026-09-12 00:36:19.912018,29.813987971901906,0.282325462004831,98.0641636447224,53.64684897564875,0,0
2026-09-12 00:36:20.912018,32.85434783117426,0.3152899387069113,101.91832263195712,54.43811481690199,0,0
2026-09-12 00:36:21.912018,28.900478938895844,0.2080234021682075,98.79971516745792,49.19667575812639,0,0
2026-09-12 00:36:22.912018,24.88838523951984,0.2845112391171593,102.87840570332408,43.07810927893155,0,0
2026-09-12 00:36:23.912018,27.226602035611336,0.3595669118778504,99.65757784973222,48.96043844966943,0,0
2026-09-12 00:36:24.912018,89.13514396102673,2.6050792587064056,126.21073550705722,96.11967589656652,1,1
2026-09-12 00:36:25.912018,29.178020754512087,0.2783785916508888,103.74455782689316,43.83772804584887,0,0
2026-09-12 00:36:26.912018,29.269848061874946,0.3174174560869733,101.99276329305768,51.83523396464984,0,0
2026-09-12 00:36:27.912018,29.10048541117536,0.2340279727767449,98.84105216085092,51.399059271511774,0,0
2026-09-12 00:36:28.912018,35.71240976871902,0.3562793718580019,98.97016685840184,52.22521349947093,0,0
2026-09-12 00:36:29.912018,34.87787674608619,0.2937742851090821,99.80139442275257,51.394615485837214,0,0
2026-09-12 00:36:30.912018,36.6563407003444,0.2779238838643089,101.78928816671332,53.64921517557492,0,0
2026-09-12 00:36:31.912018,29.522864368799848,0.271062093112529,101.71659962986554,49.10335986063484,0,0
2026-09-12 00:36:32.912018,30.886873466241283,0.2949684906480113,99.31379539067426,51.00892553685477,0,0
2026-09-12 00:36:33.912018,25.450072351737624,0.2641697884054433,98.66558102877129,48.01129857877234,0,0
2026-09-12 00:36:34.912018,34.43080327835482,0.352651442880205,101.56316681017168,47.07750392189025,0,0
2026-09-12 00:36:35.912018,26.496661346196195,0.2683773161587055,100.63627986841968,56.69124815381038,0,0
2026-09-12 00:36:36.912018,30.650326691287887,0.4274371276821905,105.31443177489548,39.78115649236752,0,0
2026-09-12 00:36:37.912018,26.70809241710147,0.4172168402785104,101.07320731312616,54.38379994577132,0,0
2026-09-12 00:36:38.912018,28.233399519783912,0.2286765208116396,104.62850565540056,46.89729562277169,0,0
2026-09-12 00:36:39.912018,27.4882127068509,0.3055763415543424,98.65923280379133,46.2498091117844,0,0
2026-09-12 00:36:40.912018,28.176374217972548,0.2479474702931043,97.8535741208766,51.30788742032704,0,0
2026-09-12 00:36:41.912018,28.382631890553064,0.273868194944911,98.75982973494894,42.55195193824498,0,0
2026-09-12 00:36:42.912018,28.35519361522477,0.4601941974115837,103.37825956290692,45.91988464026898,0,0
2026-09-12 00:36:43.912018,32.50000173534092,0.275394286630736,104.51220317938709,45.75430176743504,0,0
2026-09-12 00:36:44.912018,26.68541162081244,0.3288180829661943,99.43564109209473,48.89300870907453,0,0
2026-09-12 00:36:45.912018,30.6616242810416,0.3433057035206622,100.07886794048088,45.97931155919656,0,0
2026-09-12 00:36:46.912018,33.653877456916675,0.2199496502013407,98.662038179575,58.00559342819635,0,0
2026-09-12 00:36:47.912018,28.460410906459813,0.2315923620472635,97.37672030576324,58.98508258248977,0,0
2026-09-12 00:36:48.912018,27.846243327757197,0.2035182102873504,102.43682339555326,39.89003238625968,0,0
2026-09-12 00:36:49.912018,29.30842612445925,0.2291223412881778,101.44604060592432,52.72161352382868,0,0
2026-09-12 00:36:50.912018,33.53917562508213,0.0719975912546254,101.02097596534774,54.29331719538787,0,0
2026-09-12 00:36:51.912018,30.582322892860077,0.3435665920634902,98.19988692567324,52.71492601195553,0,0
2026-09-12 00:36:52.912018,28.406357116177205,0.4643355073004855,104.27991336365731,46.70943253454153,0,0
2026-09-12 00:36:53.912018,81.51053921336592,3.2153942028172797,127.11357128061964,81.48733150299375,1,1
2026-09-12 00:36:54.912018,26.69312355049073,0.1866984912527514,102.06725284963296,46.25862672611152,0,0
2026-09-12 00:36:55.912018,32.04407853132884,0.2485778893680041,98.09087718951056,47.89867984420586,0,0
2026-09-12 00:36:56.912018,31.225821923105304,0.2632898523980002,100.61894962075992,43.95017485666412,0,0
2026-09-12 00:36:57.912018,29.076574586583348,0.2185932178229299,101.58274891247716,49.42605589182725,0,0
2026-09-12 00:36:58.912018,27.484242604658306,0.3688146110716125,101.65415043610662,42.48599144347465,0,0
2026-09-12 00:36:59.912018,27.33995723314963,0.3648208035500266,101.30929708647324,48.99932722885932,0,0
2026-09-12 00:37:00.912018,31.60445200903773,0.2075638564945872,101.98904498409756,43.75709155450118,0,0
2026-09-12 00:37:01.912018,33.68694150746718,0.3580064835558006,98.73895908793408,51.03408180895702,0,0
2026-09-12 00:37:02.912018,28.088076758913616,0.4221450130861812,101.39474521087932,46.60290219528554,0,0
2026-09-12 00:37:03.912018,31.37516011065445,0.4522046564183647,101.22751536696056,51.452901739372685,0,0
2026-09-12 00:37:04.912018,23.73891894419379,0.5292169618468769,101.46334536839012,55.40790364182391,0,0
2026-09-12 00:37:05.912018,28.246146808028403,0.2278405880445441,101.14469043463836,57.94723468052354,0,0
2026-09-12 00:37:06.912018,29.906823201387294,0.5259376341116162,98.4535744521732,37.35997705489755,0,0
2026-09-12 00:37:07.912018,27.2709497490545,0.2716634889192969,98.36440049578204,45.82902953063109,0,0
2026-09-12 00:37:08.912018,27.190480875631213,0.2526027635695588,96.5714636282309,48.48456961443993,0,0
2026-09-12 00:37:09.912018,27.99666133059334,0.3261657899902276,102.6350690196906,52.30163909190742,0,0
2026-09-12 00:37:10.912018,30.87657818497912,0.253435093272559,102.6553150194704,41.74822747922735,0,0
2026-09-12 00:37:11.912018,29.43801294478088,0.3319235312517221,102.68710058244424,45.08953796599892,0,0
2026-09-12 00:37:12.912018,23.285306300025084,0.1943938249810158,101.6135799249229,50.65178601328555,0,0
2026-09-12 00:37:13.912018,23.6378995420948,0.2808997918349252,96.73376156456378,50.424441207633336,0,0
2026-09-12 00:37:14.912018,28.179404466428476,0.4028465787489343,98.94657901642948,51.88809203210047,0,0
2026-09-12 00:37:15.912018,31.373059758160657,0.2954350966855075,101.34083083518622,52.21837863444058,0,0
2026-09-12 00:37:16.912018,21.757485471824296,0.3113276629391906,101.2710360055836,51.69297216557931,0,0
2026-09-12 00:37:17.912018,28.500809471545107,0.3380206883773849,100.55450357369595,50.96827658315746,0,0
2026-09-12 00:37:18.912018,28.421256430447738,0.3936529303454128,101.7378344058165,50.27869886663184,0,0
2026-09-12 00:37:19.912018,34.16501333462534,0.1675820230248453,101.02330341537048,53.323815448621815,0,0
2026-09-12 00:37:20.912018,28.844934564861408,0.3467619241469947,101.24154093110272,38.80338666717887,0,0
2026-09-12 00:37:21.912018,31.148966954222782,0.2785488688606589,99.72186933433596,57.72166743485617,0,0
2026-09-12 00:37:22.912018,30.42377142026239,0.3133310316249471,102.96402197224316,38.97758974559838,0,0
2026-09-12 00:37:23.912018,23.6083005605784,0.3847960135809901,100.13845678263924,44.60419091547754,0,0
2026-09-12 00:37:24.912018,32.30462164989521,0.2044650678870524,98.33870183395877,48.86619601674928,0,0
2026-09-12 00:37:25.912018,30.646189516368864,0.2189884446845528,99.45800197436256,53.36306445544921,0,0
2026-09-12 00:37:26.912018,31.52480591902377,0.1451656032228954,100.30306761727604,35.02366554600192,0,0
2026-09-12 00:37:27.912018,41.77871311930898,0.2560672846588979,102.98800557673768,49.85937838029083,0,0
2026-09-12 00:37:28.912018,23.747661181504235,0.4064345875503053,100.9154640031304,53.96197519707867,0,0
2026-09-12 00:37:29.912018,35.17408994928333,0.2903530249221224,100.6277035620687,54.97259058014239,0,0
2026-09-12 00:37:30.912018,29.13765744179893,0.1927900083476171,98.50267315047476,46.51335170751271,0,0
2026-09-12 00:37:31.912018,30.861986713209028,0.2611457004339962,102.57096517965915,48.49582356522484,0,0
2026-09-12 00:37:32.912018,29.863463264096275,0.1809710637207501,99.69609569195325,46.91925935553686,0,0
2026-09-12 00:37:33.912018,28.72729099980587,0.209985111861507,100.79994428211732,48.03662673236958,0,0
2026-09-12 00:37:34.912018,28.29050121528372,0.331105512821097,103.96036615376372,44.840867246357824,0,0
2026-09-12 00:37:35.912018,92.08875792644018,5.301400074493401,123.67733282895882,87.04559786628407,1,1
2026-09-12 00:37:36.912018,25.448478909984964,0.3890107444162641,97.74349190456964,52.17188461014184,0,0
2026-09-12 00:37:37.912018,32.2517375025653,0.2943103767335731,97.46097952729504,50.65807686636371,0,0
2026-09-12 00:37:38.912018,28.75141678534424,0.306847576315562,100.87137909976153,52.45793253795237,0,0
2026-09-12 00:37:39.912018,26.609791982878928,0.2777301625913684,98.5745187702504,51.070071948504186,0,0
2026-09-12 00:37:40.912018,28.64996142601256,0.3618278270834978,102.297093495266,53.52169300573798,0,0
2026-09-12 00:37:41.912018,33.77144765058772,0.3626527910221608,101.08452612992996,54.39106999077497,0,0
2026-09-12 00:37:42.912018,28.39399473895133,0.3268043481529737,101.33076953804772,41.29141690066948,0,0
2026-09-12 00:37:43.912018,31.07536085462886,0.3451831284726118,99.5865136367153,45.72845174792819,0,0
2026-09-12 00:37:44.912018,27.80713117285358,0.2830328264063659,104.4827673105734,48.843120212549806,0,0
2026-09-12 00:37:45.912018,32.27376554977086,0.3433762405527238,106.68518745602093,49.88661237256329,0,0
2026-09-12 00:37:46.912018,32.056523216370614,0.2729697779620954,100.44283055248656,46.64954713090983,0,0
2026-09-12 00:37:47.912018,35.54582649988923,0.3001785297729921,101.70607849683,54.56011835494153,0,0
2026-09-12 00:37:48.912018,29.473308163502352,0.2780285000506962,101.19483468612864,59.89974184145299,0,0
2026-09-12 00:37:49.912018,32.00596441427372,0.2634225168544643,100.48062627311786,50.93080977790867,0,0
2026-09-12 00:37:50.912018,30.294202618616836,0.2448710561822567,99.3358590645344,50.42170516099105,0,0
2026-09-12 00:37:51.912018,33.88761534558904,0.3374152083087108,98.83006402503904,54.24728127552166,0,0
2026-09-12 00:37:52.912018,27.84350283717381,0.404848473025077,98.72880546894896,40.67080122398282,0,0
2026-09-12 00:37:53.912018,32.23501593863185,0.3936881577335647,101.8104800510983,50.142344702192055,0,0
2026-09-12 00:37:54.912018,29.415908111649955,0.1994747731243651,99.96065104359272,54.89517912733759,0,0
2026-09-12 00:37:55.912018,29.807435468674505,0.4031362441125498,95.84341429971894,46.78423001399444,0,0
2026-09-12 00:37:56.912018,30.27525745334512,0.2745473198705657,101.88971644119664,43.86719710049017,0,0
2026-09-12 00:37:57.912018,30.756721189280032,0.3480586412116473,100.92347743507167,49.07097194950111,0,0
2026-09-12 00:37:58.912018,90.11102290854735,4.000898033974101,136.9063295919837,94.5763406555066,1,1
2026-09-12 00:37:59.912018,30.64413954951158,0.3113583931099204,101.74624479418202,45.45673859042271,0,0
2026-09-12 00:38:00.912018,34.73435417268655,0.3250978546317525,98.0426528073794,60.48080638025476,0,0
2026-09-12 00:38:01.912018,32.95634905684565,0.1812316166464277,96.54064671854005,47.60651809496027,0,0
2026-09-12 00:38:02.912018,32.60746377749069,0.3486613733075351,99.56105523132412,44.23170324286716,0,0
2026-09-12 00:38:03.912018,28.633381421928387,0.4076748006270652,99.7497851586127,49.531893404646944,0,0
2026-09-12 00:38:04.912018,27.332277515315027,0.2860281643454697,102.88631840200031,54.53930318852245,0,0
2026-09-12 00:38:05.912018,32.86590167471326,0.408813450466241,100.98225813542084,50.08707124499116,0,0
2026-09-12 00:38:06.912018,32.62814037758938,0.2848245205238074,103.26737699619702,52.42796960022001,0,0
2026-09-12 00:38:07.912018,34.41801202725294,0.3679667624837294,98.35033388859472,45.64244702833422,0,0
2026-09-12 00:38:08.912018,28.18805812209231,0.122514402723912,102.9305287687609,57.438442232017564,0,0
2026-09-12 00:38:09.912018,29.31135403391896,0.493502222345077,102.44197830686184,52.808555139592215,0,0
2026-09-12 00:38:10.912018,25.081547512423697,0.4196366596194365,96.9635317771376,55.238507844388046,0,0
2026-09-12 00:38:11.912018,28.82258668181738,0.2772299596597056,103.64523568252154,51.82580316237585,0,0
2026-09-12 00:38:12.912018,32.989711531738344,0.1422328778684945,101.18691698353273,54.12442018864392,0,0
2026-09-12 00:38:13.912018,28.60051386231541,0.3230422694644391,101.784089007737,45.63473720161386,0,0
2026-09-12 00:38:14.912018,31.921439385602472,0.1844859562340994,99.27020777514316,47.54294791655219,0,0
2026-09-12 00:38:15.912018,29.428490682006565,0.335588283004599,103.55049402584396,56.73240297778015,0,0
2026-09-12 00:38:16.912018,30.97217108466468,0.3329252575331425,98.62829534152226,57.798709736419816,0,0
2026-09-12 00:38:17.912018,26.556925830553,0.224687746479838,102.6641840367479,44.26467200140462,0,0
2026-09-12 00:38:18.912018,30.255628348901705,0.3896773618891502,102.64121495181736,51.24868033931906,0,0
2026-09-12 00:38:19.912018,21.02659208729783,0.3644459762244939,99.05166514365555,47.845280997573866,0,0
2026-09-12 00:38:20.912018,29.439311525514047,0.3780658669830851,104.96674719884516,46.51484265317569,0,0
2026-09-12 00:38:21.912018,25.10858026885458,0.3007086162935116,101.46305696043504,51.42419847677725,0,0
2026-09-12 00:38:22.912018,33.61798354964045,0.1867580746469034,102.30778522054204,55.70481466182704,0,0
2026-09-12 00:38:23.912018,32.33222205829353,0.378229781776891,97.94575840932848,52.25831236642097,0,0
2026-09-12 00:38:24.912018,31.400012945898244,0.2783702880691367,105.23546000601714,48.40243775040482,0,0
2026-09-12 00:38:25.912018,34.56301868147814,0.1888175885445864,98.55088611954982,52.5743058996758,0,0
2026-09-12 00:38:26.912018,27.15325043752549,0.408163149277946,103.04977286553186,48.20011913209549,0,0
2026-09-12 00:38:27.912018,35.24208959374668,0.4679526016402007,99.0104565641366,52.06057150365301,0,0
2026-09-12 00:38:28.912018,32.79657469278116,0.2967001496816637,99.76202239430464,56.98232850227867,0,0
2026-09-12 00:38:29.912018,29.29033413834316,0.4727296923682633,102.5775080877709,39.614201703495866,0,0
2026-09-12 00:38:30.912018,33.40686044154883,0.3073051782889079,103.05510542735033,53.986261492700166,0,0
2026-09-12 00:38:31.912018,26.681119462765096,0.2695635276666919,98.4574315017718,42.30472539214766,0,0
2026-09-12 00:38:32.912018,27.52645751541698,0.2495633236651618,103.180944338114,56.14163855272231,0,0
2026-09-12 00:38:33.912018,28.174230830280894,0.4309665926394194,103.0899609902664,46.8148719506357,0,0
2026-09-12 00:38:34.912018,28.413066875807957,0.2375884894889782,99.12409318231022,43.91164311196758,0,0
2026-09-12 00:38:35.912018,26.830327071719243,0.358821544797999,104.19729518718222,53.47634613544373,0,0
2026-09-12 00:38:36.912018,33.66924920128598,0.2552668931952633,98.08628474350392,51.82085031571205,0,0
2026-09-12 00:38:37.912018,29.223436798890503,0.2631754589940509,99.75045483444477,45.00406548519171,0,0
2026-09-12 00:38:38.912018,95.96396606865352,5.037288042136594,124.94395245079797,94.40373868638342,1,1
2026-09-12 00:38:39.912018,28.28894590075896,0.2695970522968517,99.29286743059478,49.06259256254359,0,0
2026-09-12 00:38:40.912018,24.53819009835445,0.2676163696463765,101.52763817135867,43.97956524914402,0,0
2026-09-12 00:38:41.912018,30.810172075174265,0.3906243757739845,101.4821521576066,44.69263513538186,0,0
2026-09-12 00:38:42.912018,24.26323507374067,0.4277917834577298,100.62585146015456,50.57810395210717,0,0
2026-09-12 00:38:43.912018,29.794097861743595,0.3515751842627386,102.66480107718112,45.17064182872451,0,0
2026-09-12 00:38:44.912018,25.89505488350157,0.247618417950084,100.54327841468472,52.13269645013271,0,0
2026-09-12 00:38:45.912018,35.961827997692424,0.2591513200561936,101.4630821376276,57.45071797941738,0,0
2026-09-12 00:38:46.912018,32.73408816652417,0.306393221099203,103.2929437549758,49.25722292549709,0,0
2026-09-12 00:38:47.912018,30.317261373814443,0.3256744049540526,102.58137242005168,50.65075530992792,0,0
2026-09-12 00:38:48.912018,33.791120032964,0.2209707271888182,102.57203458162842,60.09048366417744,0,0
2026-09-12 00:38:49.912018,27.461052067602797,0.3578430351663891,98.70164079556643,44.06199441311327,0,0
2026-09-12 00:38:50.912018,31.63043813601028,0.3068410663711679,102.04958515100265,55.95617597590371,0,0
2026-09-12 00:38:51.912018,30.59943130115614,0.1627433345089496,99.243002418061,55.35428798956241,0,0
2026-09-12 00:38:52.912018,30.79206024400101,0.2256858814031415,98.43717004044396,54.27158669586892,0,0
2026-09-12 00:38:53.912018,33.8170605003203,0.2596697061078669,100.85658730743006,56.458739253663154,0,0
2026-09-12 00:38:54.912018,32.197476308339404,0.2941713848927156,99.19140962669682,51.40287482979309,0,0
2026-09-12 00:38:55.912018,30.86617098847507,0.4511423036403197,102.58123543767996,47.08535252200366,0,0
2026-09-12 00:38:56.912018,25.035337691315117,0.3190537044911702,102.62907091939064,55.47286645610284,0,0
2026-09-12 00:38:57.912018,27.11986111416161,0.2327382488081099,97.19474752713712,55.66421105856448,0,0
2026-09-12 00:38:58.912018,29.631873199212823,0.317650464344573,99.34339492084622,55.52656950746644,0,0
2026-09-12 00:38:59.912018,30.280117122829957,0.2718329802036895,98.080426656164,50.22251041159618,0,0
2026-09-12 00:39:00.912018,26.60938882597823,0.3259806591626833,100.07474144681422,46.419027431933365,0,0
2026-09-12 00:39:01.912018,37.23503002673526,0.3464454149628492,101.91035133973764,50.956811270558056,0,0
2026-09-12 00:39:02.912018,34.54918216576072,0.396738451777915,100.51542380364324,54.71115008783918,0,0
2026-09-12 00:39:03.912018,31.80635496117745,0.2980570803463979,99.82048151866572,55.121758949299824,0,0
2026-09-12 00:39:04.912018,30.216110583851236,0.4311168422079866,103.60035305362628,47.85161936462703,0,0
2026-09-12 00:39:05.912018,29.363373090296545,0.3726418130028953,96.39028565480744,51.57686448063695,0,0
2026-09-12 00:39:06.912018,27.144244619933293,0.2434048364150249,103.47374378703644,43.45610847757022,0,0
2026-09-12 00:39:07.912018,30.232441555556587,0.4767884532598771,99.91142341368902,54.92475051502925,0,0
2026-09-12 00:39:08.912018,92.09061724977876,2.894285803687356,129.36512249148112,83.37968819119119,1,1
2026-09-12 00:39:09.912018,26.274718273555127,0.2331900396822211,99.94527332455978,53.92627679785774,0,0
2026-09-12 00:39:10.912018,31.002529251734693,0.4322330440984337,104.08577621107824,44.25347711304919,0,0
2026-09-12 00:39:11.912018,29.534222853525755,0.4662222068158755,98.53804300638949,55.15707953217004,0,0
2026-09-12 00:39:12.912018,24.27657732636783,0.2973579789024351,101.02347273944387,51.60917595011385,0,0
2026-09-12 00:39:13.912018,27.41884496766149,0.2597079791699522,102.05487730372,46.09321152191527,0,0
2026-09-12 00:39:14.912018,28.75918339973507,0.286210003403707,97.77799446422966,53.45678190540263,0,0
2026-09-12 00:39:15.912018,35.66306297202057,0.357178538201416,99.1602036591077,47.04819154097335,0,0
2026-09-12 00:39:16.912018,31.669659373601277,0.4022285324024411,100.70364293300354,53.74777518722564,0,0
2026-09-12 00:39:17.912018,25.993555292700325,0.3456389864690858,99.22666993063125,48.6294426230964,0,0
2026-09-12 00:39:18.912018,31.45810886825291,0.3081378566777416,99.3688164575617,41.394764371851686,0,0
2026-09-12 00:39:19.912018,25.358088033184902,0.4198409416243542,100.30027467384711,45.087918797595314,0,0
2026-09-12 00:39:20.912018,33.24807316166122,0.2749730821558782,102.29916266329236,47.84792645656358,0,0
2026-09-12 00:39:21.912018,28.586626044546364,0.3824735470693525,100.31456444624372,56.84094511874289,0,0
2026-09-12 00:39:22.912018,29.719091433782488,0.2769549761318977,103.1568523889459,54.505718152646125,0,0
2026-09-12 00:39:23.912018,33.97738994262657,0.3344818366408714,99.00448443468127,58.11930706161071,0,0
2026-09-12 00:39:24.912018,26.13850929424725,0.2909149948167638,98.4961554790531,58.26817608014929,0,0
2026-09-12 00:39:25.912018,25.808645444661025,0.2955318253877751,104.85269081144229,47.326245977045424,0,0
2026-09-12 00:39:26.912018,28.249202020961985,0.2698090786030231,99.68408374466898,49.05756570120585,0,0
2026-09-12 00:39:27.912018,33.11513655305795,0.4075883224944555,98.37817598585568,47.943600378347305,0,0
2026-09-12 00:39:28.912018,25.441961773569474,0.2413659169513171,97.51589211645634,46.64244697349461,0,0
2026-09-12 00:39:29.912018,21.50353320566829,0.2407814197961033,103.15020690761789,40.792526453317706,0,0
2026-09-12 00:39:30.912018,28.646523424773005,0.4696794852676087,100.31739097067988,49.92626140991579,0,0
2026-09-12 00:39:31.912018,31.65522239973276,0.3782278051723465,100.4925805298672,43.572172031444445,0,0
2026-09-12 00:39:32.912018,92.93259344262611,5.929932822312804,123.06977114259516,98.5384138463178,1,1
2026-09-12 00:39:33.912018,28.610515913743804,0.2547793008631677,103.02588576933957,60.57885404781492,0,0
2026-09-12 00:39:34.912018,28.765720178651996,0.1550408529950356,100.64094033204816,47.45327451834645,0,0
2026-09-12 00:39:35.912018,33.46170220276724,0.2239447445267796,105.68810755766523,50.97387002814034,0,0
2026-09-12 00:39:36.912018,24.39077490091374,0.0489188267012767,101.26752114810846,54.53324192904641,0,0
2026-09-12 00:39:37.912018,28.83443767445097,0.2890408337844846,103.12356953391664,51.40145645982953,0,0
2026-09-12 00:39:38.912018,30.57127166977517,0.208644654467095,102.6104797158088,51.46242093971148,0,0
2026-09-12 00:39:39.912018,31.347656163855103,0.3047924205437151,100.92710535948392,48.1879878315596,0,0
2026-09-12 00:39:40.912018,28.47057992042735,0.169990299289398,99.82605802795908,48.84061012469384,0,0
2026-09-12 00:39:41.912018,30.103323035117523,0.3066329482537632,101.6639278571331,45.19994738906086,0,0
2026-09-12 00:39:42.912018,22.535017939761037,0.2668066977503738,102.02019746241454,54.23022504444704,0,0
2026-09-12 00:39:43.912018,28.02525476299845,0.4201562372150876,99.85482790374697,41.29254171692952,0,0
2026-09-12 00:39:44.912018,31.360526137663403,0.41290854893965,101.33267773190131,54.85544169191101,0,0
2026-09-12 00:39:45.912018,27.05311789723596,0.3628276482408226,103.4724099565192,42.98150807627379,0,0
2026-09-12 00:39:46.912018,30.17695266476879,0.273870897547103,105.13989547813937,54.81303637038326,0,0
2026-09-12 00:39:47.912018,31.340617502408094,0.4588304316208235,102.70873864069884,48.23091236893909,0,0
2026-09-12 00:39:48.912018,28.972352397426704,0.1757571777728143,104.72551937276056,43.8406565593346,0,0
2026-09-12 00:39:49.912018,30.511391312989712,0.1877153096349069,99.7412515775871,52.89649322539818,0,0
2026-09-12 00:39:50.912018,27.111802304146163,0.2932973520088748,102.40376450411858,54.64383767537888,0,0
2026-09-12 00:39:51.912018,29.38016616091186,0.4803230487136895,103.67703901716254,47.80960675948232,0,0
2026-09-12 00:39:52.912018,31.830648508767663,0.283812887450393,99.207333334056,53.60305274339466,0,0
2026-09-12 00:39:53.912018,30.470918882905305,0.2853403805432574,100.02881977590998,38.57457752665325,0,0
2026-09-12 00:39:54.912018,28.240406191308196,0.1846471715110552,104.4758095236705,43.397018551267,0,0
2026-09-12 00:39:55.912018,30.67264921287238,0.3756743668216302,99.04980228842612,56.46204465234364,0,0
2026-09-12 00:39:56.912018,32.14382937190985,0.3762541003463483,98.31773993468856,48.88165362901042,0,0
2026-09-12 00:39:57.912018,23.85017616426757,0.3631260161119928,104.05596314727902,40.688933367755766,0,0
2026-09-12 00:39:58.912018,33.47722219486769,0.249662346172211,103.39352644996087,46.50566909779003,0,0
2026-09-12 00:39:59.912018,28.991235783956785,0.2434634585301595,101.86424048796754,45.382997637374594,0,0
2026-09-12 00:40:00.912018,31.27646979972069,0.1965502199676023,100.90857849070836,49.17019134263538,0,0
2026-09-12 00:40:01.912018,33.59174077093569,0.3067098001408747,100.12295098879004,48.14624508096176,0,0
2026-09-12 00:40:02.912018,25.884978908308604,0.2135674136577198,101.5638977476181,50.89465864469081,0,0
2026-09-12 00:40:03.912018,27.87167699271736,0.2058066795800568,104.1596139148031,49.652669741937125,0,0
2026-09-12 00:40:04.912018,29.134353912372887,0.2661047426471459,101.47713225228416,56.79869627518509,0,0
2026-09-12 00:40:05.912018,27.64873943662672,0.2608675059852627,105.33391853449392,52.12274299859835,0,0
2026-09-12 00:40:06.912018,35.20480972751042,0.2569617176942436,99.20411602871954,52.28835805596793,0,0
2026-09-12 00:40:07.912018,27.429683718519623,0.3373155677472209,100.96063849134346,55.82578561947261,0,0
2026-09-12 00:40:08.912018,28.3333596615394,0.3063238241720223,100.25388266467218,48.056156247852094,0,0
2026-09-12 00:40:09.912018,30.61316709480893,0.2769475175591105,98.82971691367534,43.69061278320758,0,0
2026-09-12 00:40:10.912018,26.393551421771733,0.3146410342649186,100.69383253398068,56.034851623161245,0,0
2026-09-12 00:40:11.912018,28.81295786473121,0.2206778367116294,101.83465860332088,50.67920874054056,0,0
2026-09-12 00:40:12.912018,30.952359783750527,0.3084222899127742,102.04846035990406,50.696756039494645,0,0
2026-09-12 00:40:13.912018,29.001418786852465,0.3120481994275706,105.34090435788912,46.83335039234882,0,0
2026-09-12 00:40:14.912018,29.719839423300154,0.1797562512514015,101.92893493944712,46.91572333448211,0,0
2026-09-12 00:40:15.912018,28.41200366265489,0.3796555003496289,103.30027360735924,54.233611693854215,0,0
2026-09-12 00:40:16.912018,25.4565890724577,0.2294853035818403,101.13218849259796,54.92327899068805,0,0
2026-09-12 00:40:17.912018,30.96477963401772,0.3072247839365148,104.3561112009052,53.91911702873329,0,0
2026-09-12 00:40:18.912018,35.264799214941725,0.3931529392428216,105.79689857117614,53.96480802722738,0,0
2026-09-12 00:40:19.912018,30.055204892350314,0.3740541406171095,102.0621702619519,52.8451476862988,0,0
2026-09-12 00:40:20.912018,30.675792351742647,0.3027466710855068,99.01468196909684,50.65761365039079,0,0
2026-09-12 00:40:21.912018,32.07816826535058,0.2710000797694345,99.90238995444568,49.12310157839509,0,0
2026-09-12 00:40:22.912018,26.1920085103599,0.3758009526860453,101.56386860641032,56.05161924970777,0,0
2026-09-12 00:40:23.912018,35.10754397438882,0.3539755982246896,101.9129960705013,48.13139564754783,0,0
2026-09-12 00:40:24.912018,30.606986389268407,0.2505307983964696,102.39685026876874,51.84989606940373,0,0
2026-09-12 00:40:25.912018,34.895570697267324,0.2364085082398647,101.92039536246008,45.979935010228765,0,0
2026-09-12 00:40:26.912018,27.80090101342803,0.1342115854643201,101.01396983251188,46.70350481574775,0,0
2026-09-12 00:40:27.912018,35.45418576767347,0.312322547334687,99.72760311759576,48.819227160713865,0,0
2026-09-12 00:40:28.912018,32.325466482104346,0.2933841803985281,101.80227652252846,45.980308116364185,0,0
2026-09-12 00:40:29.912018,31.659120257557078,0.3908953099714033,104.70997471496132,53.9892591273915,0,0
2026-09-12 00:40:30.912018,30.702073363059444,0.3287244074784293,103.03985721085552,43.259828742274856,0,0
2026-09-12 00:40:31.912018,29.254414145776654,0.4067383355338152,102.0694078992724,50.49614811690537,0,0
2026-09-12 00:40:32.912018,33.60159497542162,0.2442108617667063,103.0591338476455,50.66254048421091,0,0
2026-09-12 00:40:33.912018,30.42107960954414,0.3910520264774094,100.25787194219828,40.94600210840159,0,0
2026-09-12 00:40:34.912018,24.098790889238543,0.2576866896716275,99.98346970783336,47.79488089738196,0,0
2026-09-12 00:40:35.912018,26.648440614878997,0.3622076849433817,99.50442979126804,51.27849769024071,0,0
2026-09-12 00:40:36.912018,29.44246274342176,0.1832993285975445,100.74942675446113,52.14363996647034,0,0
2026-09-12 00:40:37.912018,82.16278214749258,5.352137015885408,120.065418506625,86.67202358328385,1,1
2026-09-12 00:40:38.912018,29.830234533300317,0.1412249646843272,103.41654948130429,53.38444102240358,0,0
2026-09-12 00:40:39.912018,33.65691236938099,0.2786290011246596,100.04935316463562,49.453418713819794,0,0
2026-09-12 00:40:40.912018,24.146694407884127,0.3352283195102331,99.39455656755015,50.06826456037528,0,0
2026-09-12 00:40:41.912018,30.43076380951548,0.2583225159015123,104.88515435766126,51.25826934493277,0,0
2026-09-12 00:40:42.912018,24.54606232383853,0.2159649896995226,100.09724953783731,54.63499814367084,0,0
2026-09-12 00:40:43.912018,32.279136886452505,0.3676894775436747,101.3070569145007,46.62140998792234,0,0
2026-09-12 00:40:44.912018,29.71662385667399,0.2917229768122461,101.90264564948684,47.56589063740852,0,0
2026-09-12 00:40:45.912018,31.258829916072354,0.2608343482375462,98.72661376215837,46.65551754135392,0,0
2026-09-12 00:40:46.912018,27.4083511182307,0.3033516736923421,103.47096753900614,48.33901141929033,0,0
2026-09-12 00:40:47.912018,33.838394794973254,0.5109335313556471,102.27423808082246,57.131171290398825,0,0
2026-09-12 00:40:48.912018,33.12517399217656,0.3922802279825235,104.11676802376157,52.86362659664911,0,0
2026-09-12 00:40:49.912018,31.750632909035662,0.3930058934550272,99.6415561255638,44.34455127415579,0,0
2026-09-12 00:40:50.912018,29.61144825940968,0.3348437055193891,101.19825158495232,46.997765172056624,0,0
2026-09-12 00:40:51.912018,31.7395718558854,0.3133188218061717,101.0787115099884,51.86383612138201,0,0
2026-09-12 00:40:52.912018,27.879322296037955,0.1083134169335666,101.52777698870004,45.46746109533615,0,0
2026-09-12 00:40:53.912018,32.566666977062134,0.2456815722829494,98.09077050284569,46.373299795926215,0,0
2026-09-12 00:40:54.912018,34.94844268297176,0.261554046943802,101.22167275738444,56.72479833087074,0,0
2026-09-12 00:40:55.912018,33.21183167993756,0.1500086348761973,98.14707217715252,46.93312185763406,0,0
2026-09-12 00:40:56.912018,27.81119259057777,0.2074067367827652,101.71666814239384,54.77333408014693,0,0
2026-09-12 00:40:57.912018,31.084251951819308,0.1415330823261892,96.74270175096296,56.27661594765469,0,0
2026-09-12 00:40:58.912018,26.120575368724054,0.2969340931442102,97.29682633141884,46.33268954415518,0,0
2026-09-12 00:40:59.912018,31.717170933527026,0.3655012776679053,102.63709743288,45.55018721721429,0,0
2026-09-12 00:41:00.912018,31.351810238587618,0.3885419614899463,99.90632308961044,48.619339567594174,0,0
2026-09-12 00:41:01.912018,24.390550981403507,0.3331827569663392,99.02428385273552,44.556861396631874,0,0
2026-09-12 00:41:02.912018,26.51464846826291,0.2229282927041144,103.5416912421511,50.60516939251371,0,0
2026-09-12 00:41:03.912018,29.1505833097687,0.1454347873184032,101.65525243465684,48.971740440733065,0,0
2026-09-12 00:41:04.912018,29.09742075857752,0.1594505040478798,102.74418039106756,51.80290007943151,0,0
2026-09-12 00:41:05.912018,26.371569193743586,0.1984813938196401,100.66751585535836,56.98471728116411,0,0
2026-09-12 00:41:06.912018,31.16693618805655,0.228891224157146,106.3592573878,54.0874249038516,0,0
2026-09-12 00:41:07.912018,30.754420826821537,0.287220120160673,99.7909722788804,52.44619887706178,0,0
2026-09-12 00:41:08.912018,29.417192604064443,0.2188668625498425,104.48899109871978,40.16975793516041,0,0
2026-09-12 00:41:09.912018,27.73262549952491,0.3271180714934609,100.87726791980018,52.21687991051188,0,0
2026-09-12 00:41:10.912018,33.14612137924969,0.2814181197760421,97.6909792101745,58.613138303522746,0,0
2026-09-12 00:41:11.912018,34.966221339264884,0.300843656939282,101.9656974914962,34.94738741843241,0,0
2026-09-12 00:41:12.912018,28.549315548460388,0.3912200442136964,101.62952512291032,53.44691271487813,0,0
2026-09-12 00:41:13.912018,28.163499248535537,0.2055814612639703,98.89735637152154,49.20320712621768,0,0
2026-09-12 00:41:14.912018,31.47362299623599,0.3334963662633894,99.15556144573056,45.75102498488528,0,0
2026-09-12 00:41:15.912018,28.92591186075904,0.2988821417219141,100.95060471383002,54.00564291955977,0,0
2026-09-12 00:41:16.912018,29.5818083980103,0.2733210975224244,101.69949563049596,58.548529503036654,0,0
2026-09-12 00:41:17.912018,32.218959455174016,0.3708205056692768,96.0586734342412,53.87615364418877,0,0
2026-09-12 00:41:18.912018,24.27193173747812,0.3703211323645606,103.1062429050476,48.144040243692366,0,0
2026-09-12 00:41:19.912018,33.95490697455801,0.2242807363209257,100.01100405237004,45.28265087795922,0,0
2026-09-12 00:41:20.912018,30.218041572988025,0.285427153291366,98.33650503120364,50.72313816894772,0,0
2026-09-12 00:41:21.912018,28.76552056631346,0.3224969346067252,102.88213310290386,54.36584646190794,0,0
2026-09-12 00:41:22.912018,29.73229753733565,0.2781594601581932,100.95276404116308,48.064734868831366,0,0
2026-09-12 00:41:23.912018,29.88728806506156,0.3468017065830238,103.43233155356452,48.54808504174601,0,0
2026-09-12 00:41:24.912018,24.806396089665224,0.322495361432822,101.87590452595953,64.110001249192,0,0
2026-09-12 00:41:25.912018,34.484814682359705,0.446604899228481,100.9969709941039,55.39325972979863,0,0
2026-09-12 00:41:26.912018,30.12397689681185,0.1775776691256169,100.69454011003968,55.75064339196816,0,0
2026-09-12 00:41:27.912018,31.329006391342126,0.2902051208202082,101.96542552111228,42.69857046970594,0,0
2026-09-12 00:41:28.912018,32.85464931172213,0.2273197990790247,100.17293748238134,46.4640566035327,0,0
2026-09-12 00:41:29.912018,26.9365126273191,0.3483285964351235,99.294854822507,50.3734081972712,0,0
2026-09-12 00:41:30.912018,31.420415697105685,0.1706262487963564,102.21981824530928,44.99431221057425,0,0
2026-09-12 00:41:31.912018,29.19707672730362,0.3277050168179909,100.71102431711114,58.00198649444647,0,0
2026-09-12 00:41:32.912018,32.54031232564948,0.2495961254921327,101.067135296138,57.05156153295323,0,0
2026-09-12 00:41:33.912018,23.618317738945517,0.2412670507103188,103.1787596723092,47.33227331307973,0,0
2026-09-12 00:41:34.912018,29.702717099276192,0.184280143716745,100.77224678452852,58.91959303303742,0,0
2026-09-12 00:41:35.912018,28.191538032648115,0.2627939243039195,101.0300678510836,49.97873951640029,0,0
2026-09-12 00:41:36.912018,31.296788851902463,0.386760042423274,99.80070097709812,62.94694858694524,0,0
2026-09-12 00:41:37.912018,31.410132562104607,0.2979849053176416,101.8614798679637,50.72343065262518,0,0
2026-09-12 00:41:38.912018,27.87712231553392,0.3502144334299579,101.69965582536018,52.88096375164211,0,0
2026-09-12 00:41:39.912018,27.86347840747187,0.433171345757302,102.80155026358112,56.9995172058478,0,0
2026-09-12 00:41:40.912018,29.668003894328013,0.321100446785806,99.84174232598625,56.38816674903904,0,0
2026-09-12 00:41:41.912018,27.31007331805437,0.2552960342350127,100.08436606081963,52.55366033067947,0,0
2026-09-12 00:41:42.912018,32.52595108635638,0.3373801772146231,102.58427479829092,49.29429840278082,0,0
2026-09-12 00:41:43.912018,28.892378398657662,0.2564563082948566,101.50442600672572,52.5706634999656,0,0
2026-09-12 00:41:44.912018,21.27903534203508,0.2596461853362264,99.1875637476146,45.919079140619424,0,0
2026-09-12 00:41:45.912018,28.875533830134582,0.1784085760304812,103.613108135469,50.76066859432058,0,0
2026-09-12 00:41:46.912018,26.884368537468085,0.3741005992867514,97.60309886319948,44.453462337510025,0,0
2026-09-12 00:41:47.912018,25.106172553617164,0.2691197939480448,102.56856950652752,41.095591799598495,0,0
2026-09-12 00:41:48.912018,26.28772008533228,0.3145678596652689,98.4695759280036,50.25213382069722,0,0
2026-09-12 00:41:49.912018,30.32822541549891,0.2171230457114688,104.77157703297104,56.31138945335836,0,0
2026-09-12 00:41:50.912018,33.98592248474469,0.3348758103772378,97.91080054618875,54.629023207980296,0,0
2026-09-12 00:41:51.912018,30.93955342159494,0.2390447009491932,103.3045013037455,49.59043852137196,0,0
2026-09-12 00:41:52.912018,28.18048983535278,0.288663302263854,100.83673127997751,58.734948490877485,0,0
2026-09-12 00:41:53.912018,31.36771258551211,0.37022608249913,100.2667948603225,47.15469304576713,0,0
2026-09-12 00:41:54.912018,28.622729069343023,0.3632607449786023,101.37079331293552,40.41083669100989,0,0
2026-09-12 00:41:55.912018,27.916198892510565,0.2982375941986447,102.26380067831565,39.08949352899519,0,0
2026-09-12 00:41:56.912018,26.536911995301047,0.1585495173834625,99.19119899533824,44.09404529702142,0,0
2026-09-12 00:41:57.912018,24.744513579744844,0.5394248456048513,99.36842454966286,54.08312371631114,0,0
2026-09-12 00:41:58.912018,28.830228880321663,0.4396687176218509,102.29920973022575,46.82598658266307,0,0
2026-09-12 00:41:59.912018,30.474160469760395,0.3578139859910638,97.5853140927008,52.30479320928651,0,0
2026-09-12 00:42:00.912018,29.71012898995533,0.2397436974727223,99.83154181361584,58.23141691791989,0,0
2026-09-12 00:42:01.912018,28.752099216157923,0.2909126270638428,107.08137390831888,44.49951518711097,0,0
2026-09-12 00:42:02.912018,27.162761817909654,0.2565263656178786,99.06397407082144,52.39249865897945,0,0
2026-09-12 00:42:03.912018,31.824738575054905,0.4011084751277111,103.2956055835195,52.69481536327861,0,0
2026-09-12 00:42:04.912018,26.048604240160245,0.3210002312681467,99.82809846257236,45.69631005763448,0,0
2026-09-12 00:42:05.912018,32.32808374153043,0.2372668913312133,102.01809028959428,56.77105462622541,0,0
2026-09-12 00:42:06.912018,26.993348943219825,0.2623395920700174,102.30871138119244,48.561464722252616,0,0
2026-09-12 00:42:07.912018,27.742694287940896,0.3896950514055923,103.25791347036588,48.08123509543496,0,0
2026-09-12 00:42:08.912018,25.59964442815297,0.4280078277456383,100.59949234637445,60.55806609208986,0,0
2026-09-12 00:42:09.912018,28.49579355934309,0.4222665250788996,104.97776927750972,52.61383371183359,0,0
2026-09-12 00:42:10.912018,32.92593737543394,0.3605625652043182,99.82132687082964,54.62645274842749,0,0
2026-09-12 00:42:11.912018,31.54688426533187,0.279790010495789,101.46844082719912,56.7744646576092,0,0
2026-09-12 00:42:12.912018,32.935266336084105,0.0406788939736703,101.4905538644352,46.74763000270392,0,0
2026-09-12 00:42:13.912018,31.56642763780181,0.3237728019046577,98.75606376010116,56.2491054852684,0,0
2026-09-12 00:42:14.912018,26.688990514408893,0.2998536992924719,100.42825549004176,47.49052942501165,0,0
2026-09-12 00:42:15.912018,29.00763232701733,0.3111985677057083,101.32302699847682,47.27688305330852,0,0
2026-09-12 00:42:16.912018,27.65940261264761,0.3043117877626565,100.13575791374116,48.64000013845932,0,0
2026-09-12 00:42:17.912018,33.99172471211712,0.1938990270440674,105.88184793091308,46.889675825275226,0,0
2026-09-12 00:42:18.912018,26.409634060721064,0.3445926845480948,99.32275265280094,54.11078216328581,0,0
2026-09-12 00:42:19.912018,32.681093068167336,0.350577305122548,103.35884893628084,51.33605327572528,0,0
2026-09-12 00:42:20.912018,32.67886161032631,0.3545871025647727,102.71291962629758,47.54387792691443,0,0
2026-09-12 00:42:21.912018,35.48886060514826,0.3757261602858709,100.97227573099146,53.37252516577411,0,0
2026-09-12 00:42:22.912018,28.77094022211151,0.3483241315937298,99.2695818922955,48.62408781306827,0,0
2026-09-12 00:42:23.912018,32.13696647874049,0.2671976470768871,99.46348935921644,48.35964814817662,0,0
2026-09-12 00:42:24.912018,36.844955509616526,0.2943330521667128,99.96406540156698,50.24341942450772,0,0
2026-09-12 00:42:25.912018,28.14707496919891,0.3072899893802701,97.42851743610748,52.317301778331085,0,0
2026-09-12 00:42:26.912018,25.39487925740292,0.3086159559285295,98.99306914840142,51.9492382468871,0,0
2026-09-12 00:42:27.912018,24.35996989827671,0.3798574124777383,98.03504696927271,48.183754088735846,0,0
2026-09-12 00:42:28.912018,32.13813608658399,0.3514935002417992,103.69175000635543,54.23555603719701,0,0
2026-09-12 00:42:29.912018,24.35054937582425,0.4661874751655962,102.23692478477643,48.88802924460172,0,0
2026-09-12 00:42:30.912018,28.88304284118623,0.4765175183907738,102.57194819773092,46.72507755695641,0,0
2026-09-12 00:42:31.912018,31.311939561116883,0.306371966609114,102.1776639030839,42.65989175616324,0,0
2026-09-12 00:42:32.912018,30.555526610489743,-0.0069324438767495,101.33393524666832,54.91589240499511,0,0
2026-09-12 00:42:33.912018,31.27633459255252,0.3989465972901813,103.92136066425827,50.06195038097004,0,0
2026-09-12 00:42:34.912018,30.66686956740256,0.2567698928810356,99.77847468853652,51.05436179255258,0,0
2026-09-12 00:42:35.912018,33.83659743994018,0.2358812862535194,101.21333931073409,55.229014578497576,0,0
2026-09-12 00:42:36.912018,27.14305085778361,0.2681243780008506,102.49411765564824,47.61296884201092,0,0
2026-09-12 00:42:37.912018,27.969014584624407,0.2642685562548315,98.35758153628774,43.12800375762936,0,0
2026-09-12 00:42:38.912018,27.682021664187527,0.3489815848084314,107.1931777922851,50.348903511076095,0,0
2026-09-12 00:42:39.912018,32.49057543558783,0.1752451376699019,101.05713152555518,51.53980776040148,0,0
2026-09-12 00:42:40.912018,32.70119576518519,0.2137823403366718,101.2839789011512,48.68575466919813,0,0
2026-09-12 00:42:41.912018,31.353675957955524,0.3274526843357933,103.51375606334985,57.36868789038085,0,0
2026-09-12 00:42:42.912018,33.550481000669784,0.3498355224330646,102.82991066602044,37.56916716139322,0,0
2026-09-12 00:42:43.912018,26.46587739787086,0.3513233315948809,101.07615603879292,55.60028318949892,0,0
2026-09-12 00:42:44.912018,35.00167233465341,0.237037097685336,101.26025887619608,53.95576825182113,0,0
2026-09-12 00:42:45.912018,34.56971586513677,0.2217387480587007,97.99170293810404,52.2838538885023,0,0
2026-09-12 00:42:46.912018,32.20686599173724,0.2594692132969664,99.88706844430004,33.32049225265452,0,0
2026-09-12 00:42:47.912018,35.34539672631318,0.319189820182778,102.03442043231792,56.41944391635134,0,0
2026-09-12 00:42:48.912018,25.03013037696668,0.4188381895418039,101.88778567808578,44.86782944682057,0,0
2026-09-12 00:42:49.912018,28.426655591212043,0.1362050251383399,103.44233150000818,47.46154010808306,0,0
2026-09-12 00:42:50.912018,27.794089617954143,0.2823416994433306,100.75899788355336,49.14703667604966,0,0
2026-09-12 00:42:51.912018,32.16443797127203,0.1933857247179837,98.22542697313828,52.03709017325988,0,0
2026-09-12 00:42:52.912018,26.849577781193563,0.1678205858117208,103.11346086155136,53.19714021096275,0,0
2026-09-12 00:42:53.912018,32.27248544801245,0.3773565316275853,103.87217869236405,54.46420277159648,0,0
2026-09-12 00:42:54.912018,34.11160843199014,0.3435699659599471,102.79648914571246,54.07926755039258,0,0
2026-09-12 00:42:55.912018,32.085608700252,0.335954681275781,100.672732658285,51.26463602106563,0,0
2026-09-12 00:42:56.912018,30.851253070984505,0.3736820671784794,103.08877210375316,52.07961329528796,0,0
2026-09-12 00:42:57.912018,27.036379977297752,0.2616224882587091,107.85782095601644,44.546231420888766,0,0
2026-09-12 00:42:58.912018,27.459447101623905,0.2653889986933177,101.23030462888096,46.244865965904886,0,0
2026-09-12 00:42:59.912018,33.74885671589,0.4748584493378059,98.37652661550976,54.47730111837416,0,0
2026-09-12 00:43:00.912018,32.338047011716,0.280274315659234,99.8274299008957,54.18604743364341,0,0
2026-09-12 00:43:01.912018,76.01726092877858,2.5521807610905647,128.50132660302123,91.81290501975316,1,1
2026-09-12 00:43:02.912018,28.746271362702327,0.3005105232770652,97.79039137820388,47.427916191717365,0,0
2026-09-12 00:43:03.912018,23.92257638066587,0.1521393175937267,101.33880614982414,54.55246065971848,0,0
2026-09-12 00:43:04.912018,26.787442743946684,0.1364296796958985,101.76067330063177,44.19377773759821,0,0
2026-09-12 00:43:05.912018,35.734257261419174,0.2536812624048076,104.0702434796253,55.38679904931136,0,0
2026-09-12 00:43:06.912018,26.1586332869926,0.3844881001335991,103.6203897121086,48.69564599377055,0,0
2026-09-12 00:43:07.912018,30.568439463663243,0.3630633325308803,102.72916958350356,58.42085203170316,0,0
2026-09-12 00:43:08.912018,33.0223319195856,0.3731261731379227,96.67464197897094,42.39278953967258,0,0
2026-09-12 00:43:09.912018,78.05740665898827,2.843441186713896,127.69780269938364,99.84143100993025,1,1
2026-09-12 00:43:10.912018,30.55413142434325,0.4292697992097851,102.4110267721205,48.19267835418269,0,0
2026-09-12 00:43:11.912018,32.813746612531965,0.2228085359850892,101.51188875415669,48.10260371994128,0,0
2026-09-12 00:43:12.912018,30.03749796572175,0.3170259518935975,97.53955574770904,50.97419409492799,0,0
2026-09-12 00:43:13.912018,38.605209167000304,0.299171816807381,99.44645218162589,46.51460543599652,0,0
2026-09-12 00:43:14.912018,24.994202223365413,0.286090094374833,98.66635446093188,49.63835499348846,0,0
2026-09-12 00:43:15.912018,33.17618558965164,0.4070873710636485,96.96998312098582,46.311868673645726,0,0
2026-09-12 00:43:16.912018,29.481594787810607,0.2435911583867231,100.9941696971704,46.49468234510407,0,0
2026-09-12 00:43:17.912018,32.31576046451003,0.1920315795430457,99.40435575711444,52.43442975150286,0,0
2026-09-12 00:43:18.912018,31.32392145509774,0.3015996388965135,106.25061116053784,45.49217252348242,0,0
2026-09-12 00:43:19.912018,27.80053140867001,0.2680138612570779,100.66245612112418,46.15902882497259,0,0
2026-09-12 00:43:20.912018,30.68698917737802,0.5701906335266116,103.58750631173191,43.13604375126796,0,0
2026-09-12 00:43:21.912018,24.42629564580514,0.3541205981151979,97.86180195061355,47.4803466001933,0,0
2026-09-12 00:43:22.912018,31.809742501714183,0.26725275398251,99.93982082799026,56.55801014861961,0,0
2026-09-12 00:43:23.912018,30.894475397971576,0.215511074465033,101.19379575206862,45.77033179948516,0,0
2026-09-12 00:43:24.912018,31.91598050592931,0.1495769271544972,99.18369210278466,46.34183367406379,0,0
2026-09-12 00:43:25.912018,33.17435497526145,0.2179824731410053,100.15559863039051,50.96960973240768,0,0
2026-09-12 00:43:26.912018,31.10285952062913,0.3091953417407305,100.56409818751293,48.14601783100237,0,0
2026-09-12 00:43:27.912018,30.44426825939483,0.4141862921275815,100.5321840291102,61.14077216674825,0,0
2026-09-12 00:43:28.912018,27.356794990016123,0.3897351313910335,104.7102371460707,49.18736017661872,0,0
2026-09-12 00:43:29.912018,27.863337709052846,0.3183275865317103,101.75645257086302,51.676091731086856,0,0
2026-09-12 00:43:30.912018,33.56020386053199,0.2741465867438012,101.9590211258826,54.71884392399661,0,0
2026-09-12 00:43:31.912018,34.30900621711793,0.3215049885129723,102.07930954869016,54.622889329314255,0,0
2026-09-12 00:43:32.912018,29.28566869106384,0.2585089602012339,102.22525275467424,51.1664379077869,0,0
2026-09-12 00:43:33.912018,30.138008241759824,0.43746911966111,100.83422603225029,49.19436256656999,0,0
2026-09-12 00:43:34.912018,27.2861568750187,0.2848647854979936,100.3585072570423,60.12014268189628,0,0
2026-09-12 00:43:35.912018,33.51827053580234,0.2930929713402618,101.33363211903657,49.50119862342866,0,0
2026-09-12 00:43:36.912018,31.99625047107533,0.1227342059983465,103.31360789782694,47.7915494778576,0,0
2026-09-12 00:43:37.912018,35.82365230939125,0.2843652122781789,103.25247637687276,46.77075505852991,0,0
2026-09-12 00:43:38.912018,27.365030768460784,0.3669187310371953,100.51920304862318,41.36598398646622,0,0
2026-09-12 00:43:39.912018,28.86597630294535,0.2145821938369163,102.53568738933622,54.108078761185816,0,0
2026-09-12 00:43:40.912018,30.69433776757672,0.2399423732405749,100.61083067392066,38.25965801449587,0,0
2026-09-12 00:43:41.912018,31.93946861317731,0.3634168814186931,101.06774109887048,49.9713857954754,0,0
2026-09-12 00:43:42.912018,29.352997087357103,0.1818674221185557,100.0529532368916,48.97569682864307,0,0
2026-09-12 00:43:43.912018,27.3811167286389,0.3846240806033534,100.63670972218752,61.19982596115724,0,0
2026-09-12 00:43:44.912018,32.64422258677072,0.2574284887861518,103.68266013909935,40.84174385643187,0,0
2026-09-12 00:43:45.912018,32.163406087636744,0.2689145423607038,101.18484229467848,45.49448356507821,0,0
2026-09-12 00:43:46.912018,27.251177698308823,0.2100897275899524,101.27056501710464,49.31951770659175,0,0
2026-09-12 00:43:47.912018,34.06632840331649,0.3302437008342306,98.10556444148408,49.01235331265416,0,0
2026-09-12 00:43:48.912018,33.510596127589814,0.4967897588023504,100.38151218473456,47.252277045949775,0,0
2026-09-12 00:43:49.912018,30.40288949174338,0.3625197791568505,100.51737019251054,49.595060452989166,0,0
2026-09-12 00:43:50.912018,30.23879358712811,0.2308571790447571,99.3417130291132,43.70218635565129,0,0
2026-09-12 00:43:51.912018,31.66217331334772,0.390849646839318,101.04333082340712,51.7859643949747,0,0
2026-09-12 00:43:52.912018,27.414890789231222,0.27466563632526,100.14163541954468,38.39257328961211,0,0
2026-09-12 00:43:53.912018,30.090094437492247,0.4099587985142047,101.15999171048716,49.871153220613714,0,0
2026-09-12 00:43:54.912018,23.542849366172454,0.364534112173149,101.24300601963787,46.998216528682136,0,0
2026-09-12 00:43:55.912018,32.62936693650881,0.0645486747622613,99.08849128435472,55.081439713783176,0,0
2026-09-12 00:43:56.912018,25.31552033267442,0.2196736293635978,100.20259643503364,58.77655535316652,0,0
2026-09-12 00:43:57.912018,34.510259485286994,0.3755508178268312,101.15474856552169,48.34473915624821,0,0
2026-09-12 00:43:58.912018,29.00963971810065,0.3121325817716014,103.36859886231343,56.95362964570715,0,0
2026-09-12 00:43:59.912018,81.16347994692354,3.251128671060956,130.94255908461065,93.57708887668124,1,1
2026-09-12 00:44:00.912018,28.116798281746483,0.2493128387604949,99.67612964016514,45.16936738435455,0,0
2026-09-12 00:44:01.912018,29.13588337823377,0.1475010703928495,101.7980095184877,58.729518160928095,0,0
2026-09-12 00:44:02.912018,34.25559403544411,0.2929301369978883,104.41509777864351,52.603882223670034,0,0
2026-09-12 00:44:03.912018,22.53657403039476,0.4768551780812611,102.83341294517804,50.02219261304907,0,0
2026-09-12 00:44:04.912018,33.830896158264565,0.364394671258586,102.09505306087124,53.435887375493245,0,0
2026-09-12 00:44:05.912018,31.014070443305123,0.4752333600950739,102.45118035096463,51.37107517565084,0,0
2026-09-12 00:44:06.912018,26.378935056428357,0.3705917671831984,103.87990808285726,49.65390296029241,0,0
2026-09-12 00:44:07.912018,26.774062820852286,0.3821983474682153,103.15125358803532,43.36782586346002,0,0
2026-09-12 00:44:08.912018,35.02917908162461,0.4579262950196019,102.13352076223532,48.64731631419367,0,0
2026-09-12 00:44:09.912018,27.16347936017181,0.3301810607473781,103.13728443918016,53.11627711729236,0,0
2026-09-12 00:44:10.912018,26.53994846821212,0.2850218142794495,98.83669780747188,49.38614287156594,0,0
2026-09-12 00:44:11.912018,33.41194362709419,0.3826126013297609,97.99546949531944,54.51162880565193,0,0
2026-09-12 00:44:12.912018,31.015658628857743,0.4163072189697507,101.31419730128766,51.91827511933394,0,0
2026-09-12 00:44:13.912018,27.186223270390805,0.2616028285830232,101.13736141930109,45.60931840957296,0,0
2026-09-12 00:44:14.912018,30.649874926213855,0.2422744734127976,99.91217989297348,43.40414021083938,0,0
2026-09-12 00:44:15.912018,26.922741949079168,0.3111084825944704,102.65170533965542,49.21410750034916,0,0
2026-09-12 00:44:16.912018,33.30246419526782,0.3665199093545329,97.27427282709752,47.37885775947706,0,0
2026-09-12 00:44:17.912018,33.1841128946194,0.3638472838929249,99.9304554878844,51.68160904810843,0,0
2026-09-12 00:44:18.912018,31.59601859646583,0.186066591984992,100.03008891024476,46.40931170618635,0,0
2026-09-12 00:44:19.912018,31.08498318374105,0.4529284853650657,97.72739642980108,46.923038371225616,0,0
2026-09-12 00:44:20.912018,35.28356437460212,0.2487068056482519,103.9894620145386,55.265348587974565,0,0
2026-09-12 00:44:21.912018,29.99905898216468,0.2787948002489136,98.28159746267336,50.74101484313949,0,0
2026-09-12 00:44:22.912018,26.4543776237376,0.2277876512009744,99.82331988538463,46.48636467286354,0,0
2026-09-12 00:44:23.912018,31.34842173849692,0.515866306874967,102.81595951561027,50.0882090436751,0,0
2026-09-12 00:44:24.912018,36.258141148611344,0.3193656536230373,102.29209068685746,56.894556215008414,0,0
2026-09-12 00:44:25.912018,26.955721520442445,0.2319219935454748,98.78365060703052,51.468933441373615,0,0
2026-09-12 00:44:26.912018,28.91561169991804,0.3691138839969957,102.36497841852128,52.964754047125645,0,0
2026-09-12 00:44:27.912018,31.24933811430436,0.3615308623448026,101.57956895731644,46.23882731736279,0,0
2026-09-12 00:44:28.912018,29.83828545298278,0.2849818381136093,105.66607112422294,55.132096885673,0,0
2026-09-12 00:44:29.912018,27.053089258868056,0.3672485370226706,101.8078808321366,61.59051130231901,0,0
2026-09-12 00:44:30.912018,33.36557356869141,0.2339766431335308,100.71751635786292,46.04266178743573,0,0
2026-09-12 00:44:31.912018,36.960122166051775,0.2605665380040598,99.28699608576116,44.09053012814005,0,0
2026-09-12 00:44:32.912018,30.58839437707172,0.1391826676347149,99.51151326608884,50.877711219175744,0,0
2026-09-12 00:44:33.912018,88.44978551333303,5.55961029165295,121.01033779119685,88.48951122141415,1,1
2026-09-12 00:44:34.912018,25.353118424839572,0.4446104644536548,103.74219762782384,49.54305163974869,0,0
2026-09-12 00:44:35.912018,30.773927943663544,0.4313142902177851,101.03593983003294,44.73396801978669,0,0
2026-09-12 00:44:36.912018,33.311632029948775,0.3052630918919169,102.13049424794946,49.45707919109805,0,0
2026-09-12 00:44:37.912018,31.425503239486144,0.433034515775187,104.02849519996175,52.99046136388727,0,0
2026-09-12 00:44:38.912018,82.90226118549921,5.320994590948475,121.98080663684304,89.1129824197796,1,1
2026-09-12 00:44:39.912018,84.35262227805205,4.399531545467418,137.02488766727168,86.6799883990003,1,1
2026-09-12 00:44:40.912018,26.72350910184573,0.3045208518772445,101.11079382356668,55.82355392619955,0,0
2026-09-12 00:44:41.912018,32.504253978974646,0.2900062723741147,101.87009674328088,51.20115312885224,0,0
2026-09-12 00:44:42.912018,32.74131486415676,0.2827842941151856,99.3431935565035,49.86026114360854,0,0
2026-09-12 00:44:43.912018,25.3628106399278,0.3914718485719642,99.48975120310295,54.14671962613141,0,0
2026-09-12 00:44:44.912018,34.769516934542054,0.3120108523164962,101.97769177962596,45.71949586281384,0,0
2026-09-12 00:44:45.912018,31.722213662682005,0.3569985411547043,105.76919560066294,45.22645083153539,0,0
2026-09-12 00:44:46.912018,34.19878393543738,0.3825104420221865,103.0066266256298,48.66713857535508,0,0
2026-09-12 00:44:47.912018,25.97361675454465,0.3310548636523787,103.53104584283707,47.54060272592766,0,0
2026-09-12 00:44:48.912018,25.902527533753684,0.2223782939273408,100.61599745947716,45.983290123547626,0,0
2026-09-12 00:44:49.912018,29.55309207069811,0.1917707288828768,99.79959155082874,59.15234237499387,0,0
2026-09-12 00:44:50.912018,31.508353280685583,0.3119024507845844,99.438390096842,60.85996604747146,0,0
2026-09-12 00:44:51.912018,35.38908246878089,0.2862994956140052,100.02345255060662,48.23147478872209,0,0
2026-09-12 00:44:52.912018,32.11823674144539,0.3069913143136097,96.89443513365894,50.458594748741824,0,0
2026-09-12 00:44:53.912018,29.2719561695639,0.2987156768601131,99.5501613142168,49.06078589968104,0,0
2026-09-12 00:44:54.912018,26.920892377002325,0.5066858928133253,99.87929368788032,55.53749620059078,0,0
2026-09-12 00:44:55.912018,33.69000171815745,0.1935818995486929,100.64928365121033,56.52822780920023,0,0
2026-09-12 00:44:56.912018,27.10588372274785,0.14080429841431,101.2635002194946,41.113681006551765,0,0
2026-09-12 00:44:57.912018,34.88540566431696,0.3265901466815687,101.72490173725122,52.38005400032813,0,0
2026-09-12 00:44:58.912018,29.14684605118047,0.2698861956329443,100.97014925511408,43.46589329419426,0,0
2026-09-12 00:44:59.912018,96.34407510312133,3.284234664203243,130.15754431711244,92.97379569099778,1,1
2026-09-12 00:45:00.912018,32.03679387017783,0.3467106417827201,97.07328271346896,52.20124015105199,0,0
2026-09-12 00:45:01.912018,29.589013531672624,0.4027283756143118,99.84938278319642,45.88325230818682,0,0
2026-09-12 00:45:02.912018,28.44181088452162,0.1794219343692849,99.055098724626,48.793393060310734,0,0
2026-09-12 00:45:03.912018,28.97727636796176,0.2554625681714269,101.9321334965572,48.55511370866921,0,0
2026-09-12 00:45:04.912018,31.284950077125718,0.3343009007104611,102.81857479338738,52.62556471442908,0,0
2026-09-12 00:45:05.912018,30.23146948865315,0.3616370876549781,102.87714213411988,55.20956302088739,0,0
2026-09-12 00:45:06.912018,28.218565775793884,0.4754759640230708,102.51390547225564,44.25896354014145,0,0
2026-09-12 00:45:07.912018,29.503105769047103,0.3764563176891093,100.73294852909504,59.19377250456057,0,0
2026-09-12 00:45:08.912018,30.23573108915745,0.2954569123290978,99.9560888690482,58.02845053910421,0,0
2026-09-12 00:45:09.912018,23.613797716755563,0.228765139764587,99.50579449266588,45.62338216204478,0,0
2026-09-12 00:45:10.912018,31.37450434436609,0.2548568117824784,97.9850021667965,50.36400897181154,0,0
2026-09-12 00:45:11.912018,27.06083632584958,0.2525837741634315,102.98370740101572,58.55404272057158,0,0
2026-09-12 00:45:12.912018,26.540002790382765,0.3524186902811008,100.65057792414004,56.16459293338742,0,0
2026-09-12 00:45:13.912018,24.937966958667868,0.3205597956468664,98.50731941275824,48.31628484976052,0,0
2026-09-12 00:45:14.912018,24.61832250639633,0.1941080343326257,99.34701724857952,54.071699072839365,0,0
2026-09-12 00:45:15.912018,25.933657490663133,0.2651278824727653,99.26605308713488,64.98599145859569,0,0
2026-09-12 00:45:16.912018,27.87293712710853,0.3702038042761136,101.08604897003023,50.52579990925606,0,0
2026-09-12 00:45:17.912018,35.8597774125797,0.3281329883979247,103.13493570214138,46.8367587427999,0,0
2026-09-12 00:45:18.912018,28.422360972314387,0.3454915692810216,100.30402090080884,50.86209926045699,0,0
2026-09-12 00:45:19.912018,30.533250318804093,0.330633736804581,96.4949329704327,51.23276047748659,0,0
2026-09-12 00:45:20.912018,31.201444159518985,0.4301144587687087,100.62163932968215,47.37731630499951,0,0
2026-09-12 00:45:21.912018,30.393195558647545,0.3188834451059495,100.6876121998056,52.20812533907109,0,0
2026-09-12 00:45:22.912018,29.76766961782202,0.2691181761703441,100.55015953812897,43.72799470136249,0,0
2026-09-12 00:45:23.912018,26.414118709202267,0.2267395967093151,99.7450776670486,46.67233066495661,0,0
2026-09-12 00:45:24.912018,84.63135339831938,5.785072221836759,125.48425076741354,84.36135271143864,1,1
2026-09-12 00:45:25.912018,35.421589930913655,0.1047436788179932,101.132282230298,41.22564574228875,0,0
2026-09-12 00:45:26.912018,24.95202391763194,0.285256879853383,100.95033937174672,54.51583795997388,0,0
2026-09-12 00:45:27.912018,26.92791422734086,0.2835328112062925,101.82528272288592,39.94009317147149,0,0
2026-09-12 00:45:28.912018,29.160568972868983,0.1908423317106175,100.14033435370428,41.34337710561842,0,0
2026-09-12 00:45:29.912018,27.106386615269425,0.2257387329075203,100.0268286605987,47.505106284720576,0,0
2026-09-12 00:45:30.912018,31.5178966603676,0.3647726024118592,103.7602465791708,51.43431921409675,0,0
2026-09-12 00:45:31.912018,27.81518339278016,0.318456939925997,102.11871081943087,56.62631801563694,0,0
2026-09-12 00:45:32.912018,36.49516820341981,0.3081430666965862,102.6538921218856,50.28811381579798,0,0
2026-09-12 00:45:33.912018,33.57164578303079,0.3245078027145618,103.45220917066814,48.76723196212005,0,0
2026-09-12 00:45:34.912018,30.637722091896645,0.3074102070359139,102.0518883612496,52.89790623992402,0,0
2026-09-12 00:45:35.912018,33.0809587899592,0.3994290050286652,102.85677735827234,45.64550589766033,0,0
2026-09-12 00:45:36.912018,33.317701273071926,0.3098743345362919,97.84130967585948,50.69707579673203,0,0
2026-09-12 00:45:37.912018,28.30815753582527,0.1833429508944999,101.40830774399204,44.0027687102232,0,0
2026-09-12 00:45:38.912018,27.551348266374102,0.4304103971899528,100.63456307637136,50.41295258437707,0,0
2026-09-12 00:45:39.912018,30.234429188908944,0.3296272213863076,104.35536818179962,49.35081837075298,0,0
2026-09-12 00:45:40.912018,32.58490837349383,0.2528597015363946,102.8552910636066,45.978660392752914,0,0
2026-09-12 00:45:41.912018,30.417181195960254,0.1997278625363985,99.73910961841364,50.825203182688696,0,0
2026-09-12 00:45:42.912018,25.26901055342701,0.3316731376766436,101.7455883170584,50.79274826579822,0,0
2026-09-12 00:45:43.912018,27.591526668147477,0.29062623960205,101.33536266689848,55.87727006169568,0,0
2026-09-12 00:45:44.912018,29.778081409216867,0.4259317428825927,101.90866286630444,41.97183298468606,0,0
2026-09-12 00:45:45.912018,29.77300318702251,0.2723274175466537,98.96231506125068,49.61975546151479,0,0
2026-09-12 00:45:46.912018,35.917626530369425,0.2330095368254026,101.72003293047644,46.1986880014826,0,0
2026-09-12 00:45:47.912018,25.84203617280301,0.3716636974588743,100.54369730142352,54.34881029088146,0,0
2026-09-12 00:45:48.912018,31.516767725507624,0.3740225514173465,101.5648995281112,53.76956032596067,0,0
2026-09-12 00:45:49.912018,34.46733932498487,0.3134921094088156,99.55122966975566,52.539399225343104,0,0
2026-09-12 00:45:50.912018,36.814349236268384,0.3541085638139926,99.8298736572068,46.480833709652686,0,0
2026-09-12 00:45:51.912018,28.78680773044812,0.2969850303406209,103.3476840407334,54.42735291470048,0,0
2026-09-12 00:45:52.912018,31.4742883581606,0.3187092080807397,98.89690488331968,42.349345356283344,0,0
2026-09-12 00:45:53.912018,31.709281071595942,0.3931992706051138,99.0444911979159,41.32344648203615,0,0
2026-09-12 00:45:54.912018,30.586445194659877,0.3500254667217202,100.89683748556884,43.62064500049038,0,0
2026-09-12 00:45:55.912018,29.703464396282083,0.28645804493339,99.45621924962808,49.83262594836547,0,0
2026-09-12 00:45:56.912018,31.30792616850014,0.408189003674092,99.2299427354744,53.37582200494147,0,0
2026-09-12 00:45:57.912018,22.403261744340945,0.110811570176679,101.2101519424166,35.11983762995238,0,0
2026-09-12 00:45:58.912018,32.04620847018789,0.4641658649137548,97.9898682861926,56.61371415939893,0,0
2026-09-12 00:45:59.912018,30.378533710985906,0.1635232724087411,98.98407553017272,50.65556098089217,0,0
2026-09-12 00:46:00.912018,29.3325753096652,0.2498325740182163,105.10819116584727,42.161138262051125,0,0
2026-09-12 00:46:01.912018,36.14058658715867,0.2967265971843945,101.91895011793802,50.50473485144791,0,0
2026-09-12 00:46:02.912018,27.975197943628345,0.2882815463417471,99.50687329546018,55.4626270733921,0,0
2026-09-12 00:46:03.912018,28.79077203280491,0.3805128832021244,101.8364301565324,52.997205076531294,0,0
2026-09-12 00:46:04.912018,35.9746599066142,0.2153730705111812,102.13466095397324,55.49536531276983,0,0
2026-09-12 00:46:05.912018,27.50381608545043,0.320861345398645,102.98882884018047,43.168766853014446,0,0
2026-09-12 00:46:06.912018,28.349654151190386,0.2537430321424196,100.74568794108654,47.92997382430798,0,0
2026-09-12 00:46:07.912018,29.55892372970745,0.3236112783469933,102.95299540554578,45.37653884738234,0,0
2026-09-12 00:46:08.912018,32.522203446388644,0.2948182192161698,96.92310695023563,58.58790102522159,0,0
2026-09-12 00:46:09.912018,30.62340752205994,0.3074348522146382,98.88738373904847,53.19681421743315,0,0
2026-09-12 00:46:10.912018,26.122123958543213,0.2560060134028523,101.32774280347292,64.2350479447882,0,0
2026-09-12 00:46:11.912018,28.40349431061843,0.2591948839923134,101.65926706561558,47.66195233291386,0,0
2026-09-12 00:46:12.912018,28.177936700363365,0.3229818011221941,99.17643542466271,46.37662894158848,0,0
2026-09-12 00:46:13.912018,29.768336864330863,0.3754972404604835,101.51883998252632,49.28586680702425,0,0
2026-09-12 00:46:14.912018,31.277530975889487,0.2521376532641721,99.75231950262548,56.89178610711274,0,0
2026-09-12 00:46:15.912018,31.25461726766392,0.2304985964341672,100.44608181154568,48.16940155312327,0,0
2026-09-12 00:46:16.912018,24.671964737854797,0.3490768132537469,103.04954760133002,50.62218798953472,0,0
2026-09-12 00:46:17.912018,33.191822962682565,0.2973996885553848,102.8178749937772,50.483453514434096,0,0
2026-09-12 00:46:18.912018,30.757706537989872,0.3664398507188761,99.00587934527348,50.19748380601095,0,0
2026-09-12 00:46:19.912018,34.15359614278172,0.2275362229303081,98.8854970759598,46.73800769768761,0,0
2026-09-12 00:46:20.912018,77.94405417003297,4.056191922642272,134.7110664456661,99.23355589397408,1,1
2026-09-12 00:46:21.912018,33.30396887320729,0.2573596734538932,100.94650739765414,49.09948699324321,0,0
2026-09-12 00:46:22.912018,31.399635934350385,0.2386917912587987,99.68420302285053,49.96217670162675,0,0
2026-09-12 00:46:23.912018,34.03867726860825,0.293696927993576,103.08128488559932,54.71758409076354,0,0
2026-09-12 00:46:24.912018,31.56675190805333,0.2490523828583688,101.69477968341712,58.80314017312247,0,0
2026-09-12 00:46:25.912018,29.706254260671287,0.3592813561069159,101.81217021974886,45.79782618665146,0,0
2026-09-12 00:46:26.912018,36.81730416134064,0.2769479790061987,98.46692234211004,48.04003187606143,0,0
2026-09-12 00:46:27.912018,32.66711136683968,0.3120379599019121,103.33458143476756,45.874940507969065,0,0
2026-09-12 00:46:28.912018,31.72123326301324,0.3126107646752755,95.35966235551862,50.93550768611136,0,0
2026-09-12 00:46:29.912018,26.171086750384998,0.3155964073929749,102.66811090369872,47.30825271244512,0,0
2026-09-12 00:46:30.912018,26.135077147609387,0.2980696711636021,102.86862347534154,51.19898416870994,0,0
2026-09-12 00:46:31.912018,30.87814644642556,0.3408480552328251,100.13519762544408,55.518134552223934,0,0
2026-09-12 00:46:32.912018,30.43656359330472,0.2363475892939354,103.54582043449484,37.37084157097696,0,0
2026-09-12 00:46:33.912018,28.157632304975053,0.4119534341323106,100.87380489409132,52.45889944800346,0,0
2026-09-12 00:46:34.912018,30.42294809883618,0.2810770093305171,101.12486340665488,47.699064755510605,0,0
2026-09-12 00:46:35.912018,34.765880784130786,0.1950760689681054,101.67905757480844,52.30211133992194,0,0
2026-09-12 00:46:36.912018,32.0862074236509,0.3150458685593418,107.37314982362211,45.517652811249,0,0
2026-09-12 00:46:37.912018,26.576974470741785,0.2319055614042011,103.688867816166,55.981304941534376,0,0
2026-09-12 00:46:38.912018,29.66547351857117,0.3532267627607099,102.40226240142584,54.56640309020142,0,0
2026-09-12 00:46:39.912018,27.58510055744232,0.4767684460833902,99.1743910267976,52.84176074271321,0,0
2026-09-12 00:46:40.912018,78.25203929729544,2.7651617672244075,132.09348712337584,83.78182088717806,1,1
2026-09-12 00:46:41.912018,28.759153003111077,0.3265897866579187,99.37375181230723,46.27189766413913,0,0
2026-09-12 00:46:42.912018,28.567063252187985,0.1595595529036297,102.64422169456564,46.90188122655355,0,0
2026-09-12 00:46:43.912018,26.23459388407981,0.3363124183553078,101.28093395146972,53.7621810040874,0,0
2026-09-12 00:46:44.912018,29.61703595544543,0.2291428960160247,98.75095664077222,46.16135428615694,0,0
2026-09-12 00:46:45.912018,28.31817708945807,0.2500132305252414,101.162249166837,57.22817523329044,0,0
2026-09-12 00:46:46.912018,21.2116539299932,0.2118970808128137,99.3011650605674,48.38204464359484,0,0
2026-09-12 00:46:47.912018,36.15891607350499,0.3585720980843788,101.3024324426751,52.50947194930311,0,0
2026-09-12 00:46:48.912018,33.266308962650015,0.380584348597861,99.28184536726948,60.49624759627545,0,0
2026-09-12 00:46:49.912018,28.87109782522501,0.3018708171726806,101.05497526672164,46.46888322965962,0,0
2026-09-12 00:46:50.912018,30.0564571492218,0.2308458635731424,102.5009397238702,50.34380875422392,0,0
2026-09-12 00:46:51.912018,26.485036958047317,0.4271618428883089,100.89389601614978,55.270915823186535,0,0
2026-09-12 00:46:52.912018,35.0871686334326,0.2399671897796275,100.21822346565524,54.756386944382655,0,0
2026-09-12 00:46:53.912018,35.69186608431934,0.1270374160058048,101.40655244211491,48.360923448803206,0,0
2026-09-12 00:46:54.912018,30.470081184739573,0.3366711207965654,102.3943652415857,47.41634781239073,0,0
2026-09-12 00:46:55.912018,33.070591932556034,0.2116180261086786,98.78563346023648,48.83432033727474,0,0
2026-09-12 00:46:56.912018,30.52586033680177,0.3790887034799339,101.5213123094104,57.23928883075682,0,0
2026-09-12 00:46:57.912018,25.989823683372208,0.2695089842661264,103.6350816380348,48.60447071820027,0,0
2026-09-12 00:46:58.912018,28.764529893109028,0.3482970592435357,102.14731392655344,50.39057846241733,0,0
2026-09-12 00:46:59.912018,30.39578390031587,0.4121200277241726,101.11550829333446,47.86606764538288,0,0
2026-09-12 00:47:00.912018,28.63635684376967,0.2032912908303422,102.2794750133978,53.527742823979935,0,0
2026-09-12 00:47:01.912018,29.34404016769489,0.2547250295286075,101.90499291220536,50.77762518791828,0,0
2026-09-12 00:47:02.912018,29.725801327472656,0.2939463141874349,102.50720221831963,44.98283094620886,0,0
2026-09-12 00:47:03.912018,29.75736450640361,0.4230041055227475,96.95213677803412,45.15587942982503,0,0
2026-09-12 00:47:04.912018,30.15677547149245,0.2473293825647643,97.89308773267346,40.00697216722247,0,0
2026-09-12 00:47:05.912018,26.8181848008102,0.2524397043240794,103.00965829896649,45.84339295437192,0,0
2026-09-12 00:47:06.912018,27.848951552616192,0.3382512460444646,97.98944164767713,53.96972901816086,0,0
2026-09-12 00:47:07.912018,26.14624720290009,0.2538217019431543,101.8030772714384,56.61880269006134,0,0
2026-09-12 00:47:08.912018,32.9334466490586,0.3122020706318093,100.2959006879354,53.42779181608592,0,0
2026-09-12 00:47:09.912018,78.12563747299734,5.924586018750143,129.09150917787295,96.44342681517628,1,1
2026-09-12 00:47:10.912018,33.46077102995078,0.4771463954045277,101.69929951429496,49.36736975235675,0,0
2026-09-12 00:47:11.912018,34.15904819178853,0.1921832615752477,101.40206700743316,53.874572774569934,0,0
2026-09-12 00:47:12.912018,29.093458239052136,0.2742597836807833,105.22068530419276,51.43139111540942,0,0
2026-09-12 00:47:13.912018,22.190588736518105,0.2974015171326324,99.75037759092822,59.022244859935626,0,0
2026-09-12 00:47:14.912018,28.91606831409813,0.4530150507485436,103.88022024013834,49.507773429116256,0,0
2026-09-12 00:47:15.912018,29.807447516133543,0.1940123375253807,101.70484582876864,56.71504041868066,0,0
2026-09-12 00:47:16.912018,26.96820534021326,0.4586963308383001,99.67795623691458,54.3705704090893,0,0
2026-09-12 00:47:17.912018,28.454344818575272,0.3605741456881618,102.59849291503448,53.6772164310208,0,0
2026-09-12 00:47:18.912018,34.59058559659005,0.3333676259538596,102.13147700890792,39.9425433726909,0,0
2026-09-12 00:47:19.912018,31.99478148690522,0.2212293050385635,101.0716865897161,54.64594780773855,0,0
2026-09-12 00:47:20.912018,27.2263076568657,0.3456912993630459,101.53259071288124,49.36246010545423,0,0
2026-09-12 00:47:21.912018,25.207202491213703,0.242121070206416,99.80602593790894,47.78036752782554,0,0
2026-09-12 00:47:22.912018,29.018948047170685,0.401332900255873,99.348425749491,42.585434794110434,0,0
2026-09-12 00:47:23.912018,29.359629661948684,0.2223150376713813,102.51888434764516,49.972064330159085,0,0
2026-09-12 00:47:24.912018,31.48859756208995,0.2909473204435133,100.55212115137346,50.16775798409121,0,0
2026-09-12 00:47:25.912018,28.394049862297024,0.2555781529589462,100.83983400350182,43.48499039092598,0,0
2026-09-12 00:47:26.912018,31.534498726085584,0.2209981630058404,101.55964319188855,42.63359913553154,0,0
2026-09-12 00:47:27.912018,35.805462120180685,0.3593055853526331,101.5305766895676,52.43309740064056,0,0
2026-09-12 00:47:28.912018,32.446503067332785,0.3428366997927706,98.14134705805188,54.358525655306885,0,0
2026-09-12 00:47:29.912018,29.855734478007683,0.3967208159120797,103.57250417290972,50.95141454961211,0,0
2026-09-12 00:47:30.912018,29.45054858684012,0.1576099913433466,101.24236430380137,55.75417324842181,0,0
2026-09-12 00:47:31.912018,28.929980597460386,0.3851336561872835,100.59469347435572,49.56807507824251,0,0
2026-09-12 00:47:32.912018,33.54192273735644,0.5004359124285516,101.8616920103395,49.728243627998985,0,0
2026-09-12 00:47:33.912018,28.11805966214609,0.2638687128658442,101.47308438722972,45.41485985629605,0,0
2026-09-12 00:47:34.912018,30.13566812699995,0.4516118889687175,102.5341253789794,42.19879011223141,0,0
2026-09-12 00:47:35.912018,30.153593705643257,0.2789470982352138,102.07596734430189,59.27331066929793,0,0
2026-09-12 00:47:36.912018,28.494647421565404,0.1902072209950954,102.43569245799252,55.65649525124873,0,0
2026-09-12 00:47:37.912018,25.882603356347698,0.2755494046074563,103.70198781145504,43.037437164307605,0,0
2026-09-12 00:47:38.912018,30.968923510853003,0.383856317414022,102.76724909794194,50.7787595391564,0,0
2026-09-12 00:47:39.912018,29.81698808443385,0.2329458814134774,100.67902755934288,49.49976844448167,0,0
2026-09-12 00:47:40.912018,31.50072140830971,0.251972907279481,98.75419768784631,48.63003763418478,0,0
2026-09-12 00:47:41.912018,28.3991990806825,0.3474831545834552,104.33559586600904,47.9549107609253,0,0
2026-09-12 00:47:42.912018,33.66246389643914,0.3002448093390858,100.52455325330575,51.906345734839896,0,0
2026-09-12 00:47:43.912018,27.369678656364464,0.3467698361989392,100.05378517327895,54.09087762735737,0,0
2026-09-12 00:47:44.912018,35.13612085205368,0.3190263632606668,97.52654636447112,52.011955845141024,0,0
2026-09-12 00:47:45.912018,24.757090470515216,0.3383700255641258,101.67694621062422,49.39740812810403,0,0
2026-09-12 00:47:46.912018,31.304310193670677,0.2654159051352367,101.29777320790754,49.2138664155444,0,0
2026-09-12 00:47:47.912018,31.42629204757987,0.3185384753624314,97.96977012750104,54.684071584613335,0,0
2026-09-12 00:47:48.912018,27.613328796177356,0.2258101595443253,101.90654808426636,52.31722469058031,0,0
2026-09-12 00:47:49.912018,31.27318181358304,0.403074689800271,100.00361615859713,50.36344731517717,0,0
2026-09-12 00:47:50.912018,33.838556009280474,0.2492580226546148,106.3806300145774,49.82049351199946,0,0
2026-09-12 00:47:51.912018,23.349543481937808,0.3903077990039511,99.86127761581828,51.72635254806144,0,0
2026-09-12 00:47:52.912018,31.508234422472444,0.2813114431213707,100.12961333560442,47.65825655720276,0,0
2026-09-12 00:47:53.912018,84.82978644659907,4.207417154617452,126.99116225022055,98.73937900867722,1,1
2026-09-12 00:47:54.912018,27.10300558943037,0.2604028359287439,103.55575304208396,44.62070719081066,0,0
2026-09-12 00:47:55.912018,34.88749909470283,0.2187203655065576,100.2544484110705,47.94271745116759,0,0
2026-09-12 00:47:56.912018,28.25465389982384,0.1604191689915758,99.550171692469,53.05553047723012,0,0
2026-09-12 00:47:57.912018,26.47836010677308,0.2155740673126032,102.41391001984108,44.33558593322864,0,0
2026-09-12 00:47:58.912018,29.40618681304596,0.2740872917427262,98.23929412917364,42.134957286752496,0,0
2026-09-12 00:47:59.912018,36.20371901449066,0.3169503343063107,102.2502210924979,50.3153883771462,0,0
2026-09-12 00:48:00.912018,24.50495325838192,0.380830345062661,104.56279943320172,41.51770922776765,0,0
2026-09-12 00:48:01.912018,26.846070265081966,0.2643394032162521,102.13321566567018,43.505982229740695,0,0
2026-09-12 00:48:02.912018,34.49229504953888,0.229443138858626,102.27579663251986,53.78297059253216,0,0
2026-09-12 00:48:03.912018,35.5731070306132,0.1845828171197829,102.74012043381497,48.97607371197133,0,0
2026-09-12 00:48:04.912018,29.689706327129148,0.3384050894323283,104.41941605735104,56.427434748544925,0,0
2026-09-12 00:48:05.912018,91.36552338000786,2.896265021256744,131.63830310253155,86.37028075080558,1,1
2026-09-12 00:48:06.912018,36.28753050542748,0.4013064214365031,101.87933944454603,49.530238171838576,0,0
2026-09-12 00:48:07.912018,34.78332717524759,0.3567946198517789,102.807782801272,51.9979227660388,0,0
2026-09-12 00:48:08.912018,32.0368409632867,0.3510834653814079,99.22813014906978,44.14742534935546,0,0
2026-09-12 00:48:09.912018,27.56279295318774,0.4358099023767472,102.55258718149464,55.158809522498125,0,0
2026-09-12 00:48:10.912018,29.85291197748589,0.3265665169133448,98.98888805763252,52.5533944158302,0,0
2026-09-12 00:48:11.912018,29.518919756865508,0.3516903740819337,100.26595516273674,41.95356456656283,0,0
2026-09-12 00:48:12.912018,30.99255391384673,0.27433729105184,94.83487564971352,49.811291018957,0,0
2026-09-12 00:48:13.912018,34.353004314394006,0.1910365303316193,101.80285931873492,51.929783681293166,0,0
2026-09-12 00:48:14.912018,32.63825112341221,0.2452920879600338,99.7122559777833,47.04971663235971,0,0
2026-09-12 00:48:15.912018,26.76787176904573,0.2992672769172275,103.22229043040892,42.60067547245593,0,0
2026-09-12 00:48:16.912018,34.12948935005861,0.3048628298001042,101.7803852212108,51.39229394723705,0,0
2026-09-12 00:48:17.912018,30.939396420039465,0.4541028683884314,103.24819178940324,61.05621475141281,0,0
2026-09-12 00:48:18.912018,32.06119738757675,0.3065021734072854,98.83280691065492,48.065079504211546,0,0
2026-09-12 00:48:19.912018,34.39962257783581,0.3943074755220515,103.07677207431928,57.84620590642354,0,0
2026-09-12 00:48:20.912018,26.665259251459347,0.2651938206738947,105.21171268872664,46.23855589119266,0,0
2026-09-12 00:48:21.912018,29.89252326388061,0.2750659291387812,102.5283165998638,51.07772817504976,0,0
2026-09-12 00:48:22.912018,28.405636345922357,0.1936793890221241,102.58069801738458,53.8576126543806,0,0
2026-09-12 00:48:23.912018,25.296421723903634,0.2406137589698742,101.33919535278989,49.957931670143175,0,0
2026-09-12 00:48:24.912018,31.04012993281476,0.3421585113091002,99.95066243886929,48.51132175559384,0,0
2026-09-12 00:48:25.912018,37.53466965475327,0.3006048144315306,102.52238474540302,53.63063760675187,0,0
2026-09-12 00:48:26.912018,24.47976676648274,0.3754350895917787,97.98783417919586,59.457275576346106,0,0
2026-09-12 00:48:27.912018,29.90315816685159,0.314500315867604,100.16448975015837,51.50293462319566,0,0
2026-09-12 00:48:28.912018,31.92162880522432,0.2718037014689806,97.45788639532564,47.419699117348266,0,0
2026-09-12 00:48:29.912018,30.369234604968543,0.4718637491029567,99.59268724536985,49.05124221370159,0,0
2026-09-12 00:48:30.912018,29.660615842452778,0.2924877145029562,102.28409018378711,62.59853822822687,0,0
2026-09-12 00:48:31.912018,26.10235090966253,0.3930400775764243,102.01078675244092,50.67453558169064,0,0
2026-09-12 00:48:32.912018,82.60798368813597,4.751973728541557,128.65122481692822,95.97507245633454,1,1
2026-09-12 00:48:33.912018,27.72970806895222,0.3567679583506853,101.34080198812404,44.2746604175873,0,0
2026-09-12 00:48:34.912018,23.43023488506434,0.3742412527321349,97.22827076427158,40.87049452943697,0,0
2026-09-12 00:48:35.912018,33.583776661541194,0.3166793576460464,100.25487543885816,51.81792136923095,0,0
2026-09-12 00:48:36.912018,32.87515745952613,0.1116413661842718,99.6372967871296,53.27320996412252,0,0
2026-09-12 00:48:37.912018,30.15498293055324,0.301460196868489,99.68188061897092,48.016519100173966,0,0
2026-09-12 00:48:38.912018,30.68722406461711,0.398436803820798,102.19915725562753,49.92514790984523,0,0
2026-09-12 00:48:39.912018,33.22295403814668,0.3421984666422184,99.27898534698936,44.14769145355688,0,0
2026-09-12 00:48:40.912018,30.673018970334248,0.3356671100183397,99.79063829974518,50.6646423241375,0,0
2026-09-12 00:48:41.912018,32.712052664283945,0.1622194452833984,96.82586150858096,52.40747660283562,0,0
2026-09-12 00:48:42.912018,29.10755339737845,0.2423635943459952,100.41175363924766,47.32417866416181,0,0
2026-09-12 00:48:43.912018,33.93595121572184,0.3329086104921151,98.82432490457276,58.4522633479292,0,0
2026-09-12 00:48:44.912018,30.96235717779805,0.3328306621429514,101.1584058573793,45.81446836626544,0,0
2026-09-12 00:48:45.912018,30.582155830817623,0.3971733424106322,99.09778390651508,51.41738302009491,0,0
2026-09-12 00:48:46.912018,26.189816733863903,0.2884106595883124,101.20908449109844,54.24158609852303,0,0
2026-09-12 00:48:47.912018,30.860867562905128,0.3324659269339051,100.71062847851532,49.61355249925309,0,0
2026-09-12 00:48:48.912018,27.504135247516647,0.3013099393545035,104.34408354608463,49.05761590552754,0,0
2026-09-12 00:48:49.912018,28.08515182041452,0.2210445810798754,101.9944359609064,42.85566924775169,0,0
2026-09-12 00:48:50.912018,27.55387311505164,0.1195366935124201,97.3207242548754,56.78670747858142,0,0
2026-09-12 00:48:51.912018,26.801295204302324,0.3344807753704061,98.4702223117946,49.15053399166202,0,0
2026-09-12 00:48:52.912018,36.37431420905089,0.3139157766730249,101.11041601798466,52.68682712467413,0,0
2026-09-12 00:48:53.912018,33.99401718596521,0.2505459966319864,99.1403041032147,53.36360243930071,0,0
2026-09-12 00:48:54.912018,35.761102506432785,0.1704661554787307,95.06326313952827,46.85850753991124,0,0
2026-09-12 00:48:55.912018,26.331314941333307,0.350379161152699,103.69909262766748,49.01235697854393,0,0
2026-09-12 00:48:56.912018,30.21376124973268,0.2787263940643558,102.4404480338108,56.67241175371752,0,0
2026-09-12 00:48:57.912018,26.119477124387718,0.3445499777894516,102.04195374698354,44.41401167129777,0,0
2026-09-12 00:48:58.912018,27.912915368408807,0.4491238824329406,99.78535390905816,60.63959037378629,0,0
2026-09-12 00:48:59.912018,27.245619049750275,0.1286855295744235,101.85535354201986,46.27563607361863,0,0
2026-09-12 00:49:00.912018,33.71875201932468,0.2440319353038108,99.59127935155824,44.10241271679744,0,0
2026-09-12 00:49:01.912018,28.81131096569472,0.2832499509350469,101.40971460043538,50.66154510344267,0,0
2026-09-12 00:49:02.912018,33.20513800108205,0.416386093931732,99.15883354832704,61.04174132169936,0,0
2026-09-12 00:49:03.912018,31.812362668765555,0.1690877584634812,104.03257690111202,40.445170322038976,0,0
2026-09-12 00:49:04.912018,36.910916256314366,0.4548688820544483,97.85952669183632,49.29492140755154,0,0
2026-09-12 00:49:05.912018,25.56166733058083,0.3108684721253032,103.46456765902168,52.38132508628278,0,0
2026-09-12 00:49:06.912018,33.7776997193604,0.2923199470612913,101.07783165603466,50.168249792677656,0,0
2026-09-12 00:49:07.912018,33.439322611202186,0.2841552189424874,100.02106600931602,51.90960835001505,0,0
2026-09-12 00:49:08.912018,27.079863485918896,0.2650989574255977,101.33400584339148,46.40983458913863,0,0
2026-09-12 00:49:09.912018,33.02140000941948,0.3838493407415324,102.46669601435636,47.00139077034309,0,0
2026-09-12 00:49:10.912018,31.00843488907869,0.2145183396734049,103.7334934733888,49.257886764204,0,0
2026-09-12 00:49:11.912018,29.317571220139776,0.3276331345315083,101.62628604626708,44.350559560486246,0,0
2026-09-12 00:49:12.912018,95.65534279876532,3.229198275200667,127.75825260774258,92.81672586589497,1,1
2026-09-12 00:49:13.912018,27.84267164565244,0.2390293241188721,101.11126024753158,48.056273531642496,0,0
2026-09-12 00:49:14.912018,36.14943628735778,0.5068780140547117,104.63358647332474,47.64977407422565,0,0
2026-09-12 00:49:15.912018,30.002048456872448,0.3335240587802768,103.69535617102524,51.60253206299319,0,0
2026-09-12 00:49:16.912018,32.346390004594376,0.3490612435728915,102.81752695624871,40.89670253400348,0,0
2026-09-12 00:49:17.912018,27.62730185499734,0.391022142453493,102.59137404024476,48.85454948308424,0,0
2026-09-12 00:49:18.912018,27.660441161335083,0.1862920043745162,102.39890018121308,61.58676882807431,0,0
2026-09-12 00:49:19.912018,33.24595442774983,0.4401833527297625,103.31750966901974,44.56945156837188,0,0
2026-09-12 00:49:20.912018,25.95127136534541,0.0992834257203939,100.0867424285562,56.42750248242207,0,0
2026-09-12 00:49:21.912018,28.754358696284186,0.2384986871969183,98.28982786845,50.273280604563496,0,0
2026-09-12 00:49:22.912018,30.10208223321669,0.263277466145688,101.13800700147412,46.98521095559291,0,0
2026-09-12 00:49:23.912018,30.33411780552016,0.3465378691976404,99.36483682644462,43.39679170235097,0,0
2026-09-12 00:49:24.912018,29.462720144951533,0.317497461291319,98.88995848924564,50.69840982642616,0,0
2026-09-12 00:49:25.912018,31.18745934328777,0.2866548207441285,99.55944284682414,57.26698552907338,0,0
2026-09-12 00:49:26.912018,32.07856726745344,0.299040212429782,105.97062784906736,48.05394427401618,0,0
2026-09-12 00:49:27.912018,32.20391263637799,0.2217581581181945,101.27224926815168,49.59519287631613,0,0
2026-09-12 00:49:28.912018,27.04258857399652,0.1802214084412661,101.72381567272198,55.05185425095166,0,0
2026-09-12 00:49:29.912018,29.14753470621361,0.3581209297868848,98.5552743859915,51.7043539567314,0,0
2026-09-12 00:49:30.912018,33.584288585630816,0.3554964890028948,97.31249408241474,42.13862110137711,0,0
2026-09-12 00:49:31.912018,32.683941562721614,0.4267595500125647,99.36189471376238,50.49443607927592,0,0
2026-09-12 00:49:32.912018,25.88142164555681,0.2367986322547833,103.87639117041748,57.561174553328,0,0
2026-09-12 00:49:33.912018,31.054439701056605,0.3554252168240738,101.66855093215304,49.81529406766251,0,0
2026-09-12 00:49:34.912018,24.06532425187557,0.2773034617308214,102.1971901828888,36.29255285261311,0,0
2026-09-12 00:49:35.912018,30.140804706181108,0.3952379988154785,102.47713207840413,51.941074957955365,0,0
2026-09-12 00:49:36.912018,35.693301050237935,0.3817570221342513,99.81730124040344,49.00771780227982,0,0
2026-09-12 00:49:37.912018,27.15632184819304,0.3168967519379565,103.77593116794674,40.85452793039392,0,0
2026-09-12 00:49:38.912018,27.497030863525254,0.272837587466721,99.73438480155563,41.60395954973108,0,0
2026-09-12 00:49:39.912018,32.292089344718576,0.3768745742886609,103.8124647185251,54.87553571644404,0,0
2026-09-12 00:49:40.912018,25.37159545437106,0.3517523618605253,101.88460431227068,46.3380862720246,0,0
2026-09-12 00:49:41.912018,28.101734910344884,0.2452447678331054,97.42190969150737,45.46251809632004,0,0
2026-09-12 00:49:42.912018,31.789323412745254,0.1937761061216455,99.50398102679893,49.821807195341655,0,0
2026-09-12 00:49:43.912018,28.097142456931792,0.2769173679454563,97.4301229342558,46.77898500840031,0,0
2026-09-12 00:49:44.912018,88.65531248691948,3.1972960532650703,128.20410689945243,90.63970990955092,1,1
2026-09-12 00:49:45.912018,32.2325571309451,0.3917189726986431,100.9505291583952,48.986399852816646,0,0
2026-09-12 00:49:46.912018,31.26463825060969,0.2110138024263535,96.54331512010044,44.00002209953178,0,0
2026-09-12 00:49:47.912018,30.800455188886204,0.2065794067280063,101.75149376343931,47.44401100719308,0,0
2026-09-12 00:49:48.912018,28.982633162189885,0.4019747079743589,99.92567147522335,52.21376660654552,0,0
2026-09-12 00:49:49.912018,31.110183345806867,0.2091491276193736,98.03238828993337,50.20959020119313,0,0
2026-09-12 00:49:50.912018,29.62880195970073,0.3407436258913606,104.3559316739374,49.590287588040844,0,0
2026-09-12 00:49:51.912018,31.373416829777355,0.2507143027730941,101.21457173219316,59.68692120589692,0,0
2026-09-12 00:49:52.912018,28.509203924646062,0.4293635939617346,100.41313719537338,53.65518762692768,0,0
2026-09-12 00:49:53.912018,29.452293076861377,0.2383660160689696,100.20115043802797,54.26220632410672,0,0
2026-09-12 00:49:54.912018,27.03012662234396,0.3914689224164662,97.97344106168444,49.170157961025375,0,0
2026-09-12 00:49:55.912018,29.89497716998129,0.3147886923248291,98.39090220083176,51.10072595175637,0,0
2026-09-12 00:49:56.912018,27.566997409113466,0.3201755883387429,103.56983356975016,47.84450005237154,0,0
2026-09-12 00:49:57.912018,26.65786064951402,0.1423753134918879,100.05223426042856,53.88774882762064,0,0
2026-09-12 00:49:58.912018,30.775983443566165,0.1237669317435425,101.04413540187372,49.44800047950479,0,0
2026-09-12 00:49:59.912018,30.63821932757298,0.2823547247786149,96.91133904759783,51.11188874465278,0,0
2026-09-12 00:50:00.912018,32.34862120484572,0.3197524850733289,98.36381592840898,50.80305651077584,0,0
2026-09-12 00:50:01.912018,28.706623291274703,0.2099841737809821,102.2196250397495,49.90916559297273,0,0
2026-09-12 00:50:02.912018,31.224158540510267,0.2129045271618926,101.75542352022768,64.69094033577885,0,0
2026-09-12 00:50:03.912018,31.65239271682099,0.3449178103860906,104.50675039744864,46.66690361252639,0,0
2026-09-12 00:50:04.912018,31.334321423494785,0.3450283584365704,103.68591266326246,46.62144234920654,0,0
2026-09-12 00:50:05.912018,27.523038951593573,0.2889807151689658,100.53857805503036,53.47048373405878,0,0
2026-09-12 00:50:06.912018,30.448090446813566,0.362416137694886,101.94590712942654,47.024155004624106,0,0
2026-09-12 00:50:07.912018,31.092420888163986,0.2060638163423882,100.36679311419384,48.54296819325553,0,0
2026-09-12 00:50:08.912018,30.021535400723828,0.2715252066330423,105.10961963727728,44.56794523322191,0,0
2026-09-12 00:50:09.912018,23.740567024886744,0.4318302084626938,103.2980293921048,52.45778959701293,0,0
2026-09-12 00:50:10.912018,30.48146887192044,0.3054657703951854,101.33937018171552,52.52128622242076,0,0
2026-09-12 00:50:11.912018,36.63759311819173,0.3101050011669599,101.4007895697527,48.42403970038278,0,0
2026-09-12 00:50:12.912018,28.91988219372905,0.4844757268774191,103.88970057451962,53.574083442400365,0,0
2026-09-12 00:50:13.912018,27.815768706434035,0.1880526267320983,102.15915569422768,40.70937493133204,0,0
2026-09-12 00:50:14.912018,31.120045679134197,0.3637144293313688,104.11725603414015,46.46573299242828,0,0
2026-09-12 00:50:15.912018,30.937134631399715,0.4331189023846479,96.61270414748223,49.15010406894535,0,0
2026-09-12 00:50:16.912018,33.57820549624924,0.2740113658801163,101.9224565229976,44.138587515485234,0,0
2026-09-12 00:50:17.912018,26.226395532273337,0.3687704629483876,99.96913027063724,41.25643481290639,0,0
2026-09-12 00:50:18.912018,87.81861857400187,3.501713091594564,137.04495943966026,91.93673423991883,1,1
2026-09-12 00:50:19.912018,31.771266183754392,0.2450614083546118,104.09279737437966,53.470100435303706,0,0
2026-09-12 00:50:20.912018,29.57356038917836,0.3307973132838107,101.0656716182026,56.41054195713256,0,0
2026-09-12 00:50:21.912018,31.01606195376507,0.3638853338488472,104.07126195762206,47.26356058397314,0,0
2026-09-12 00:50:22.912018,33.08837244479507,0.3896749209924997,104.56622903998502,53.66607918810797,0,0
2026-09-12 00:50:23.912018,32.61694614008535,0.4255702869551594,101.1488133438523,53.18271019037834,0,0
2026-09-12 00:50:24.912018,26.570942063778816,0.2946042753155854,105.94386754486372,56.093040871672486,0,0
2026-09-12 00:50:25.912018,32.460474560266455,0.395488940413807,100.93731769466056,48.24904484822999,0,0
2026-09-12 00:50:26.912018,29.805934184902444,0.2726156125240681,100.57095809932818,41.00749752407663,0,0
2026-09-12 00:50:27.912018,30.218622294046547,0.3721673049270614,102.73174517716868,50.35092926211372,0,0
2026-09-12 00:50:28.912018,30.219590973005083,0.3165991038281745,100.29241853771538,44.931031295151385,0,0
2026-09-12 00:50:29.912018,29.54927103360522,0.3356542325665539,101.1706795515898,46.38247445468996,0,0
2026-09-12 00:50:30.912018,33.5751224913212,0.333880629921763,103.8188688481018,48.49390427973409,0,0
2026-09-12 00:50:31.912018,29.748846120452363,0.171623599216175,101.03843770443454,48.30536184325429,0,0
2026-09-12 00:50:32.912018,26.641361614850496,0.2100702512911381,97.6099644140494,50.70779633447897,0,0
2026-09-12 00:50:33.912018,28.81941043209081,0.3082033151854018,101.7346387756984,53.515781582098086,0,0
2026-09-12 00:50:34.912018,30.536084150431428,0.1650176736287065,99.6074128418952,48.16132208362017,0,0
2026-09-12 00:50:35.912018,33.687644352891155,0.3664968882559805,102.73054231458909,51.97848753304002,0,0
2026-09-12 00:50:36.912018,31.8092840548465,0.3697244773030513,102.39237943165249,50.07408004965253,0,0
2026-09-12 00:50:37.912018,27.44839416375887,0.3261736442302232,103.94280069633304,54.67747197939222,0,0
2026-09-12 00:50:38.912018,37.45556975003667,0.2103092789793662,102.8150646015854,49.05704074446842,0,0
2026-09-12 00:50:39.912018,30.79432593293394,0.4104111151094812,103.18048856731612,49.60536662112722,0,0
2026-09-12 00:50:40.912018,33.82617221399705,0.4629768511774686,99.66180647972458,48.12799776000546,0,0
2026-09-12 00:50:41.912018,29.544856699268312,0.3117661461956779,102.607972991781,49.18875730020752,0,0
2026-09-12 00:50:42.912018,31.600077734116347,0.3408428302760989,104.93690257872058,46.08255935827063,0,0
2026-09-12 00:50:43.912018,32.518405513555216,0.3161390923836835,99.62270018272646,45.58701356928243,0,0
2026-09-12 00:50:44.912018,33.654584135262766,0.3424295351199039,104.5994765834542,53.87882692641362,0,0
2026-09-12 00:50:45.912018,33.17210491613467,0.2904352994698883,99.90129981759732,44.58399158407699,0,0
2026-09-12 00:50:46.912018,32.61659100021893,0.2972348608124957,99.29605750990004,48.40440955151048,0,0
2026-09-12 00:50:47.912018,29.054739806417675,0.3724574080397892,101.59240088670968,55.07671393135498,0,0
2026-09-12 00:50:48.912018,28.284761874131817,0.4876499329517152,102.4318208322576,48.23649602498197,0,0
2026-09-12 00:50:49.912018,30.99782253097259,0.1879943012478608,102.82350024794454,54.14370226842787,0,0
2026-09-12 00:50:50.912018,32.79938421702321,0.2916950012477626,99.0764751584536,47.04477139636579,0,0
2026-09-12 00:50:51.912018,29.33183789767018,0.2055631611814334,101.86908019450858,44.74418196824903,0,0
2026-09-12 00:50:52.912018,33.19551589714316,0.4273619918860867,99.628890857033,42.0258707254959,0,0
2026-09-12 00:50:53.912018,34.35785023645854,0.2529809624544081,98.02215548785884,56.56362034636331,0,0
2026-09-12 00:50:54.912018,27.25103724277974,0.1845439364971364,99.14252736893442,44.31564409182792,0,0
2026-09-12 00:50:55.912018,27.48923788861116,0.3510549599078859,99.49819926808836,53.73593295062547,0,0
2026-09-12 00:50:56.912018,29.57887482328399,0.4395448891794489,102.043190320705,45.00026486603309,0,0
2026-09-12 00:50:57.912018,30.922838004567588,0.353087829484861,103.30442732613734,56.58691958969911,0,0
2026-09-12 00:50:58.912018,89.06325743890955,5.450124358814138,135.21457094111162,93.22332618535552,1,1
2026-09-12 00:50:59.912018,34.05660803660143,0.3327312738220795,101.70392214841613,41.56734970154832,0,0
2026-09-12 00:51:00.912018,31.272200584555357,0.4131872530260443,98.64660362845818,44.57621782920593,0,0
2026-09-12 00:51:01.912018,30.11834114472222,0.230064058398868,102.258170818028,53.865659319016125,0,0
2026-09-12 00:51:02.912018,25.692271428394417,0.2910522316730949,99.7545388379925,52.565214616829074,0,0
2026-09-12 00:51:03.912018,26.05255255071748,0.2637847881192373,98.89734196395344,53.88460927380096,0,0
2026-09-12 00:51:04.912018,30.84302775084542,0.2065707754166632,102.59932903069516,47.13122224797812,0,0
2026-09-12 00:51:05.912018,23.60221312153549,0.2737299792466558,99.8261547891098,59.93767080511684,0,0
2026-09-12 00:51:06.912018,33.037912228932214,0.3886176876785959,100.3680720972946,50.59024733344887,0,0
2026-09-12 00:51:07.912018,29.52553846688304,0.345328171871418,96.56002182488724,43.9151871157824,0,0
2026-09-12 00:51:08.912018,39.7292789087842,0.351544840008656,102.89310272284696,48.73425749978527,0,0
2026-09-12 00:51:09.912018,36.92374875184833,0.3117180489322654,102.64181704233822,43.98216551885584,0,0
2026-09-12 00:51:10.912018,29.45565279225745,0.3418659026182871,101.01091568856263,57.95470679277052,0,0
2026-09-12 00:51:11.912018,29.680988992406053,0.2359527726121515,97.94483811728848,46.69834368599942,0,0
2026-09-12 00:51:12.912018,32.986744542006086,0.2752392091258216,103.41873835666952,52.46241742372311,0,0
2026-09-12 00:51:13.912018,35.10951782975411,0.3153603389574941,99.66747322727842,47.6466342750891,0,0
2026-09-12 00:51:14.912018,25.08591282769195,0.3222012687105512,100.09329309979884,46.92306345118743,0,0
2026-09-12 00:51:15.912018,24.64087360393594,0.3256150283937498,105.62408811271906,40.44872909359475,0,0
2026-09-12 00:51:16.912018,28.13389558333685,0.2889331774386897,99.59272711178154,52.99087301495283,0,0
2026-09-12 00:51:17.912018,31.748212749521592,0.2698061279095736,102.484419924853,56.49590626314592,0,0
2026-09-12 00:51:18.912018,31.490620771522792,0.5526217026435438,102.12418452416524,45.42016209317424,0,0
2026-09-12 00:51:19.912018,33.20931436495155,0.3725429818345919,101.78034438576016,42.27385442500665,0,0
2026-09-12 00:51:20.912018,26.40090741490408,0.3330517980762097,101.56400108510904,54.016580213689146,0,0
2026-09-12 00:51:21.912018,23.05156841109337,0.2813433201434884,101.7527771237784,41.76879325446875,0,0
2026-09-12 00:51:22.912018,32.57404258590643,0.2639024938444899,101.54388118188108,56.09766467974129,0,0
2026-09-12 00:51:23.912018,27.515411181104295,0.2895359525018435,100.89616328244789,45.478024385226895,0,0
2026-09-12 00:51:24.912018,23.94453640683409,0.3234263074869347,104.02256624822148,44.48353628587687,0,0
2026-09-12 00:51:25.912018,30.435191237878144,0.1495651564749534,98.37467887840144,51.24231210565646,0,0
2026-09-12 00:51:26.912018,32.37952706465603,0.1744488323700253,103.04291620803076,44.80930357494281,0,0
2026-09-12 00:51:27.912018,29.633828603636168,0.2490494088848834,102.6446845973751,46.46444459353396,0,0
2026-09-12 00:51:28.912018,28.62645484145253,0.3165711549422855,102.3967982426588,51.76990966335503,0,0
2026-09-12 00:51:29.912018,29.52191330356228,0.2808581482278519,103.23395885528026,37.85443831416677,0,0
2026-09-12 00:51:30.912018,28.88825171279765,0.4182496980879587,100.8148012094632,58.21209622964161,0,0
2026-09-12 00:51:31.912018,25.955858664179495,0.1814082570403384,97.26205184834625,50.21820066232869,0,0
2026-09-12 00:51:32.912018,27.855957969028704,0.2398923624317303,100.85541468057104,43.53516993798236,0,0
2026-09-12 00:51:33.912018,31.563839715041443,0.421607339279288,99.0176115647509,44.91377315356579,0,0
2026-09-12 00:51:34.912018,30.9650356241295,0.3104895459740117,99.53628158028388,54.95823189130401,0,0
2026-09-12 00:51:35.912018,30.50417941790046,0.3707874066240926,98.51516065233518,53.00526467537052,0,0
2026-09-12 00:51:36.912018,27.01455455443986,0.464099755461557,100.04531028311231,56.93390328642606,0,0
2026-09-12 00:51:37.912018,29.455490513593,0.2444956465678542,99.80675261203312,46.58628577597882,0,0
2026-09-12 00:51:38.912018,23.46880486067144,0.2920548529766374,96.2448603401458,51.482919185754014,0,0
2026-09-12 00:51:39.912018,30.53542999165617,0.2782058479255302,102.40044382256458,52.13283955891839,0,0
2026-09-12 00:51:40.912018,34.286573123440704,0.1436325596413379,105.44064371600976,53.47633750126119,0,0
2026-09-12 00:51:41.912018,25.577603603873683,0.2751682556995224,102.21247438699258,55.63640561716035,0,0
2026-09-12 00:51:42.912018,28.24221698004673,0.3704849749904532,100.59415208693154,46.41368047077827,0,0
2026-09-12 00:51:43.912018,30.987320336130388,0.3432471633449792,100.89050720864756,49.4291486611976,0,0
2026-09-12 00:51:44.912018,33.75852790328245,0.3495266535510408,100.15802826397363,46.94925127209928,0,0
2026-09-12 00:51:45.912018,28.65532615109955,0.26995928154884,101.18008316773393,49.73694063321812,0,0
2026-09-12 00:51:46.912018,27.923249012202312,0.2475122211195486,100.92598381185353,53.49216391031488,0,0
2026-09-12 00:51:47.912018,24.09323057275175,0.4015404537518896,99.3179031392034,41.72982249869649,0,0
2026-09-12 00:51:48.912018,30.31031438792432,0.2602146282913864,104.36577677789566,55.54685784729643,0,0
2026-09-12 00:51:49.912018,36.12622812043124,0.3235265631034571,98.02569152858044,44.304089378681255,0,0
2026-09-12 00:51:50.912018,30.83207538589403,0.313066774454203,102.43666308638848,48.46314840151384,0,0
2026-09-12 00:51:51.912018,29.93316306244886,0.4169373613005694,100.79760474536494,56.21970962483062,0,0
2026-09-12 00:51:52.912018,30.966246932300955,0.3777129886137887,104.80166363013149,51.64004858991703,0,0
2026-09-12 00:51:53.912018,29.966723988154197,0.1963793103466303,101.68172919849644,51.6976497413183,0,0
2026-09-12 00:51:54.912018,27.56095688321961,0.2049957466579967,100.28018892563352,44.096869773524446,0,0
2026-09-12 00:51:55.912018,32.46983974703311,0.3463127854455307,100.504585603131,44.7795703208808,0,0
2026-09-12 00:51:56.912018,30.677284569335264,0.2948529882096666,101.07981338903951,54.7062819833446,0,0
2026-09-12 00:51:57.912018,30.05283975580097,0.2635862572836989,98.7144186100072,47.05428227257805,0,0
2026-09-12 00:51:58.912018,27.07390191816525,0.3812502307195576,99.46626094976418,47.52544063350075,0,0
2026-09-12 00:51:59.912018,33.91052379580428,0.3149967505671128,97.43011206161628,54.81975625527356,0,0
2026-09-12 00:52:00.912018,31.99410823599933,0.3041965909511555,99.1540462032518,44.75043227315236,0,0
2026-09-12 00:52:01.912018,28.34123748789809,0.3623862912604039,101.1878129633209,51.34617566443129,0,0
2026-09-12 00:52:02.912018,33.00547456104581,0.2699912804045148,101.60035009856904,50.21453663083846,0,0
2026-09-12 00:52:03.912018,28.50728748484438,0.4254815188378043,97.0413406100072,49.98657137068379,0,0
2026-09-12 00:52:04.912018,27.65398952246689,0.2369561901413593,100.7255765939116,47.40782184061248,0,0
2026-09-12 00:52:05.912018,27.720890647559138,0.352554325307367,102.12681990164428,47.10072409268336,0,0
2026-09-12 00:52:06.912018,24.686794340735727,0.4147066270927875,100.67417561324751,44.60817918102568,0,0
2026-09-12 00:52:07.912018,77.81421841066263,5.26893956573503,120.5257995975036,88.86203804991696,1,1
2026-09-12 00:52:08.912018,24.50656536498495,0.272533185931804,100.17567770990355,46.65925404241632,0,0
2026-09-12 00:52:09.912018,26.31466850620271,0.3913765914308446,99.91847329004555,54.84372310583626,0,0
2026-09-12 00:52:10.912018,23.7732359727644,0.392579563818482,99.72653888178388,48.87722479204673,0,0
2026-09-12 00:52:11.912018,29.74179092162732,0.2862803519689408,101.3476470504897,44.70774755289481,0,0
2026-09-12 00:52:12.912018,29.549038619184383,0.2412263125058512,105.61537645547092,48.81093058925789,0,0
2026-09-12 00:52:13.912018,29.019911360440908,0.3764748657864609,99.51260016618964,47.94571400431763,0,0
2026-09-12 00:52:14.912018,26.87226691598827,0.3946839282065283,100.36371473467716,55.04551705864026,0,0
2026-09-12 00:52:15.912018,26.48329873969008,0.2068269321190084,100.89660412124954,48.15499905374234,0,0
2026-09-12 00:52:16.912018,31.39310959063972,0.2036869080826895,99.62529113128342,48.61894809399837,0,0
2026-09-12 00:52:17.912018,28.348344204874536,0.3180205345586879,103.19647160704686,57.057733527462176,0,0
2026-09-12 00:52:18.912018,30.949074964608435,0.3503488506743114,96.25822925338711,52.54133660731674,0,0
2026-09-12 00:52:19.912018,27.344253941627333,0.2760744731815956,99.93788165924263,58.313530080017486,0,0
2026-09-12 00:52:20.912018,30.543188228313248,0.3543435055985879,102.63662747263992,56.29522502031953,0,0
2026-09-12 00:52:21.912018,33.90983411194819,0.2431890714530094,100.41181138322273,45.56418705818572,0,0
2026-09-12 00:52:22.912018,31.75849740117835,0.1308245120741011,99.35832208229942,54.94975427200054,0,0
2026-09-12 00:52:23.912018,28.76275854535056,0.2660879142133923,101.88151350887752,57.62651646037296,0,0
2026-09-12 00:52:24.912018,30.771596911067785,0.3050585717210481,102.8126864707943,57.6640656616171,0,0
2026-09-12 00:52:25.912018,29.27800447640936,0.2779328032082834,101.42127089043012,54.94047991788344,0,0
2026-09-12 00:52:26.912018,30.023640554084185,0.2073117389072411,99.39755928037424,54.83761497454588,0,0
2026-09-12 00:52:27.912018,29.02316684355449,0.1547480819296945,101.91240663830348,48.48669478162225,0,0
2026-09-12 00:52:28.912018,29.506994382343827,0.2588728956505681,100.19590139945042,45.813089578252125,0,0
2026-09-12 00:52:29.912018,30.636280059222525,0.3718124617319794,102.49037376378766,48.23891340551272,0,0
2026-09-12 00:52:30.912018,27.01992390125415,0.4004957951530946,103.96651776971318,41.676054992836185,0,0
2026-09-12 00:52:31.912018,26.952363519030065,0.3950170707310764,95.78884648862294,56.713976577108525,0,0
2026-09-12 00:52:32.912018,25.83437233850637,0.2347272371881157,101.22213494639126,48.58353520291144,0,0
2026-09-12 00:52:33.912018,25.199186686488872,0.2077034941095708,97.52853212610476,56.4566536453248,0,0
2026-09-12 00:52:34.912018,26.348151923338563,0.3397307691983916,105.88357717065954,43.842502113892,0,0
2026-09-12 00:52:35.912018,30.478387520412387,0.350808000927834,100.0637509324076,55.41312460501105,0,0
2026-09-12 00:52:36.912018,27.321637453524342,0.3320135684160398,102.49274648365076,47.52559670910341,0,0
2026-09-12 00:52:37.912018,31.54084339269329,0.1388749380609789,100.9293662808102,43.578152958454126,0,0
2026-09-12 00:52:38.912018,30.104141246257687,0.2306492332093226,99.39383083856188,58.13559026079879,0,0
2026-09-12 00:52:39.912018,24.09448735968584,0.2976248967771217,99.15589390564514,55.53655834670387,0,0
2026-09-12 00:52:40.912018,31.964926752665068,0.3389774555704342,104.17135834620152,51.05896210092892,0,0
2026-09-12 00:52:41.912018,32.43239593677513,0.3613845890081989,102.91187612035662,50.16968942567482,0,0
2026-09-12 00:52:42.912018,27.01841197549544,0.3115402817825632,104.88716817475512,52.19755009409559,0,0
2026-09-12 00:52:43.912018,85.46731437225127,4.345136427214851,120.382041689937,89.93332361886702,1,1
2026-09-12 00:52:44.912018,27.430505287772405,0.3067892366688883,101.575839242492,46.03862022914264,0,0
2026-09-12 00:52:45.912018,30.29301113024501,0.3548495499374786,100.46561686868942,47.93973865107539,0,0
2026-09-12 00:52:46.912018,26.206504779135106,0.3250292521192728,100.42583559376996,59.80358916019351,0,0
2026-09-12 00:52:47.912018,24.62068064239627,0.305259012803783,98.91622613504526,63.36078371314007,0,0
2026-09-12 00:52:48.912018,28.851548431161092,0.2785304960690095,101.1680203818487,57.81334252615341,0,0
2026-09-12 00:52:49.912018,29.62881316117549,0.3065033140033985,99.4215068102276,52.39111970081312,0,0
2026-09-12 00:52:50.912018,28.80696091915619,0.3387673103071419,101.8838178443284,48.31125483649033,0,0
2026-09-12 00:52:51.912018,26.44790832533232,0.3213980311118449,101.34002043796042,46.00907053051517,0,0
2026-09-12 00:52:52.912018,28.80030281360659,0.3304661134676203,101.57536408735145,46.338587947848985,0,0
2026-09-12 00:52:53.912018,30.8078842577422,0.4074177489080948,104.35025987938045,47.2336617065662,0,0
2026-09-12 00:52:54.912018,29.865320909632388,0.321213113819727,100.9245641004688,60.75582020712885,0,0
2026-09-12 00:52:55.912018,30.54750309179764,0.2480801183621473,102.51345400570686,59.031411481913,0,0
2026-09-12 00:52:56.912018,27.989654398637303,0.3706885428795335,105.10301892817117,53.73139194967697,0,0
2026-09-12 00:52:57.912018,33.51515374414848,0.1907041329864865,103.6132341385901,45.19693411793587,0,0
2026-09-12 00:52:58.912018,26.47147999033566,0.213486929540857,103.30633939690968,54.465279633555184,0,0
2026-09-12 00:52:59.912018,31.46268089126016,0.3268677811776055,100.386623568959,48.806914857446976,0,0
2026-09-12 00:53:00.912018,33.54567327887988,0.3413117334229263,101.4592861111356,39.23495280677939,0,0
2026-09-12 00:53:01.912018,31.442724278246686,0.2003959021196804,98.36344741594012,51.4355031870063,0,0
2026-09-12 00:53:02.912018,29.39242731880551,0.2693746015210599,101.99782880192885,45.790434795829725,0,0
2026-09-12 00:53:03.912018,28.415108860011063,0.2515132934224273,101.54892035522768,45.95973285454981,0,0
2026-09-12 00:53:04.912018,33.10826295313877,0.2610658941694722,101.04677025031236,48.74796003215996,0,0
2026-09-12 00:53:05.912018,25.731075224214983,0.3754878221018357,103.05438957648572,47.50838513528794,0,0
2026-09-12 00:53:06.912018,27.089627218861068,0.3565204370837802,98.5844503551512,49.82871590447996,0,0
2026-09-12 00:53:07.912018,28.80732670352484,0.2984702256117034,104.2697257023207,49.58834724991397,0,0
2026-09-12 00:53:08.912018,33.71296127253599,0.2563230458308058,102.80352937588056,40.62095453576184,0,0
2026-09-12 00:53:09.912018,31.139302908122687,0.1920280263823887,100.85873204069604,57.601389944414166,0,0
2026-09-12 00:53:10.912018,27.095862724469264,0.4136147951025559,100.70254082436522,45.0831163852566,0,0
2026-09-12 00:53:11.912018,29.069076883845288,0.3473691120227934,101.9612224304972,45.23800807434763,0,0
2026-09-12 00:53:12.912018,28.15703056771112,0.2434664716741487,104.04170246412755,48.35723374104851,0,0
2026-09-12 00:53:13.912018,27.870633023299398,0.3575679598099913,101.20321543738002,49.45832576315353,0,0
2026-09-12 00:53:14.912018,32.93666867567034,0.2943821103540299,101.28806180395846,57.2948990841592,0,0
2026-09-12 00:53:15.912018,25.884770612209483,0.2770312396110125,101.03623695525174,51.34711726027451,0,0
2026-09-12 00:53:16.912018,34.82634256720312,0.3348169222631681,104.56404822540294,52.83232742054767,0,0
2026-09-12 00:53:17.912018,32.48468907055387,0.2406801400069819,100.26223379412596,51.37268093791641,0,0
2026-09-12 00:53:18.912018,33.272585011811096,0.2724994784391912,100.94098480276186,51.15730791249386,0,0
2026-09-12 00:53:19.912018,28.611181463924225,0.3097168851359637,103.926871308522,51.54864751543504,0,0
2026-09-12 00:53:20.912018,29.550177842762672,0.2600439045691829,101.29402166722572,40.33632928715531,0,0
2026-09-12 00:53:21.912018,25.700544556425864,0.3535268168214019,103.27411772009104,48.75040757580236,0,0
2026-09-12 00:53:22.912018,28.426012778799592,0.4495253202942608,99.17743988619408,55.811305552855785,0,0
2026-09-12 00:53:23.912018,31.480964542929453,0.2396561493914285,100.58941495674296,69.71165505403343,0,0
2026-09-12 00:53:24.912018,33.88818918534419,0.1667899762956764,103.96886807688044,43.97845533730245,0,0
2026-09-12 00:53:25.912018,26.67852954959265,0.139860786601899,99.6473205684729,52.11539980162176,0,0
2026-09-12 00:53:26.912018,28.9034821890442,0.2879625486804014,100.69740192046058,47.14476711062829,0,0
2026-09-12 00:53:27.912018,29.546102339302436,0.2469468327899053,101.51337046178296,60.238259519484245,0,0
2026-09-12 00:53:28.912018,25.812632393422547,0.3166288400853664,99.02169096401404,43.2310861960426,0,0
2026-09-12 00:53:29.912018,31.7740477252752,0.310607813762088,100.1723797627562,53.1246974515794,0,0
2026-09-12 00:53:30.912018,27.828029004772173,0.1717426522708723,101.22527336365128,42.96394450247905,0,0
2026-09-12 00:53:31.912018,29.41382894646893,0.1548092936414875,101.09336346832391,48.40716665969584,0,0
2026-09-12 00:53:32.912018,28.644151884264367,0.3236746592276876,103.56070404167428,49.82843334625096,0,0
2026-09-12 00:53:33.912018,27.631984482840977,0.3108343067775965,104.08291438966452,55.34845840869804,0,0
2026-09-12 00:53:34.912018,29.978865043558336,0.2659345601306759,99.28783025599816,44.61416586920736,0,0
2026-09-12 00:53:35.912018,29.35317126429593,0.1674285131894156,101.22253703833498,53.31691524423693,0,0
2026-09-12 00:53:36.912018,28.884426353164,0.3377113010211992,102.34849661684952,50.093888616939736,0,0
2026-09-12 00:53:37.912018,27.81461513495897,0.4017519636339154,104.0326949315984,51.3639669314299,0,0
2026-09-12 00:53:38.912018,30.958574012348866,0.3222385952175137,102.43698059463426,54.79166357342571,0,0
2026-09-12 00:53:39.912018,34.96085180547686,0.2322020887547948,101.58182680318468,43.58721653497357,0,0
2026-09-12 00:53:40.912018,30.41966169851738,0.303564173245692,102.33308506396526,54.05297486574296,0,0
2026-09-12 00:53:41.912018,32.988354644733384,0.1907108735253052,102.34753766867252,47.15547573455288,0,0
2026-09-12 00:53:42.912018,25.82933422453961,0.3846368571071034,99.14457141543126,55.479367274884126,0,0
2026-09-12 00:53:43.912018,30.47328431788131,0.3065475467623631,101.38559758501252,51.6727881726894,0,0
2026-09-12 00:53:44.912018,26.7078950430868,0.1585474470597414,103.9183219883774,48.95235809241472,0,0
2026-09-12 00:53:45.912018,25.56922521740429,0.2759460511645054,100.585286462612,47.04987015454589,0,0
2026-09-12 00:53:46.912018,27.78188577762289,0.3370641208187384,101.25889328509489,54.116474971776654,0,0
2026-09-12 00:53:47.912018,33.57569800324072,0.2733561903219582,100.51496710094796,56.30475842740464,0,0
2026-09-12 00:53:48.912018,32.85004748600894,0.2779283422847861,96.37228100878625,47.33574229569908,0,0
2026-09-12 00:53:49.912018,30.7290141661632,0.2020478234362182,101.04118035446936,44.33496717109301,0,0
2026-09-12 00:53:50.912018,25.401898320330208,0.3453232789665325,101.60358386130576,53.47105521472613,0,0
2026-09-12 00:53:51.912018,29.41115804583619,0.248122463998469,99.9750132182382,42.7573452898315,0,0
2026-09-12 00:53:52.912018,30.90510002670521,0.1274843698395973,98.69072610223054,43.47243781208514,0,0
2026-09-12 00:53:53.912018,30.526608688735795,0.2702994103463685,99.23878708043672,44.6864986223605,0,0
2026-09-12 00:53:54.912018,24.46861924955776,0.3784919772456282,102.52837523227112,47.92274758480625,0,0
2026-09-12 00:53:55.912018,27.329046455940382,0.2690456442720041,104.9450495460938,43.31834055392277,0,0
2026-09-12 00:53:56.912018,29.80776670755385,0.4390387988098816,103.76486668181089,40.30600045309211,0,0
2026-09-12 00:53:57.912018,31.60887272855157,0.3343174358838813,98.31130799033888,44.32277902831439,0,0
2026-09-12 00:53:58.912018,23.41161653670016,0.3271006529824293,102.7092546211014,53.212372232863096,0,0
2026-09-12 00:53:59.912018,29.513628073560422,0.2897281387265912,99.6736752483814,43.642279639366166,0,0
2026-09-12 00:54:00.912018,30.429146309636856,0.2945371033788567,99.83546587498245,48.29865161022915,0,0
2026-09-12 00:54:01.912018,32.54883596554864,0.2789261091904397,100.07604880405744,59.73349231182781,0,0
2026-09-12 00:54:02.912018,32.07857275271231,0.2758184486333979,102.41213389971088,49.75412934986455,0,0
2026-09-12 00:54:03.912018,31.747713956426416,0.3424693729653719,102.91850675289808,51.712654948647966,0,0
2026-09-12 00:54:04.912018,27.6001784798942,0.2251335016167547,100.80393785744045,45.26979990874224,0,0
2026-09-12 00:54:05.912018,24.27599358863008,0.2139284937020592,100.83785851798396,60.81737426850072,0,0
2026-09-12 00:54:06.912018,28.8208417288158,0.2101443959299697,101.92852748647158,47.29352755430786,0,0
2026-09-12 00:54:07.912018,33.00489547562568,0.4636523638141723,102.13598907904849,48.85947657774242,0,0
2026-09-12 00:54:08.912018,34.18036358257329,0.3424274321336464,103.35245141351706,56.58529338983682,0,0
2026-09-12 00:54:09.912018,32.13164730689336,0.3243593761344115,98.4312560489816,49.0913287757319,0,0
2026-09-12 00:54:10.912018,31.2880224684052,0.2153988263765254,101.04005467960806,50.23944391337607,0,0
2026-09-12 00:54:11.912018,31.138918945157897,0.3498673840539862,98.86395124821765,48.59155839605435,0,0
2026-09-12 00:54:12.912018,28.331643759717657,0.2906742922837337,100.8981154418732,48.62583810971386,0,0
2026-09-12 00:54:13.912018,29.60981911933914,0.3171335152905399,100.54764942463848,51.85251005414046,0,0
2026-09-12 00:54:14.912018,35.00720857747899,0.2218703747309155,100.9065010921946,52.76471594599053,0,0
2026-09-12 00:54:15.912018,27.17232598262437,0.3128215085934061,99.40051422377894,46.78375784393717,0,0
2026-09-12 00:54:16.912018,34.844336372129554,0.2660933169434813,98.02542041358514,46.16959771926536,0,0
2026-09-12 00:54:17.912018,29.033915536523825,0.2387511074375849,96.8111249465702,46.95431955571218,0,0
2026-09-12 00:54:18.912018,33.97629632728523,0.3587285068645799,100.73763969147032,42.99372992900116,0,0
2026-09-12 00:54:19.912018,25.779554971507388,0.1769833753175997,100.13799778833412,42.04784870740352,0,0
2026-09-12 00:54:20.912018,31.757712603493943,0.345182101145132,99.64812467039236,51.485835736124535,0,0
2026-09-12 00:54:21.912018,27.78968959215713,0.3547588906842396,103.64509692566332,54.69297901587556,0,0
2026-09-12 00:54:22.912018,25.75419842422744,0.2296285059559007,99.28112362640938,54.35522646572609,0,0
2026-09-12 00:54:23.912018,30.65560212723284,0.2343737231094026,103.8336681642776,38.09004363431671,0,0
2026-09-12 00:54:24.912018,33.02841536578791,0.2821579454986878,104.24768748853852,48.774674564783695,0,0
2026-09-12 00:54:25.912018,27.46517568421951,0.3225628968369776,97.09819906642124,44.489540222037206,0,0
2026-09-12 00:54:26.912018,25.5029521186248,0.2877716006548619,101.18476291799794,50.71868718910429,0,0
2026-09-12 00:54:27.912018,29.724465706995133,0.3346849968153503,100.200607018328,47.910882405953096,0,0
2026-09-12 00:54:28.912018,29.737694013668456,0.4410383722029919,95.17639211056547,52.95955953122294,0,0
2026-09-12 00:54:29.912018,31.64495888266349,0.2593826584680229,98.11071749386318,49.90423454799329,0,0
2026-09-12 00:54:30.912018,83.64410544553846,3.9962137756463054,134.53419371861236,84.23167665790984,1,1
2026-09-12 00:54:31.912018,29.82175445618252,0.3660738866424522,105.03839850542252,45.164570636002296,0,0
2026-09-12 00:54:32.912018,35.56650994438279,0.4346651660742023,102.8053562853985,50.02892557413327,0,0
2026-09-12 00:54:33.912018,30.672704233605877,0.3314214690440899,101.64726494502597,50.45055214615543,0,0
2026-09-12 00:54:34.912018,28.9607204819793,0.2129801059717065,100.95733523673782,42.97161596147999,0,0
2026-09-12 00:54:35.912018,25.165297922691515,0.2900886109411839,104.36532582929622,42.31770148226939,0,0
2026-09-12 00:54:36.912018,29.212021439051497,0.2105181212630694,105.29647840391527,50.281226687865896,0,0
2026-09-12 00:54:37.912018,28.99083916376659,0.3514284395170358,99.82631464095162,42.98166346974736,0,0
2026-09-12 00:54:38.912018,32.88091438884441,0.1918967677841252,97.00002687937942,41.65685286749607,0,0
2026-09-12 00:54:39.912018,31.387450872200564,0.275989697053744,96.8036250734576,47.77429743684329,0,0
2026-09-12 00:54:40.912018,26.46189263510215,0.2196529738964874,103.6437619843196,47.55776954330675,0,0
2026-09-12 00:54:41.912018,30.51676315923311,0.3101459748107969,100.90588291845124,45.607997613303496,0,0
2026-09-12 00:54:42.912018,32.01459351518716,0.2706926658289794,101.36648382091744,46.48131521637519,0,0
2026-09-12 00:54:43.912018,87.5206760577818,3.0251391750180687,134.8808616138174,91.87812520451196,1,1
2026-09-12 00:54:44.912018,32.66251190224218,0.3017880443973092,99.49362217442308,46.3991854816009,0,0
2026-09-12 00:54:45.912018,32.28253996293444,0.2210672777820711,100.40903837219844,50.3534851083242,0,0
2026-09-12 00:54:46.912018,30.18025798384549,0.3501501650823217,101.41567676672814,48.09765731941333,0,0
2026-09-12 00:54:47.912018,31.16493601627035,0.2960987478525507,100.20281592217248,50.83825077693328,0,0
2026-09-12 00:54:48.912018,33.74851470211848,0.2209176793707279,98.92534760339731,54.39102782718322,0,0
2026-09-12 00:54:49.912018,26.00166780756105,0.4792741244964634,99.43086601479496,54.196239226952976,0,0
2026-09-12 00:54:50.912018,28.95168201834913,0.3381144133373699,103.41664657189446,56.44105235533041,0,0
2026-09-12 00:54:51.912018,27.68229375373128,0.2877391557280555,101.489569239207,54.1907344844858,0,0
2026-09-12 00:54:52.912018,31.13745935617837,0.4132163621361459,102.22431361391112,51.19278765770902,0,0
2026-09-12 00:54:53.912018,33.69066652695236,0.4473452487509285,99.20225237824536,47.83284181179928,0,0
2026-09-12 00:54:54.912018,28.20907713983678,0.2883720462148891,95.09235302919876,48.06119538591888,0,0
2026-09-12 00:54:55.912018,83.53894691164966,5.473138090949162,139.83511299009086,86.97334820423495,1,1
2026-09-12 00:54:56.912018,28.76333776492659,0.2209597745597647,99.266858891149,50.02264645525779,0,0
2026-09-12 00:54:57.912018,32.74042119605222,0.288224579938559,101.69802453725616,53.48693739355967,0,0
2026-09-12 00:54:58.912018,31.61288970884964,0.2840749956992104,107.57144742736368,46.3716619855849,0,0
2026-09-12 00:54:59.912018,31.284558743431727,0.3147861626897323,102.39033203523653,49.81391070668113,0,0
2026-09-12 00:55:00.912018,29.16002009437656,0.3266208382909608,106.47192031876698,46.61318885639116,0,0
2026-09-12 00:55:01.912018,26.16290779134064,0.3447862759062448,102.1375393906789,51.04677165093808,0,0
2026-09-12 00:55:02.912018,31.545882964873403,0.3190114125039967,99.74022752485456,47.25308308025025,0,0
2026-09-12 00:55:03.912018,27.497154569896125,0.2031405898696668,101.69583215624176,46.30244714352974,0,0
2026-09-12 00:55:04.912018,36.55229020014137,0.2249226315407131,104.56127719895542,46.60016652533987,0,0
2026-09-12 00:55:05.912018,31.711521625063547,0.2562873904429061,104.65912519264248,52.51664386922784,0,0
2026-09-12 00:55:06.912018,28.258055092338147,0.2774207526461417,99.84932526391384,49.51625297334822,0,0
2026-09-12 00:55:07.912018,28.16584425783412,0.384061943237769,101.5063673913986,47.85789134999982,0,0
2026-09-12 00:55:08.912018,29.72116738015924,0.2069648810517669,98.1414662406577,51.30702251273605,0,0
2026-09-12 00:55:09.912018,29.28149423393475,0.271406796146344,102.64933724938284,47.92741891266175,0,0
2026-09-12 00:55:10.912018,33.350501326589864,0.3762407598571239,104.1067093981118,55.63258946842851,0,0
2026-09-12 00:55:11.912018,30.559248509232138,0.276009802040271,101.07959890823204,45.13066923153372,0,0
2026-09-12 00:55:12.912018,27.805104783274416,0.3368332519874259,99.66523189127976,49.06514243591359,0,0
2026-09-12 00:55:13.912018,35.67132205546735,0.2888366365657677,101.72026190255512,42.976173891665,0,0
2026-09-12 00:55:14.912018,30.147924994560668,0.3205426605859778,101.83491806272632,48.26562804054953,0,0
2026-09-12 00:55:15.912018,32.30651902790669,0.2817221964952367,101.16228766369925,41.60182251146685,0,0
2026-09-12 00:55:16.912018,28.17532047766572,0.3533652378182683,101.3574302486719,53.731582612795634,0,0
2026-09-12 00:55:17.912018,31.08934688323357,0.1763954874074851,100.65237029906126,53.8325188350279,0,0
2026-09-12 00:55:18.912018,30.933329973429583,0.2709350393289164,102.9919098564528,53.92085086862238,0,0
2026-09-12 00:55:19.912018,24.33105212371154,0.3237258141355446,102.47245489033024,50.14436240087234,0,0
2026-09-12 00:55:20.912018,36.04582533138192,0.3426956198404954,99.0337937057117,45.60064797644954,0,0
2026-09-12 00:55:21.912018,33.871933382767644,0.4194362098203062,98.9788187936828,45.998296839820256,0,0
2026-09-12 00:55:22.912018,28.808414051562035,0.2687180266507539,100.49125116594688,57.650860276102605,0,0
2026-09-12 00:55:23.912018,26.693190778632435,0.4183585409488698,102.47367424821036,57.17838551899898,0,0
2026-09-12 00:55:24.912018,31.04268484141065,0.2472780938672263,101.29611482778164,50.61277578475386,0,0
2026-09-12 00:55:25.912018,30.26009309824319,0.4062917129235714,99.71369917975468,47.421829829598366,0,0
2026-09-12 00:55:26.912018,31.06700684568969,0.3653973701358698,101.52303719345166,56.84311711349255,0,0
2026-09-12 00:55:27.912018,30.574732188582267,0.2269233136294221,100.33837896095544,46.52748419307595,0,0
2026-09-12 00:55:28.912018,31.51872296791778,0.3245631389801457,102.76097292044828,51.14424604047954,0,0
2026-09-12 00:55:29.912018,34.34191709817542,0.2959011331574246,101.66611687013408,56.75978652699229,0,0
2026-09-12 00:55:30.912018,31.704309615385935,0.350046767494,100.36944362509573,45.81830750167686,0,0
2026-09-12 00:55:31.912018,26.851033503270177,0.2821382729253352,101.46303754409293,54.14611792818556,0,0
2026-09-12 00:55:32.912018,34.08768855813736,0.2754203019470614,103.6300961190484,52.60280397921935,0,0
2026-09-12 00:55:33.912018,34.92184369046486,0.409527566621028,99.86073984690724,49.80241728884219,0,0
2026-09-12 00:55:34.912018,39.45617020353625,0.2921023284435461,101.80531396329432,45.03283200433442,0,0
2026-09-12 00:55:35.912018,26.629517900281208,0.3661137859353413,100.859079319068,46.37780119948362,0,0
2026-09-12 00:55:36.912018,30.728646039450823,0.281971881196464,101.8539673677242,51.447255364253294,0,0
2026-09-12 00:55:37.912018,23.75370389043304,0.4333330607382019,99.69087011680854,42.88331602559307,0,0
2026-09-12 00:55:38.912018,83.08230252034993,3.94538307467624,137.90703734424525,87.1903538424508,1,1
2026-09-12 00:55:39.912018,77.74812433247922,2.736496876531985,120.88220318989238,88.54543813006705,1,1
2026-09-12 00:55:40.912018,35.77033738447486,0.4219613744892722,99.1259860375078,54.9261008640455,0,0
2026-09-12 00:55:41.912018,27.676155089944253,0.2644042887283797,98.34118979334984,43.00821462769889,0,0
2026-09-12 00:55:42.912018,24.932450886098216,0.4280859444931514,98.41708887102608,56.58123648580637,0,0
2026-09-12 00:55:43.912018,28.58620877789244,0.371347246367585,98.65867493959962,58.47681747089968,0,0
2026-09-12 00:55:44.912018,24.07353668634859,0.2876280234751333,102.19064657578532,52.05075783856797,0,0
2026-09-12 00:55:45.912018,32.25329836352193,0.1549365222386273,98.18828062826908,44.80975709287669,0,0
2026-09-12 00:55:46.912018,23.80475086123104,0.2984545356582531,100.40420931051294,48.3594535581988,0,0
2026-09-12 00:55:47.912018,30.08537274354948,0.3081304042826739,102.23657860662142,49.76201377440746,0,0
2026-09-12 00:55:48.912018,23.76656454043141,0.3933774186643498,101.8333181210972,51.35231754365278,0,0
2026-09-12 00:55:49.912018,29.039106586390076,0.4270757740992089,100.22888204007504,50.10990776321801,0,0
2026-09-12 00:55:50.912018,34.9301344674136,0.2452010256685001,101.3818474635102,51.40582571447308,0,0
2026-09-12 00:55:51.912018,31.081943674307382,0.3640945411190546,101.21429065947514,49.54626621330439,0,0
2026-09-12 00:55:52.912018,27.4095191851052,0.3612321724810679,100.55151808890363,51.325535472561214,0,0
2026-09-12 00:55:53.912018,29.906389533182747,0.3858730161928356,100.57833056269084,47.69738289419343,0,0
2026-09-12 00:55:54.912018,30.05405061613334,0.3398951929708435,105.47085486951391,48.309066415087656,0,0
2026-09-12 00:55:55.912018,31.417891037530215,0.1446001847230583,102.6186218078626,47.11987414761666,0,0
2026-09-12 00:55:56.912018,25.89942491015752,0.2875662053977792,105.96130183502429,59.58629767252036,0,0
2026-09-12 00:55:57.912018,31.777701821541992,0.2075433940066468,100.006073734159,57.31950393087161,0,0
2026-09-12 00:55:58.912018,21.88682510519168,0.283791538166554,100.83006680622373,52.77647095006808,0,0
2026-09-12 00:55:59.912018,28.11034634290857,0.3784003388907115,98.3357484694467,56.62654498633869,0,0
2026-09-12 00:56:00.912018,28.535178472645367,0.3244120668699978,99.38086639582086,53.992306694889415,0,0
2026-09-12 00:56:01.912018,31.89998047821372,0.3918472693117946,104.803826297325,50.90635579757028,0,0
2026-09-12 00:56:02.912018,30.067892558030607,0.3273403136570831,99.95593142031647,42.47214329490159,0,0
2026-09-12 00:56:03.912018,25.78331083843114,0.1961339248264877,104.83856260028892,48.6891803993743,0,0
2026-09-12 00:56:04.912018,27.045020622548957,0.0983322394741812,98.51327547864022,48.32481053990824,0,0
2026-09-12 00:56:05.912018,30.59604002864222,0.3119047009343672,98.89306193185344,44.33462413453921,0,0
2026-09-12 00:56:06.912018,29.76279797440633,0.2828858826919067,100.31753755795316,42.56918862696692,0,0
2026-09-12 00:56:07.912018,28.26262767109276,0.2218443408494494,100.87250015664164,52.46359673283513,0,0
2026-09-12 00:56:08.912018,28.55749863146406,0.1639498200278897,102.84617458490024,51.62252161185406,0,0
2026-09-12 00:56:09.912018,32.088503991477864,0.2412205429221832,101.90154083437253,44.16301509966194,0,0
2026-09-12 00:56:10.912018,28.44692228139236,0.2844406812108179,100.16736948531197,46.270607467819055,0,0
2026-09-12 00:56:11.912018,29.73572626791278,0.3532702258965112,100.7333683869638,55.80611136577082,0,0
2026-09-12 00:56:12.912018,36.50980976424163,0.3150904865254384,100.3618741604306,45.6115174324172,0,0
2026-09-12 00:56:13.912018,25.72895208934823,0.4286453797738183,99.17069252934854,50.853994519669016,0,0
2026-09-12 00:56:14.912018,24.444471805276024,0.2171516755163684,99.22407412679676,49.0511085021601,0,0
2026-09-12 00:56:15.912018,32.35076899439582,0.3704847113645946,103.05576778286682,52.53181735531032,0,0
2026-09-12 00:56:16.912018,27.96407081611769,0.3037838994502982,97.34367014414572,45.71946173671785,0,0
2026-09-12 00:56:17.912018,29.04528741677214,0.3555735299294867,104.23471739489013,50.45041738770053,0,0
2026-09-12 00:56:18.912018,27.65653086560666,0.2650788109387565,100.31401154879552,50.84361288672939,0,0
2026-09-12 00:56:19.912018,29.220599577697463,0.3857344299112472,99.45498278721568,51.1509040311461,0,0
2026-09-12 00:56:20.912018,34.79561433628902,0.3236179806676194,102.47951858139454,50.39536928981307,0,0
2026-09-12 00:56:21.912018,32.40638537585436,0.24564440120658,103.97043316829424,51.72304660297055,0,0
2026-09-12 00:56:22.912018,32.58667053566093,0.2990380776869449,103.23526488320792,60.958851660254055,0,0
2026-09-12 00:56:23.912018,25.75131883262206,0.280835531285032,102.00370409871978,62.80648888385553,0,0
2026-09-12 00:56:24.912018,26.546538790341398,0.3391342680510235,103.17372697944369,46.80391929606639,0,0
2026-09-12 00:56:25.912018,21.48276402154372,0.2056178600500393,97.56700484571226,38.4087850982375,0,0
2026-09-12 00:56:26.912018,83.98023831223786,4.434561547063387,124.77299380465708,92.70723534856764,1,1
2026-09-12 00:56:27.912018,32.87010955915697,0.3316245802119464,99.17765987995033,50.93126229950633,0,0
2026-09-12 00:56:28.912018,31.55083954724511,0.3026418645754426,103.44927746243036,55.30520929591791,0,0
2026-09-12 00:56:29.912018,29.33546021114363,0.4077552995511196,100.23304396215222,51.424429498576586,0,0
2026-09-12 00:56:30.912018,29.93309914884584,0.3619218219256842,102.6908131135641,50.293019697628594,0,0
2026-09-12 00:56:31.912018,27.933343372273782,0.2994015362607403,102.07171388497729,55.64453297938611,0,0
2026-09-12 00:56:32.912018,30.61427664720535,0.3173351277998138,99.27538612767265,56.34390294206921,0,0
2026-09-12 00:56:33.912018,32.297634838441844,0.3236532441185599,99.82608358004742,43.06719970609501,0,0
2026-09-12 00:56:34.912018,25.15233963776858,0.3322639683333459,103.58763538162944,45.91696906430208,0,0
2026-09-12 00:56:35.912018,89.22356627665688,4.676235700114897,129.42037820037365,93.24661104608046,1,1
2026-09-12 00:56:36.912018,32.797304612864004,0.2758778963384522,101.24973522039096,50.49218811962292,0,0
2026-09-12 00:56:37.912018,28.75469913310989,0.1812448745445258,99.43491742734712,48.87008398323876,0,0
2026-09-12 00:56:38.912018,32.102101836361754,0.4022624757967589,100.37209562616827,52.17103588930943,0,0
2026-09-12 00:56:39.912018,38.443963333417656,0.2951320383997657,100.90767611206006,54.9805239465855,0,0
2026-09-12 00:56:40.912018,29.686971621039323,0.2845327240256302,99.43426697940502,58.61354855360364,0,0
2026-09-12 00:56:41.912018,31.17992115001597,0.3717437865626588,99.07910609203223,52.8945651188645,0,0
2026-09-12 00:56:42.912018,27.785828749015824,0.3337859837959899,101.57254667355488,45.73833160773445,0,0
2026-09-12 00:56:43.912018,30.54375348780615,0.2097092388496634,99.31052518241763,49.26311887401091,0,0
2026-09-12 00:56:44.912018,31.38081487494691,0.2943275709978105,99.37868488860263,49.62323879370221,0,0
2026-09-12 00:56:45.912018,30.584527020810413,0.2731866421418892,99.12189371259606,52.5732011999058,0,0
2026-09-12 00:56:46.912018,26.94091404087343,0.1604373689115156,100.84418390733735,51.94084016716971,0,0
2026-09-12 00:56:47.912018,30.619085313976356,0.2447779013410236,102.88740326879967,60.25198325555755,0,0
2026-09-12 00:56:48.912018,34.38658781615291,0.2853167742386827,104.01305727262454,47.69243432372546,0,0
2026-09-12 00:56:49.912018,31.345907293543583,0.2908039254806526,99.54816382801243,51.92375266883401,0,0
2026-09-12 00:56:50.912018,32.885961567215524,0.1814214861058153,105.30062158666242,61.77355698872046,0,0
2026-09-12 00:56:51.912018,29.28896408996212,0.392133246643798,98.9905902785864,47.073965515482,0,0
2026-09-12 00:56:52.912018,32.24970071827113,0.2918317552886849,103.16709704665574,50.725743480851776,0,0
2026-09-12 00:56:53.912018,30.83780351464958,0.303004246132845,99.55660709196913,45.27559749437992,0,0
2026-09-12 00:56:54.912018,27.147267810938303,0.3320513310671869,99.25815346025998,50.41043449813716,0,0
2026-09-12 00:56:55.912018,30.955563014396624,0.2369538996877063,99.51048768643122,46.09891425931179,0,0
2026-09-12 00:56:56.912018,27.02491000967907,0.3365084778506156,100.89510460070176,55.23400451745673,0,0
2026-09-12 00:56:57.912018,28.101359175345625,0.2706340283185453,102.15994434206722,50.736594295156976,0,0
2026-09-12 00:56:58.912018,30.567984921877123,0.2282731567482246,102.33973607580964,45.32301370008853,0,0
2026-09-12 00:56:59.912018,30.891732820140373,0.3458757994684319,99.11202996930422,54.20283848895836,0,0
2026-09-12 00:57:00.912018,26.43230260476861,0.4193339087041446,99.02068142497748,50.89833019435794,0,0
2026-09-12 00:57:01.912018,33.161957313548626,0.3579863498788665,99.16672261327292,54.76409388611727,0,0
2026-09-12 00:57:02.912018,31.71601883490142,0.3738382052112344,100.77729119522898,44.26168686026126,0,0
2026-09-12 00:57:03.912018,27.885814693167347,0.2583495514750161,100.57968879161824,51.8441220612433,0,0
2026-09-12 00:57:04.912018,25.387245610652474,0.1721904216665234,99.0996490758604,53.86670847322355,0,0
2026-09-12 00:57:05.912018,29.565286262755706,0.4192110017679873,101.53920738812648,47.88311254882132,0,0
2026-09-12 00:57:06.912018,28.66216885841652,0.4643611911523808,105.52513761667063,43.70498636515924,0,0
2026-09-12 00:57:07.912018,30.33942137115907,0.4234245419015745,99.99056907632968,49.79196252314803,0,0
2026-09-12 00:57:08.912018,84.57882889945175,4.040598352422405,128.4541404506067,93.28217780966058,1,1
2026-09-12 00:57:09.912018,23.97762941776497,0.2076292529016924,102.11932314064872,55.629651653170285,0,0
2026-09-12 00:57:10.912018,28.83495918509653,0.2147453841744346,99.8823674165264,47.85785782622212,0,0
2026-09-12 00:57:11.912018,29.083142666795062,0.1653013945908761,102.33792896343635,43.584572818117785,0,0
2026-09-12 00:57:12.912018,31.900983074322177,0.2914097105271964,99.56291458644192,47.844101398252135,0,0
2026-09-12 00:57:13.912018,27.90540097616685,0.4284542366465963,104.6642392151546,47.65761174634044,0,0
2026-09-12 00:57:14.912018,35.0360240201177,0.2886669894502205,101.6895499451846,52.23223391652389,0,0
2026-09-12 00:57:15.912018,24.265078348044728,0.324185832027862,99.75995410184656,49.47499248547939,0,0
2026-09-12 00:57:16.912018,33.93350249340787,0.4100477571443366,99.82261660106144,46.23367894131429,0,0
2026-09-12 00:57:17.912018,29.327043087365684,0.267672375053408,99.97240049458394,55.52131533630334,0,0
2026-09-12 00:57:18.912018,32.57875461703067,0.4628425165375676,103.74549933249774,50.70212933722417,0,0
2026-09-12 00:57:19.912018,30.2394044521762,0.4593675525997962,98.46249798479744,52.17707826365471,0,0
2026-09-12 00:57:20.912018,33.41866660807641,0.2895110929055614,99.664116659081,41.37507282934367,0,0
2026-09-12 00:57:21.912018,94.0114184885049,3.5924567035848,134.05457566123525,89.89100380194368,1,1
2026-09-12 00:57:22.912018,26.704138724466564,0.355779043711225,100.96862406648611,42.81227109277796,0,0
2026-09-12 00:57:23.912018,34.26151286181319,0.2721980045984913,100.4577806147064,47.59728287196612,0,0
2026-09-12 00:57:24.912018,29.65955806235357,0.207475582634613,98.01754433721908,52.88178008806904,0,0
2026-09-12 00:57:25.912018,30.664675420872637,0.4024990922818384,100.20035463280908,38.28876564796351,0,0
2026-09-12 00:57:26.912018,33.704255742134386,0.3973157909821664,100.80089863363008,57.96426032185994,0,0
2026-09-12 00:57:27.912018,26.904134273716696,0.3124409283010848,99.74380432984044,50.85283013385063,0,0
2026-09-12 00:57:28.912018,31.786472692917773,0.1989708197017457,102.37355097809532,56.80147496474955,0,0
2026-09-12 00:57:29.912018,28.230315730611327,0.2016378999026091,102.8388168575073,45.57014958762936,0,0
2026-09-12 00:57:30.912018,29.603491933066884,0.3085783430735322,100.8432266005412,52.51929967086245,0,0
2026-09-12 00:57:31.912018,30.216836896152863,0.2600103172395974,101.46108317370144,50.425979649853936,0,0
2026-09-12 00:57:32.912018,25.49933441565919,0.2727125654286713,96.67788800530144,54.08843156527277,0,0
2026-09-12 00:57:33.912018,27.663488871538696,0.3817570524048003,100.15779445567634,48.83104316200141,0,0
2026-09-12 00:57:34.912018,34.053218677239414,0.3586543453938046,103.00964338351582,52.36607604503794,0,0
2026-09-12 00:57:35.912018,32.65857356575439,0.410251414439809,100.15312683364144,55.510976593856,0,0
2026-09-12 00:57:36.912018,29.812081268018296,0.2207501421298193,99.52547664721608,46.74411853054112,0,0
2026-09-12 00:57:37.912018,30.72937037553868,0.272544674505063,105.55537785206188,51.21122116244825,0,0
2026-09-12 00:57:38.912018,29.117272483090627,0.360718535636809,104.6381543803916,40.56068881388826,0,0
2026-09-12 00:57:39.912018,34.069750157483945,0.3358462672810313,101.93514982496433,53.51251509531679,0,0
2026-09-12 00:57:40.912018,29.39894226661751,0.4225904306070097,103.2778212229601,59.77331271731245,0,0
2026-09-12 00:57:41.912018,30.695526276404543,0.3336429364723255,96.54812916408385,43.77781976125653,0,0
2026-09-12 00:57:42.912018,33.43809043242619,0.4478487283284442,99.4248971187426,49.543093697860286,0,0
2026-09-12 00:57:43.912018,27.66788554546228,0.3432014241378512,100.0600842536537,54.40240650457056,0,0
2026-09-12 00:57:44.912018,34.67636755349068,0.3849733958070928,100.52803980226612,50.15708736733275,0,0
2026-09-12 00:57:45.912018,76.40415411362147,4.16238463436582,124.17841355390176,81.82496053798005,1,1
2026-09-12 00:57:46.912018,34.888926393338394,0.3011429769507191,95.89994741696732,48.04500279238181,0,0
2026-09-12 00:57:47.912018,28.88197324814408,0.372875552307158,101.77204923741712,47.85923873456043,0,0
2026-09-12 00:57:48.912018,29.271903756524157,0.4290382536474443,102.08730825656122,49.56652923207311,0,0
2026-09-12 00:57:49.912018,24.32996948645117,0.3583389559448602,104.20379758317996,50.20835711069678,0,0
2026-09-12 00:57:50.912018,28.635615847866923,0.2933462582452304,99.42338147045008,44.09279369211345,0,0
2026-09-12 00:57:51.912018,26.880580406919343,0.4101868023622673,99.2596736844402,49.66989007026986,0,0
2026-09-12 00:57:52.912018,28.177060963879583,0.1246417074976095,95.64003102807106,57.84266969354663,0,0
2026-09-12 00:57:53.912018,29.58806710263336,0.1862212398794501,100.41286632681825,47.904331032055474,0,0
2026-09-12 00:57:54.912018,32.87337484341872,0.3545307378934711,102.80222356212434,43.813725085626864,0,0
2026-09-12 00:57:55.912018,30.62281005420188,0.30112866850025,99.77646427561456,49.24291966006787,0,0
2026-09-12 00:57:56.912018,30.92302996020334,0.3484410920899332,105.2868896370873,46.42693593937852,0,0
2026-09-12 00:57:57.912018,26.713441833463317,0.3051526017945553,100.48681032842096,43.30829087339031,0,0
2026-09-12 00:57:58.912018,27.35773773119181,0.3456756555683098,101.29398456857712,50.6958423086631,0,0
2026-09-12 00:57:59.912018,35.39617505505394,0.2348477743205447,98.2737938388368,46.44858981424461,0,0
2026-09-12 00:58:00.912018,27.79439689571026,0.3456388868863752,101.57444069035056,46.876429165733626,0,0
2026-09-12 00:58:01.912018,34.968624756171884,0.3795531622566067,97.04136041029462,50.76713690192695,0,0
2026-09-12 00:58:02.912018,29.2708164033574,0.3976440483144986,102.38739591002629,42.33412702318833,0,0
2026-09-12 00:58:03.912018,30.006863808430516,0.461084343571896,102.44885635247084,41.29215174874437,0,0
2026-09-12 00:58:04.912018,33.21109548068979,0.3195278754801909,103.71858284867302,53.35436097250966,0,0
2026-09-12 00:58:05.912018,33.81567726581597,0.3219128869477743,98.96006256246464,40.34583199637959,0,0
2026-09-12 00:58:06.912018,29.667562319162737,0.1781462028660921,101.32112423659484,45.11661152346323,0,0
2026-09-12 00:58:07.912018,28.835270839435385,0.257487087908926,102.127633118773,41.00080232305781,0,0
2026-09-12 00:58:08.912018,29.83223865443336,0.284553434079471,101.8845632766606,47.56931766575584,0,0
2026-09-12 00:58:09.912018,31.013872584696355,0.3840255641821084,99.2694014497303,52.14029373825583,0,0
2026-09-12 00:58:10.912018,32.673911060609264,0.2511199100728296,96.21603622088772,50.56168974366188,0,0
2026-09-12 00:58:11.912018,30.012689576982456,0.3637072015799065,101.69392059376896,61.95936694728642,0,0
2026-09-12 00:58:12.912018,31.85665889406946,0.2998702626429296,100.69500064338015,55.434578088945,0,0
2026-09-12 00:58:13.912018,34.915079196812826,0.285826550790819,99.86665881407713,45.34421074921699,0,0
2026-09-12 00:58:14.912018,31.143928836794355,0.3199115175306605,102.52789072743091,44.01472497586795,0,0
2026-09-12 00:58:15.912018,30.93495856801433,0.2687074902197726,100.91016092369114,63.53343970487751,0,0
2026-09-12 00:58:16.912018,25.4432675247298,0.2656770201525867,98.3616098944644,55.31286002866681,0,0
2026-09-12 00:58:17.912018,22.10780958951281,0.1636171275367908,97.13709542180756,52.94684803634786,0,0
2026-09-12 00:58:18.912018,31.165127187690505,0.2801636634137688,98.74207346973368,50.37425906107809,0,0
2026-09-12 00:58:19.912018,29.715527306157384,0.2616025483081018,105.78602458953355,51.36760783737508,0,0
2026-09-12 00:58:20.912018,28.455651975255773,0.2587215208520736,102.44555354786554,42.58963362258787,0,0
2026-09-12 00:58:21.912018,30.730590612559038,0.3333498450072032,101.37722468395002,50.78519585098384,0,0
2026-09-12 00:58:22.912018,29.818788812409277,0.3526905562232407,100.6366781456284,50.35615698729507,0,0
2026-09-12 00:58:23.912018,33.3833407519017,0.3185755603713862,100.50521412010512,45.4793057844926,0,0
2026-09-12 00:58:24.912018,30.258332604776932,0.3796332152359579,103.3343919667182,47.30736773215761,0,0
2026-09-12 00:58:25.912018,27.7592301447895,0.3460449540664292,100.01880851619312,57.57588196721778,0,0
2026-09-12 00:58:26.912018,32.97049871687787,0.2763955048155486,102.1538408213686,49.374125398525685,0,0
2026-09-12 00:58:27.912018,29.348606775161397,0.2629714971428496,100.3031440994168,60.355856512665554,0,0
2026-09-12 00:58:28.912018,31.57961005101692,0.3250257789413477,104.88031326367012,41.29660281756309,0,0
2026-09-12 00:58:29.912018,28.5677678814216,0.345901368792152,102.4845770151566,47.38934906887126,0,0
2026-09-12 00:58:30.912018,28.05051934350769,0.4118275445625198,103.49111362936723,42.26360724376541,0,0
2026-09-12 00:58:31.912018,30.25250469055709,0.3952938435952076,99.83118045062352,43.95288773054083,0,0
2026-09-12 00:58:32.912018,30.03848593063105,0.2566821594794264,103.11627222513484,45.85897147170351,0,0
2026-09-12 00:58:33.912018,81.67380018842982,3.4348142201144887,137.2609608688266,80.25614665260854,1,1
2026-09-12 00:58:34.912018,29.194062740070773,0.3536814243934216,101.2200696478657,51.33413085540194,0,0
2026-09-12 00:58:35.912018,24.490920648688807,0.3854398222447177,104.27009534123891,46.60354840186197,0,0
2026-09-12 00:58:36.912018,28.701678349234832,0.3751175574963833,98.91444988648716,38.86100221331709,0,0
2026-09-12 00:58:37.912018,32.381455401431445,0.2948897733734922,101.4064954626108,57.388464365160765,0,0
2026-09-12 00:58:38.912018,29.10787176227068,0.1996781878057186,101.87601051703746,48.57117641981822,0,0
2026-09-12 00:58:39.912018,29.260849792456355,0.2200850899003527,102.04000876160164,44.41854914849431,0,0
2026-09-12 00:58:40.912018,32.95912951771781,0.3218106811455531,100.09843101381308,51.37465390535044,0,0
2026-09-12 00:58:41.912018,27.86408031822323,0.3273780463539476,105.17252820161616,51.02222585261587,0,0
2026-09-12 00:58:42.912018,25.3715903452713,0.2121056501252491,98.41013622931948,48.386617675000174,0,0
2026-09-12 00:58:43.912018,29.51810664142352,0.3035655688711417,103.91777077726492,50.74265507820753,0,0
2026-09-12 00:58:44.912018,28.547478146253788,0.3504979485577426,103.43013121118328,44.22485079795991,0,0
2026-09-12 00:58:45.912018,27.10126104074024,0.2079018673994284,104.80177757920735,53.79956421588242,0,0
2026-09-12 00:58:46.912018,29.47386463230393,0.3883997761443531,97.82354580258436,45.015664526215645,0,0
2026-09-12 00:58:47.912018,31.47451694174035,0.2697975081152139,99.2623370242206,46.97215172348284,0,0
2026-09-12 00:58:48.912018,29.972134315296557,0.4006090490061321,103.98388611832328,53.24400908075788,0,0
2026-09-12 00:58:49.912018,30.920943218058717,0.2573238043379279,97.24592169073938,56.01979482505117,0,0
2026-09-12 00:58:50.912018,35.44022309554627,0.2178699613692656,97.78708219791918,57.92887284023169,0,0
2026-09-12 00:58:51.912018,28.971363415327307,0.2633490408126624,100.023384426577,55.27899119233286,0,0
2026-09-12 00:58:52.912018,30.83504590393401,0.2923881501538143,101.38398757724454,48.37963908099109,0,0
2026-09-12 00:58:53.912018,28.472359912202595,0.2689216074582815,104.18445014729755,42.29483465449768,0,0
2026-09-12 00:58:54.912018,27.46092084033908,0.2827198862741509,100.62946817013928,57.02527792801447,0,0
2026-09-12 00:58:55.912018,28.24527703974669,0.3267172119740952,99.78352170387092,56.85347994452488,0,0
2026-09-12 00:58:56.912018,28.563724285434933,0.286305650416288,101.62277987539284,46.640119233232525,0,0
2026-09-12 00:58:57.912018,31.078427392641377,0.2947110084838394,101.9391929665888,54.6059451891228,0,0
2026-09-12 00:58:58.912018,37.04722736010227,0.1632618880637923,101.88247964434056,48.33911103034631,0,0
2026-09-12 00:58:59.912018,27.85186969117248,0.3313358412808378,100.64402758409732,57.50638441755864,0,0
2026-09-12 00:59:00.912018,28.75012408315361,0.2928637361846665,97.0898277721637,47.42567668798109,0,0
2026-09-12 00:59:01.912018,29.810630960666256,0.4288234384386297,99.16476802178734,59.89325643774252,0,0
2026-09-12 00:59:02.912018,31.187396546129243,0.2248347866196833,103.84054217053492,53.93060273799123,0,0
2026-09-12 00:59:03.912018,30.79065243586436,0.1553363737200388,101.3741378759532,58.987724223429936,0,0
2026-09-12 00:59:04.912018,33.85228738184435,0.3494454795144033,100.35495576178587,47.68101365175061,0,0
2026-09-12 00:59:05.912018,22.720823788394377,0.32772216146504,103.23633709674796,52.02514802222097,0,0
2026-09-12 00:59:06.912018,22.839210389412983,0.2193253583575083,98.73976673526212,45.15360400827817,0,0
2026-09-12 00:59:07.912018,28.512365483969557,0.1776200835996726,100.549303732574,54.21994626059598,0,0
2026-09-12 00:59:08.912018,33.29190056263113,0.4229917384547432,101.27551681034808,54.49520766418562,0,0
2026-09-12 00:59:09.912018,25.30305590518321,0.4131288312485425,100.11724499341074,61.98511959100593,0,0
2026-09-12 00:59:10.912018,20.97710298091873,0.1010034593035096,101.2015256458032,52.41019898609824,0,0
2026-09-12 00:59:11.912018,31.713538218657625,0.2633421576594799,100.62461213715648,53.62047101253047,0,0
2026-09-12 00:59:12.912018,30.730971671108144,0.4331353643827119,98.20131390442825,47.64584811748109,0,0
2026-09-12 00:59:13.912018,26.72937477960171,0.2619149953777706,101.36295576375812,52.70689686317619,0,0
2026-09-12 00:59:14.912018,27.04338119783721,0.2607510212778677,98.34329641697428,48.100543956562085,0,0
2026-09-12 00:59:15.912018,27.090768841095976,0.2773792537896505,101.33123025019344,50.57930379421,0,0
2026-09-12 00:59:16.912018,30.33160595242182,0.2103282420985472,103.74827164830022,50.87257830772898,0,0
2026-09-12 00:59:17.912018,28.12105417145098,0.1636179404617564,100.43795360544787,48.23847563325415,0,0
2026-09-12 00:59:18.912018,31.48219175692656,0.3842037848587799,98.65703374005804,50.31472548270997,0,0
2026-09-12 00:59:19.912018,21.436120011286825,0.1525650475001859,100.74602437359005,48.123524151432896,0,0
2026-09-12 00:59:20.912018,27.429444404616603,0.3197817161687004,99.33605778384292,48.1013443748308,0,0
2026-09-12 00:59:21.912018,26.621838117266847,0.370926359420612,102.18901800526294,55.38332325751136,0,0
2026-09-12 00:59:22.912018,29.230977964882523,0.1839018960879073,100.7040225049543,50.877068209132055,0,0
2026-09-12 00:59:23.912018,28.385856724529585,0.2260585277923942,104.41952650332917,51.735331361001386,0,0
2026-09-12 00:59:24.912018,32.3935313396873,0.3970543350713272,103.32597919135468,42.71347615507232,0,0
2026-09-12 00:59:25.912018,24.421989685019827,0.3426313376181631,100.6938389910372,52.11729165915195,0,0
2026-09-12 00:59:26.912018,30.13647442899225,0.250617143449689,102.43121813594618,52.65211731987619,0,0
2026-09-12 00:59:27.912018,31.675009269635115,0.3961799202688937,100.21352718167432,48.00830688655624,0,0
2026-09-12 00:59:28.912018,35.569942309685864,0.3965228578763441,101.06791377033034,60.42514838130346,0,0
2026-09-12 00:59:29.912018,28.554702086719573,0.3215242154412565,100.27713160729938,38.55386367907968,0,0
2026-09-12 00:59:30.912018,30.97337581305755,0.2279871817701069,102.53291191969942,53.92183567885273,0,0
2026-09-12 00:59:31.912018,24.588411622312904,0.2669241037222564,103.86597655341916,53.56402402477431,0,0
2026-09-12 00:59:32.912018,22.82413138706093,0.3229109395164312,102.59729641438228,52.70791465999706,0,0
2026-09-12 00:59:33.912018,32.5343231273451,0.2849124136682009,102.8438732025707,50.88106352819312,0,0
2026-09-12 00:59:34.912018,29.98331911905579,0.3751165742587881,102.84606687447146,52.75339661312519,0,0
2026-09-12 00:59:35.912018,33.535538069395265,0.1776180735912531,102.10251184466942,54.340877397779465,0,0
2026-09-12 00:59:36.912018,25.87979133309075,0.1804589176747009,98.72142768157948,46.37056208084003,0,0
2026-09-12 00:59:37.912018,31.55970641858626,0.3144696889185945,104.401943038833,51.495978110900445,0,0
2026-09-12 00:59:38.912018,35.60645352163156,0.2606764468954476,104.60882165339684,49.08341578988348,0,0
2026-09-12 00:59:39.912018,31.2591168250718,0.2498361108241807,100.53224079337326,44.53115799887246,0,0
2026-09-12 00:59:40.912018,30.829744516773147,0.1585554624660482,100.25860416956765,53.58584987306645,0,0
2026-09-12 00:59:41.912018,30.02566824247305,0.3015636675838545,102.22482330583075,47.17819787657983,0,0
2026-09-12 00:59:42.912018,25.287355628622265,0.2957795913599387,102.101625670367,42.51070662610267,0,0
2026-09-12 00:59:43.912018,34.066718807131046,0.3522783185561392,100.59610786249397,47.30444669649175,0,0
2026-09-12 00:59:44.912018,28.1674270805848,0.3055124906496778,98.4999486888248,46.005505509534345,0,0
2026-09-12 00:59:45.912018,31.51344976914905,0.2893916737407602,101.61140238149956,55.14239504595055,0,0
2026-09-12 00:59:46.912018,25.31089708028624,0.394160050943227,102.10287307635107,50.76596570279039,0,0
2026-09-12 00:59:47.912018,26.46162100647666,0.1950026157241159,102.4516422960776,56.9119137284497,0,0
2026-09-12 00:59:48.912018,34.30526219766671,0.3429111375078061,101.69858554470842,46.66721884383477,0,0
2026-09-12 00:59:49.912018,28.95809313312647,0.166308226816372,100.45776970327618,54.3708493594825,0,0
2026-09-12 00:59:50.912018,34.35982642812763,0.2329310495999353,102.98800407901255,64.19811457403956,0,0
2026-09-12 00:59:51.912018,29.76530802282445,0.2029874293901348,101.13169699513185,51.7801623356357,0,0
2026-09-12 00:59:52.912018,24.47430668112643,0.3625554028361534,100.07015397127056,54.308244311615766,0,0
2026-09-12 00:59:53.912018,32.67620279919516,0.2947671813123684,100.63869323590856,53.46758832112703,0,0
2026-09-12 00:59:54.912018,28.230323046733176,0.2989197404325618,97.50806193505004,42.889623362870864,0,0
2026-09-12 00:59:55.912018,32.09606644055113,0.2114613609816439,100.63551635164292,52.92908648733725,0,0
2026-09-12 00:59:56.912018,30.07563260262025,0.2760245203253688,102.37687303974934,51.532281603247846,0,0
2026-09-12 00:59:57.912018,25.37064531617139,0.238922775735271,101.67956604427846,48.701263083008456,0,0
2026-09-12 00:59:58.912018,30.492884296111708,0.3306764011883373,104.04132834596236,45.5798181289756,0,0
2026-09-12 00:59:59.912018,36.5886694264584,0.2207127091734709,100.4740501719686,53.46991620163519,0,0
2026-09-12 01:00:00.912018,31.47895937554338,0.406383549216406,101.97462632610664,45.137981301946894,0,0
2026-09-12 01:00:01.912018,29.82744674098361,0.1659535640300724,102.58548035261154,60.66822802340948,0,0
2026-09-12 01:00:02.912018,33.22603020587069,0.235478413403475,105.68571401657482,50.57084541744064,0,0
2026-09-12 01:00:03.912018,30.632005395609333,0.4341760407972876,101.28953098223528,43.88346476106748,0,0
2026-09-12 01:00:04.912018,30.628602690788384,0.2651889001630372,98.91162564227196,47.4300186083583,0,0
2026-09-12 01:00:05.912018,26.72512448352269,0.194809706847647,102.69585750671057,48.609328308550914,0,0
2026-09-12 01:00:06.912018,30.701544077368798,0.3175257250030134,104.73145471193692,62.06188326961923,0,0
2026-09-12 01:00:07.912018,33.10633024925083,0.2619686206228366,100.35490257954676,45.57705526595252,0,0
2026-09-12 01:00:08.912018,27.491813543699926,0.2331303795505355,102.68216307721283,49.41891368374306,0,0
2026-09-12 01:00:09.912018,34.27348746374084,0.2123303351361026,103.45745611045784,47.31085815067489,0,0
2026-09-12 01:00:10.912018,29.72488192756462,0.5214698884500755,103.03413108794032,52.49629242790832,0,0
2026-09-12 01:00:11.912018,27.336691465384376,0.2798758479852691,101.25111704494716,47.390582931474775,0,0
2026-09-12 01:00:12.912018,32.992896230760735,0.1459546111733698,99.6030524835737,44.30471666930145,0,0
2026-09-12 01:00:13.912018,29.139617292785196,0.4194967807204427,100.83744090397283,49.023527101019006,0,0
2026-09-12 01:00:14.912018,32.27854466245832,0.3488856724088456,101.91720090775526,48.50303078333879,0,0
2026-09-12 01:00:15.912018,29.124724103224388,0.2386826855184169,102.81644504818344,47.038778111879935,0,0
2026-09-12 01:00:16.912018,29.82052156941029,0.2253504729051086,101.66789009599808,47.30594820551441,0,0
2026-09-12 01:00:17.912018,31.480680613002875,0.3538778236926584,100.24018406691884,55.92347898940501,0,0
2026-09-12 01:00:18.912018,30.87269117277002,0.2802465338008436,102.11075931229954,48.40129892866248,0,0
2026-09-12 01:00:19.912018,24.013404658644784,0.1459217745243919,102.72017013548565,44.32936168760784,0,0
2026-09-12 01:00:20.912018,26.636268779716826,0.4429791971683735,101.75922011282896,47.68942018100072,0,0
2026-09-12 01:00:21.912018,32.78822995437245,0.2652807630227234,99.32762577092336,50.27167829732696,0,0
2026-09-12 01:00:22.912018,29.60359023329536,0.4196457389185941,100.63718793056562,43.31865181724323,0,0
2026-09-12 01:00:23.912018,28.428806091685736,0.4022747966372572,102.89564155282493,58.12988980003199,0,0
2026-09-12 01:00:24.912018,25.924277954227577,0.2199192364413748,98.23396438251103,54.33789738753136,0,0
2026-09-12 01:00:25.912018,26.760791036172456,0.3826551891490518,96.81364395521769,57.150863718093895,0,0
2026-09-12 01:00:26.912018,23.93460408011416,0.2478845960109054,104.01616570028804,51.960640627438416,0,0
2026-09-12 01:00:27.912018,29.696157843895403,0.1506639530556846,102.02283051004376,39.531512749349496,0,0
2026-09-12 01:00:28.912018,28.20468725825686,0.2660321467182286,102.21346000504022,57.676668583192566,0,0
2026-09-12 01:00:29.912018,27.10023632704405,0.3318110001421023,98.84636605274588,45.68215820145053,0,0
2026-09-12 01:00:30.912018,29.79562972449614,0.262981068160293,102.47505612693308,46.0890662799895,0,0
2026-09-12 01:00:31.912018,31.091911892558212,0.2754361327259919,101.55049737513671,50.78162571977722,0,0
2026-09-12 01:00:32.912018,36.27959379662983,0.391485283594289,97.8313448443032,56.891149233350745,0,0
2026-09-12 01:00:33.912018,25.46434974131036,0.3085195184232073,103.84856682854772,55.266435669762,0,0
2026-09-12 01:00:34.912018,33.47814312990157,0.2325361350972037,101.31736664723746,54.531405600880106,0,0
2026-09-12 01:00:35.912018,32.91930468304522,0.3561624258933861,100.20783206784148,48.44086473562724,0,0
2026-09-12 01:00:36.912018,27.662721781869894,0.3158140453563396,100.24402050802956,48.36196236953944,0,0
2026-09-12 01:00:37.912018,30.609707863758093,0.0982716158830365,96.96955618913525,51.72971833990033,0,0
2026-09-12 01:00:38.912018,28.627100251987155,0.3342682331017159,102.18667319926271,49.34964579358234,0,0
2026-09-12 01:00:39.912018,30.557065741256217,0.3313462966172881,101.52371441449144,54.44658953664677,0,0
2026-09-12 01:00:40.912018,34.52739304021365,0.3016096903664688,100.61183973533382,54.15058832247613,0,0
2026-09-12 01:00:41.912018,31.81681869789394,0.371336046485566,103.55697041490336,52.95670660586353,0,0
2026-09-12 01:00:42.912018,31.525825119700325,0.2462085132538798,98.23228196200832,37.37019359115311,0,0
2026-09-12 01:00:43.912018,28.70907204013607,0.326919983105672,99.80645504726476,50.63994181838632,0,0
2026-09-12 01:00:44.912018,25.547830005226995,0.1746432503066117,99.29998349047924,49.455730596336494,0,0
2026-09-12 01:00:45.912018,29.374595368378777,0.3325672306719065,100.44241004045688,50.840128008797656,0,0
2026-09-12 01:00:46.912018,33.619824464591744,0.4562447756431917,101.13494005051444,46.22837680726796,0,0
2026-09-12 01:00:47.912018,25.41849643023106,0.2204114918025967,101.86002704762272,43.37607044800387,0,0
2026-09-12 01:00:48.912018,26.834731895469915,0.2392158294409779,100.30605309378976,52.3156923998752,0,0
2026-09-12 01:00:49.912018,30.378803208702205,0.2431987645686758,99.2452885296902,48.21849341133969,0,0
2026-09-12 01:00:50.912018,27.04603564545821,0.3103998580641276,104.37201389954087,52.873464968538,0,0
2026-09-12 01:00:51.912018,27.62242965865436,0.2149570981717025,105.82328038357714,46.64542811157615,0,0
2026-09-12 01:00:52.912018,28.729204254815468,0.3336997902952784,101.28657334376403,57.07955320246339,0,0
2026-09-12 01:00:53.912018,25.903147787429557,0.3677471956375332,99.48643926595828,55.00532421285381,0,0
2026-09-12 01:00:54.912018,27.077634461350897,0.3427477770763027,103.95090826208458,51.484135542729405,0,0
2026-09-12 01:00:55.912018,32.11028375036193,0.1585267659489541,98.10648578734308,48.93355793307026,0,0
2026-09-12 01:00:56.912018,26.077890653307108,0.3796134132126885,100.33045335059036,54.26204438899099,0,0
2026-09-12 01:00:57.912018,25.206383596515487,0.3749893931402944,99.6077658973074,51.96273907618703,0,0
2026-09-12 01:00:58.912018,28.10992506139832,0.3664129097877043,98.68092889909904,51.19292093965302,0,0
2026-09-12 01:00:59.912018,32.19586650752954,0.3298273798924659,100.43995153415646,55.21432704779805,0,0
2026-09-12 01:01:00.912018,29.40923457600933,0.3176151451364106,99.27165584165208,57.1326807720332,0,0
2026-09-12 01:01:01.912018,28.606256765653143,0.3825911518501117,101.0253089282973,43.73794407757228,0,0
2026-09-12 01:01:02.912018,30.133076392546823,0.4538810790082763,101.05435433534493,44.74807946325097,0,0
2026-09-12 01:01:03.912018,24.762877701421043,0.2237567629308119,99.75733655295603,46.09869637260601,0,0
2026-09-12 01:01:04.912018,31.484116961325096,0.3862500316635817,100.25897328681226,42.48787701178224,0,0
2026-09-12 01:01:05.912018,31.15030509421093,0.2931026321594037,100.53830206419258,49.686257372154245,0,0
2026-09-12 01:01:06.912018,28.77207457771284,0.2896261558377119,102.61969212223886,53.00058227622253,0,0
2026-09-12 01:01:07.912018,33.01777353538925,0.1770775447694369,100.70314119787164,49.89290852523832,0,0
2026-09-12 01:01:08.912018,26.617511703140885,0.2772168472387684,102.6494034815722,47.32939179193552,0,0
2026-09-12 01:01:09.912018,99.81878183129878,3.8559095220799215,131.87762474428945,82.13273526857634,1,1
2026-09-12 01:01:10.912018,30.463480996785755,0.2628916456395243,102.14306139380147,50.70278201603375,0,0
2026-09-12 01:01:11.912018,28.99034223036548,0.212145089297748,103.77569194069194,51.71491483683159,0,0
2026-09-12 01:01:12.912018,29.940379093895064,0.2640873290149594,98.7612182405082,55.7711740244988,0,0
2026-09-12 01:01:13.912018,29.678205702567176,0.2675111714381277,100.05363378738578,49.383790305744334,0,0
2026-09-12 01:01:14.912018,33.66084868925315,0.307740393475104,104.52659760059912,60.3010703631234,0,0
2026-09-12 01:01:15.912018,26.76996261758696,0.1708200110166935,100.48536699882146,47.76092498064117,0,0
2026-09-12 01:01:16.912018,27.712442282560204,0.1843585481803741,95.36975262018832,59.9897410225645,0,0
2026-09-12 01:01:17.912018,33.10890867621744,0.3289531416584421,100.59406331370424,45.1263240904379,0,0
2026-09-12 01:01:18.912018,28.213395194448424,0.236204950634392,101.2698790603265,52.58742451440221,0,0
2026-09-12 01:01:19.912018,32.70159923199478,0.3859623832183945,95.76577376513758,46.787339155968816,0,0
2026-09-12 01:01:20.912018,35.09830794902613,0.3180215777612037,103.6678712797759,55.59783058490546,0,0
2026-09-12 01:01:21.912018,28.7946149191751,0.3485409720165126,99.5725750722688,47.608836960707855,0,0
2026-09-12 01:01:22.912018,32.04408697972592,0.4128553856336716,101.65712623037504,51.45435595322043,0,0
2026-09-12 01:01:23.912018,26.538923155980424,0.2752231350554742,100.54803690931188,46.74729001979215,0,0
2026-09-12 01:01:24.912018,32.26419989420343,0.2540410635666979,98.42329716159192,54.68612586833307,0,0
2026-09-12 01:01:25.912018,30.5982719579603,0.3697362068479051,98.85898373072916,46.7212436968043,0,0
2026-09-12 01:01:26.912018,31.41911484648065,0.3407610851143748,99.1298343271449,58.41707422371334,0,0
2026-09-12 01:01:27.912018,28.063283783893816,0.2850135752142959,103.17134381836728,45.02001446519305,0,0
2026-09-12 01:01:28.912018,25.016749753298484,0.4113166373564754,100.7049236237997,43.27186040835927,0,0
2026-09-12 01:01:29.912018,31.509756194248517,0.2830204552128055,99.9562689668965,54.75776039039543,0,0
2026-09-12 01:01:30.912018,23.80979054256164,0.3026218910044625,99.13078217481954,47.04178179868239,0,0
2026-09-12 01:01:31.912018,29.0479485232724,0.3016978120667407,103.39230044305224,49.963813432752325,0,0
2026-09-12 01:01:32.912018,32.82354559925991,0.2252324884081223,103.92840254504718,48.3887942308214,0,0
2026-09-12 01:01:33.912018,30.575693207619107,0.3062068311589113,103.36948779741336,43.43695866423655,0,0
2026-09-12 01:01:34.912018,35.84502793436944,0.4117408141918793,101.98487467830832,49.61503167930831,0,0
2026-09-12 01:01:35.912018,33.07532745774532,0.335597465230094,101.57966008374144,56.32457947486151,0,0
2026-09-12 01:01:36.912018,28.038304835023272,0.3024850741119145,98.5681243640482,55.01568501652783,0,0
2026-09-12 01:01:37.912018,30.08194013955432,0.2870586175067464,100.50836174657788,51.15896381312962,0,0
2026-09-12 01:01:38.912018,29.85788789236669,0.3264693622725081,99.63227959330712,55.56134146517554,0,0
2026-09-12 01:01:39.912018,25.253469709961617,0.3599813302791348,97.34897578203058,44.70240707652912,0,0
2026-09-12 01:01:40.912018,27.17880325054694,0.3487391064711802,103.11408683833072,48.37272835547497,0,0
2026-09-12 01:01:41.912018,28.317717279060417,0.2734508110542416,99.60834010721544,51.97902470365104,0,0
2026-09-12 01:01:42.912018,23.89133849143219,0.3259825275288091,103.3918838148706,49.34792586591444,0,0
2026-09-12 01:01:43.912018,30.142480404754927,0.3383951792918623,102.76349280152004,48.76588334761721,0,0
2026-09-12 01:01:44.912018,29.25278446604088,0.2194244009978417,102.11343595326684,43.99678133839453,0,0
2026-09-12 01:01:45.912018,24.981318296065275,0.3134584432946955,102.22576814352637,39.59329305678644,0,0
2026-09-12 01:01:46.912018,31.212638595832,0.127095689095811,99.7693722358526,54.08933212474818,0,0
2026-09-12 01:01:47.912018,32.14761823407288,0.3386026967856947,104.71570030258133,51.216107866261126,0,0
2026-09-12 01:01:48.912018,30.681103436594668,0.3528274443650145,101.0862508619061,54.50999189105046,0,0
2026-09-12 01:01:49.912018,29.02779547437309,0.3598036900629167,101.6038633702374,47.81382028920813,0,0
2026-09-12 01:01:50.912018,31.774326455255565,0.2683962518264345,99.70184733286672,46.43611057586203,0,0
2026-09-12 01:01:51.912018,32.04066108143007,0.3247237468019228,99.13766947844609,50.03273983318317,0,0
2026-09-12 01:01:52.912018,30.922210709159064,0.4139163076432933,101.95459201761884,54.270998243064085,0,0
2026-09-12 01:01:53.912018,27.52616324869572,0.4131015718633007,101.43502699187758,48.84273892506173,0,0
2026-09-12 01:01:54.912018,30.829802296533543,0.2976661840618751,99.42129526819484,54.00892592164243,0,0
2026-09-12 01:01:55.912018,33.586441952476434,0.3111455704583648,98.1231465624492,44.968459972034566,0,0
2026-09-12 01:01:56.912018,28.21011282416481,0.3888728915787546,98.4601538253449,49.19276433415067,0,0
2026-09-12 01:01:57.912018,36.29381801739729,0.179935838779026,103.39226743418222,49.64942927960985,0,0
2026-09-12 01:01:58.912018,28.423107198043848,0.274153940585838,99.77349237069986,56.1319497196096,0,0
2026-09-12 01:01:59.912018,30.097221040020408,0.4068456364429405,100.32218290864832,51.03813699007954,0,0
2026-09-12 01:02:00.912018,27.982543211980992,0.3780160433347813,103.90068051751813,58.73038759147097,0,0
2026-09-12 01:02:01.912018,30.66981250776078,0.3295411022119923,98.75569887702716,43.261576000262586,0,0
2026-09-12 01:02:02.912018,24.773334922094172,0.1795334075735503,99.54601034856589,50.6495945220564,0,0
2026-09-12 01:02:03.912018,28.36187460354984,0.296007181356707,99.4624663428786,50.89699019590223,0,0
2026-09-12 01:02:04.912018,26.723636398954294,0.2528067683000053,104.23613696233208,53.100465987934335,0,0
2026-09-12 01:02:05.912018,30.406015043676877,0.326483112225377,104.98676700116482,45.93320031775554,0,0
2026-09-12 01:02:06.912018,32.98334212652672,0.2352522652164095,102.50312645080434,58.42223169705418,0,0
2026-09-12 01:02:07.912018,31.93801856134365,0.2179421284020314,102.56676944830848,50.0648197073588,0,0
2026-09-12 01:02:08.912018,22.885021917423323,0.1348107777853086,99.83928999429452,44.56466243532541,0,0
2026-09-12 01:02:09.912018,36.12620895878364,0.3977443747981361,104.89465697380857,49.91987504793191,0,0
2026-09-12 01:02:10.912018,30.885839821862604,0.2680183590845554,101.53539250871732,48.43419238559943,0,0
2026-09-12 01:02:11.912018,27.670502578521,0.3125716626962027,102.70622052889948,63.91617571123665,0,0
2026-09-12 01:02:12.912018,30.471383756972823,0.2998209506820655,100.78895012245808,55.24971799762507,0,0
2026-09-12 01:02:13.912018,30.52856946750808,0.21460528536316,100.46393482534478,50.248306778541085,0,0
2026-09-12 01:02:14.912018,76.7860075152206,5.103386696347963,131.22028906059865,91.44343754575311,1,1
2026-09-12 01:02:15.912018,30.593750002026223,0.2195747899202211,102.07944735947662,54.755284312407326,0,0
2026-09-12 01:02:16.912018,28.17758313713908,0.2421465248936485,103.90275092214075,54.99431080164107,0,0
2026-09-12 01:02:17.912018,28.78691402192993,0.3293284997611044,101.51065634349008,35.44225040339676,0,0
2026-09-12 01:02:18.912018,78.52951246841417,5.561385086038869,126.00689256503225,86.10902546709185,1,1
2026-09-12 01:02:19.912018,25.70198613078104,0.4397192505275697,99.83331413424304,50.139832719893136,0,0
2026-09-12 01:02:20.912018,30.43750941064615,0.3821720828714521,101.20593048492924,43.44428089106512,0,0
2026-09-12 01:02:21.912018,31.75589830954901,0.3646687639732566,99.74699956791336,54.40107069812088,0,0
2026-09-12 01:02:22.912018,31.54465078822912,0.290427287802148,98.78507718274462,61.23094006779132,0,0
2026-09-12 01:02:23.912018,32.4597757579057,0.4211424588576387,103.40283406357403,52.7839797341389,0,0
2026-09-12 01:02:24.912018,30.973020630044605,0.28255954951031,99.91025985835296,55.50214221128432,0,0
2026-09-12 01:02:25.912018,28.401823505349288,0.2974990868676603,101.27638549558264,59.02059545982202,0,0
2026-09-12 01:02:26.912018,32.51899159329356,0.3135979631799415,101.5922671797712,45.84868924639974,0,0
2026-09-12 01:02:27.912018,25.927447380474195,0.3561458432434675,99.82369374935888,40.71214277416541,0,0
2026-09-12 01:02:28.912018,27.29798585246256,0.3509526463202388,103.90159893261747,53.28433031654751,0,0
2026-09-12 01:02:29.912018,27.107399785730266,0.2619899777244317,98.76571647759076,48.76194231779274,0,0
2026-09-12 01:02:30.912018,33.24016817741793,0.2573605024459237,101.52325052716154,43.12913273814229,0,0
2026-09-12 01:02:31.912018,32.82836554242023,0.3511922365721667,101.49223541275316,49.60915031932103,0,0
2026-09-12 01:02:32.912018,31.461915711134985,0.3572189267112986,100.8914907942717,53.6377368689531,0,0
2026-09-12 01:02:33.912018,33.21578959563539,0.2685319100141701,98.40617477345604,49.2551416761782,0,0
2026-09-12 01:02:34.912018,27.362151652764037,0.1730249544257236,102.74163510372694,46.065861846324815,0,0
2026-09-12 01:02:35.912018,31.04578535958294,0.2834147123193404,102.4870213406692,48.882464698517445,0,0
2026-09-12 01:02:36.912018,29.62447671485051,0.3498820639060687,99.64886294281756,49.90261767349328,0,0
2026-09-12 01:02:37.912018,32.54064631165474,0.4444333477135824,102.41497441441072,40.35258868686959,0,0
2026-09-12 01:02:38.912018,29.654327302343408,0.204163363012747,101.74981537260156,49.28612523414653,0,0
2026-09-12 01:02:39.912018,28.84517133476976,0.2658742997735541,98.43877570927778,43.27829763927554,0,0
2026-09-12 01:02:40.912018,31.62272555568297,0.2688477150779698,99.29214217085728,53.29512976010548,0,0
2026-09-12 01:02:41.912018,32.6285075015737,0.4084644271545201,103.27656288977916,42.19478712206611,0,0
2026-09-12 01:02:42.912018,27.994964415459595,0.2972046799633093,101.6188323702841,55.06346102275468,0,0
2026-09-12 01:02:43.912018,29.816772985942876,0.2274138752502187,99.87139410837877,47.954174653930295,0,0
2026-09-12 01:02:44.912018,26.824678099075044,0.3446956226337455,99.28304821765472,47.28512146613994,0,0
2026-09-12 01:02:45.912018,22.505816947521183,0.2676289183967242,99.96921240376916,51.47227298650986,0,0
2026-09-12 01:02:46.912018,30.601378894241183,0.2020490181313636,100.1110409402446,45.66982777388304,0,0
2026-09-12 01:02:47.912018,31.826716068763897,0.2285781354179079,99.3080739347415,51.39372877065032,0,0
2026-09-12 01:02:48.912018,30.786200427260177,0.4387233563538095,97.5164717752334,46.33945612655815,0,0
2026-09-12 01:02:49.912018,24.1513148467369,0.330736737731957,103.28002657280156,47.21632743837616,0,0
2026-09-12 01:02:50.912018,28.947451709770576,0.3086208044362034,102.94126734522288,52.02677084664568,0,0
2026-09-12 01:02:51.912018,23.34495671984676,0.2800085011350363,98.45348909638628,44.30709633132808,0,0
2026-09-12 01:02:52.912018,34.109103322962554,0.3233719073695039,101.27262259112732,43.67831349118821,0,0
2026-09-12 01:02:53.912018,26.741836253645744,0.3224188756801995,99.19552359457046,51.24112753705171,0,0
2026-09-12 01:02:54.912018,33.76621082837969,0.323373506256586,100.47686555354692,49.86550073755308,0,0
2026-09-12 01:02:55.912018,32.83760893105244,0.3091876072222202,100.31046684025269,50.84346372404696,0,0
2026-09-12 01:02:56.912018,27.298228942391816,0.3695038670644439,100.14433156856424,51.63819618360711,0,0
2026-09-12 01:02:57.912018,26.601645146196766,0.3018483476800584,105.00589416815257,50.28687776903491,0,0
2026-09-12 01:02:58.912018,31.05111064915901,0.2217648931557889,100.11934863064762,53.040463119835344,0,0
2026-09-12 01:02:59.912018,27.467027888450787,0.2510061687279305,99.38347234986615,50.487181434893294,0,0
2026-09-12 01:03:00.912018,30.307453926474626,0.141678504520823,99.4748371410059,39.963480501623486,0,0
2026-09-12 01:03:01.912018,28.551517227579247,0.4621453692833914,103.08755391280351,41.260577026690726,0,0
2026-09-12 01:03:02.912018,24.656524756603098,0.3690203673562149,97.69579533661413,59.63974590121042,0,0
2026-09-12 01:03:03.912018,23.308595942626624,0.233594360389661,99.47475416712896,50.00035933529431,0,0
2026-09-12 01:03:04.912018,30.680052745483792,0.277452412048232,103.89364568022307,54.751208258585486,0,0
2026-09-12 01:03:05.912018,28.315326761008123,0.2490498820634853,101.4879723759953,48.27148047186462,0,0
2026-09-12 01:03:06.912018,28.340730549257604,0.4234037769099293,101.38384401007222,49.70992452803035,0,0
2026-09-12 01:03:07.912018,32.08759151728135,0.1864098268583257,105.2642929202874,47.73317672864578,0,0
2026-09-12 01:03:08.912018,33.520326829897336,0.3091580847055023,101.492695905897,62.32963665730682,0,0
2026-09-12 01:03:09.912018,29.18236583591457,0.2913177725948122,99.58362767728084,51.26621211182072,0,0
2026-09-12 01:03:10.912018,28.978203879270417,0.3661470904567291,100.43584588624732,47.32571047246901,0,0
2026-09-12 01:03:11.912018,31.50042909934165,0.2916792617820244,98.72913538193886,41.74230143284905,0,0
2026-09-12 01:03:12.912018,25.929193290901274,0.1593432898675651,103.5118740800314,59.86866721367926,0,0
2026-09-12 01:03:13.912018,30.66945916424309,0.2799105732286047,102.14912343507343,49.18360807385848,0,0
2026-09-12 01:03:14.912018,31.655657915466463,0.2222270225645339,103.24882829994178,53.72114559780799,0,0
2026-09-12 01:03:15.912018,32.040690625252886,0.3063663637245248,103.42596785709874,54.27998645153273,0,0
2026-09-12 01:03:16.912018,24.18974189249261,0.4147341629216261,100.17157843814492,47.68584738284815,0,0
2026-09-12 01:03:17.912018,27.71593419057318,0.1608459804614177,99.11049429598222,53.36226387693078,0,0
2026-09-12 01:03:18.912018,27.3652102415296,0.2359821811680076,100.8965737773839,46.97930856624191,0,0
2026-09-12 01:03:19.912018,30.29966086322764,0.2557845636973202,99.25447785842292,45.04786818980292,0,0
2026-09-12 01:03:20.912018,31.44223373930395,0.269469512366943,101.32991375081804,55.82232346256106,0,0
2026-09-12 01:03:21.912018,80.71547741100898,4.756532213700447,122.60455892717071,97.21421046593976,1,1
2026-09-12 01:03:22.912018,28.51510355889578,0.286116446595089,100.66372070790166,52.59256416801328,0,0
2026-09-12 01:03:23.912018,28.50728250507236,0.3332642180576356,101.29999017981548,52.05460496940886,0,0
2026-09-12 01:03:24.912018,90.15419253337738,3.771178274143155,124.98185708913428,91.45793723366828,1,1
2026-09-12 01:03:25.912018,30.88973081559092,0.318393947633435,102.6054551448754,42.21731532899187,0,0
2026-09-12 01:03:26.912018,33.80295453356392,0.3622238104702172,99.66443521142342,47.07354734341815,0,0
2026-09-12 01:03:27.912018,30.86618400902951,0.2414160360210329,96.6071074767138,48.37762421251787,0,0
2026-09-12 01:03:28.912018,26.528650143860187,0.3625086495845211,101.94173771875076,45.842606635492544,0,0
2026-09-12 01:03:29.912018,26.00061493566658,0.3041898214982054,102.975668842616,52.14503424008194,0,0
2026-09-12 01:03:30.912018,25.34546325282321,0.3836368192385802,101.89274848951707,55.934465387979486,0,0
2026-09-12 01:03:31.912018,31.98615550427542,0.2838864079938421,99.71953900906398,56.72592327673149,0,0
2026-09-12 01:03:32.912018,33.565790469261024,0.3304995724129679,98.72997580362788,48.30397617395058,0,0
2026-09-12 01:03:33.912018,35.548086424159145,0.2967515014657176,101.98899506356064,51.459829312289536,0,0
2026-09-12 01:03:34.912018,32.52931599696972,0.2923030190367536,101.28295790586937,52.22821752245049,0,0
2026-09-12 01:03:35.912018,33.48851573260496,0.3207144342580552,100.74841474468334,53.10628047101765,0,0
2026-09-12 01:03:36.912018,28.259951002038942,0.3429445975379923,104.64492668598758,45.60932463463678,0,0
2026-09-12 01:03:37.912018,26.53075254976843,0.2000348070460795,99.10639981163732,59.10290134132483,0,0
2026-09-12 01:03:38.912018,32.55023799725266,0.4146906887054302,104.55007404225492,54.63260092173222,0,0
2026-09-12 01:03:39.912018,31.253042256718203,0.1512269567560161,101.06356780974129,54.763246718462206,0,0
2026-09-12 01:03:40.912018,30.32233312302268,0.2452150312208883,97.32885904625824,56.01730028450199,0,0
2026-09-12 01:03:41.912018,31.16211444189897,0.2924584743388079,100.64159469136172,52.670679711329925,0,0
2026-09-12 01:03:42.912018,30.969556447374615,0.3329884775268758,102.91899215319889,44.86343288474514,0,0
2026-09-12 01:03:43.912018,33.851450579560684,0.4260938022193102,100.26988993439006,49.30513634222447,0,0
2026-09-12 01:03:44.912018,33.88495675445087,0.1513366809419914,98.0504429175232,41.74473302469042,0,0
2026-09-12 01:03:45.912018,31.632661057021043,0.2593844697288231,100.67097093640766,52.07536254849542,0,0
2026-09-12 01:03:46.912018,32.53740861768878,0.1298533209760587,99.2856552522166,49.15393170917227,0,0
2026-09-12 01:03:47.912018,31.54218765727433,0.3025297579128198,101.98362880217591,49.79738808236535,0,0
2026-09-12 01:03:48.912018,28.61649080389614,0.3217346867600024,102.54679963213522,56.02000565042826,0,0
2026-09-12 01:03:49.912018,32.26969402473942,0.4272636593737002,98.88745918450378,47.7150298072177,0,0
2026-09-12 01:03:50.912018,25.81651479342221,0.3096507808714763,99.5883918897687,48.73938420613962,0,0
2026-09-12 01:03:51.912018,33.16167465688765,0.3835220103553903,102.51328493021389,50.10986647981608,0,0
2026-09-12 01:03:52.912018,26.416431180701892,0.3467069665231247,99.28231144340208,40.80003875293184,0,0
2026-09-12 01:03:53.912018,30.8574098603842,0.2651801442395865,98.835683728344,48.66968172118998,0,0
2026-09-12 01:03:54.912018,27.46453812472152,0.1872831402566368,98.64261773640747,37.57102543856908,0,0
2026-09-12 01:03:55.912018,31.66016694922328,0.3220001838633448,101.70407722591624,47.072392190521306,0,0
2026-09-12 01:03:56.912018,29.898224322216272,0.1806318386283709,101.61831543903492,54.275945266964136,0,0
2026-09-12 01:03:57.912018,25.21573212551,0.4036165658135715,99.63190793924193,52.23633279125534,0,0
2026-09-12 01:03:58.912018,31.26209889305544,0.2870350318370541,101.01017079225647,47.02589844772962,0,0
2026-09-12 01:03:59.912018,28.26623766950187,0.3956141929209133,104.05426476831026,50.203991091119065,0,0
2026-09-12 01:04:00.912018,32.64344016244011,0.261582845269408,99.05187968616356,44.62505216434797,0,0
2026-09-12 01:04:01.912018,30.003977066203223,0.3215080629120793,97.0965147819791,49.9882829842524,0,0
2026-09-12 01:04:02.912018,31.186262956164114,0.3167479085867751,101.91015115144074,64.65160142746255,0,0
2026-09-12 01:04:03.912018,27.127293134954364,0.296396470559126,100.77919767219684,59.22900660185966,0,0
2026-09-12 01:04:04.912018,28.232003305717917,0.2653872389282726,99.5799498263698,50.263110650086304,0,0
2026-09-12 01:04:05.912018,28.624084091696748,0.3313964814776416,102.30416047470982,50.80072082457687,0,0
2026-09-12 01:04:06.912018,32.57010744072767,0.2259069389213433,102.67845028933758,45.10217342682724,0,0
2026-09-12 01:04:07.912018,35.03213126341647,0.2032451736832752,96.58344396023982,45.99105446024475,0,0
2026-09-12 01:04:08.912018,27.584484744771373,0.3994261514661462,99.69480418133702,51.81092161052347,0,0
2026-09-12 01:04:09.912018,33.23054443397304,0.358173439111368,105.63503246239372,47.37553717181758,0,0
2026-09-12 01:04:10.912018,23.490967746822893,0.3052713286881792,102.16680983159638,54.52074797425791,0,0
2026-09-12 01:04:11.912018,26.41743179672313,0.4332113906035025,102.3522072765943,57.84842840488879,0,0
2026-09-12 01:04:12.912018,27.123664631439677,0.2785787585020124,103.34578855726296,51.6631039239052,0,0
2026-09-12 01:04:13.912018,25.94247393167783,0.4058162575991183,101.03413765039946,50.50868602919963,0,0
2026-09-12 01:04:14.912018,99.76079245709894,4.709001512513025,135.868880852974,80.28977372318577,1,1
2026-09-12 01:04:15.912018,31.23899673641339,0.2180199399938887,102.4361240876744,53.73805122636025,0,0
2026-09-12 01:04:16.912018,29.35779690681641,0.4478432153416679,102.07808299350552,44.28164349230471,0,0
2026-09-12 01:04:17.912018,31.138216192815328,0.3792568677299268,100.3559760587652,47.9099543568329,0,0
2026-09-12 01:04:18.912018,32.071418058364536,0.2903183175192348,101.34411784473252,54.79787946192568,0,0
2026-09-12 01:04:19.912018,30.7968509795176,0.3581737007627159,99.82327687138644,55.14879082154516,0,0
2026-09-12 01:04:20.912018,31.97328952845112,0.2677037252801674,101.025628609133,47.66746236324941,0,0
2026-09-12 01:04:21.912018,29.791403141273197,0.3663319228047633,98.66301821580149,47.95542232540007,0,0
2026-09-12 01:04:22.912018,26.439019835082767,0.1087137147772832,99.4187520174541,46.50340563371664,0,0
2026-09-12 01:04:23.912018,33.17344254246239,0.2184158933044325,100.43537591615014,44.010731273370446,0,0
2026-09-12 01:04:24.912018,28.23266360165662,0.378340779542957,99.11258913713984,46.82602258947879,0,0
2026-09-12 01:04:25.912018,27.193211103712724,0.2800275569424864,99.98996545850964,41.93434990542656,0,0
2026-09-12 01:04:26.912018,29.46624637258681,0.3166033835910993,100.67214804648896,53.41531290754133,0,0
2026-09-12 01:04:27.912018,27.26156724211046,0.1922571470307652,101.80452468932876,51.97261802580938,0,0
2026-09-12 01:04:28.912018,28.747708854031703,0.4478293596561682,102.89851460370582,52.80264642435257,0,0
2026-09-12 01:04:29.912018,31.0321617646904,0.3952423714974141,100.07243125724378,45.22797974712429,0,0
2026-09-12 01:04:30.912018,31.04502521773838,0.2839451825299736,103.67020923453724,44.02464718242472,0,0
2026-09-12 01:04:31.912018,27.306509800723116,0.2676243314509339,102.87722215725098,50.26757137156781,0,0
2026-09-12 01:04:32.912018,28.536883881153766,0.3823683489135754,102.00818766388788,50.32051282475113,0,0
2026-09-12 01:04:33.912018,33.22299901431073,0.4585976360135142,101.30729825859324,49.26365086243527,0,0
2026-09-12 01:04:34.912018,31.489200353201824,0.3763008204649083,101.63824168373708,48.552583654060754,0,0
2026-09-12 01:04:35.912018,36.225195118045626,0.4737442133917281,103.37410230133275,58.553878888471935,0,0
2026-09-12 01:04:36.912018,33.54038452122458,0.2262118936750465,103.44715931951856,52.13012505896489,0,0
2026-09-12 01:04:37.912018,33.43287920567982,0.2344490535600967,103.66989345676728,59.853391957332455,0,0
2026-09-12 01:04:38.912018,25.836394348632595,0.2048847105557321,101.082653663754,56.34482512715817,0,0
2026-09-12 01:04:39.912018,32.29158105490027,0.3353408519719583,102.10993432999724,58.51635463008672,0,0
2026-09-12 01:04:40.912018,29.84067959490927,0.3140482839843496,103.68709301324412,44.62768616821999,0,0
2026-09-12 01:04:41.912018,28.34705458938525,0.2878439101222411,99.75256793016722,52.96585495499015,0,0
2026-09-12 01:04:42.912018,30.504046021597585,0.3647406902498639,100.3631662925634,47.84117255503313,0,0
2026-09-12 01:04:43.912018,32.83563460383445,0.3985862884171731,101.03207332602696,41.683066443202335,0,0
2026-09-12 01:04:44.912018,31.50249477301264,0.1779470072570526,102.7991974759588,57.48001584777763,0,0
2026-09-12 01:04:45.912018,27.36457859597382,0.2522422377679107,102.83034430143724,48.531537371471856,0,0
2026-09-12 01:04:46.912018,32.22737674077786,0.3656114875298448,100.53827177760412,44.724491848666574,0,0
2026-09-12 01:04:47.912018,28.08723737377211,0.2625809052913134,97.98278109124058,47.92718068375653,0,0
2026-09-12 01:04:48.912018,30.650049356892858,0.2361435138913476,101.49236788859191,46.018879386130905,0,0
2026-09-12 01:04:49.912018,29.0899497975686,0.3814829942120316,99.1633677253432,46.53151016191666,0,0
2026-09-12 01:04:50.912018,29.343401244793125,0.1968399944220815,98.02012759071955,48.891983049086754,0,0
2026-09-12 01:04:51.912018,32.29872892512153,0.2758736153767115,98.47225687853256,58.65407596522371,0,0
2026-09-12 01:04:52.912018,26.879418840552304,0.3262915220643846,101.65276201569112,46.66841391727687,0,0
2026-09-12 01:04:53.912018,35.8355852228308,0.2540944068871905,103.7220747218656,58.29635332109595,0,0
2026-09-12 01:04:54.912018,24.536741792116512,0.362652452481054,101.07778903247248,54.244183979897606,0,0
2026-09-12 01:04:55.912018,28.20699695023543,0.2544898419842105,101.42276130929191,51.98135781793043,0,0
2026-09-12 01:04:56.912018,31.11063566982522,0.4126895594756735,103.36578987775584,53.74060016125937,0,0
2026-09-12 01:04:57.912018,31.75294249930593,0.2899402962003382,97.91109018183288,50.068278319187286,0,0
2026-09-12 01:04:58.912018,29.698572838284885,0.3537016109364282,102.04035284320054,56.43025051931713,0,0
2026-09-12 01:04:59.912018,29.827827890995373,0.3596819162386253,100.97682043136236,52.834901316335504,0,0
2026-09-12 01:05:00.912018,31.23165025598285,0.2497967997804741,102.13211491766414,41.67667007487243,0,0
2026-09-12 01:05:01.912018,29.30679156762696,0.1357210761075289,100.03303218319236,51.48125965944983,0,0
2026-09-12 01:05:02.912018,34.17954377380472,0.3288604603731068,99.36412541914704,53.91986571496307,0,0
2026-09-12 01:05:03.912018,32.51804734269481,0.3057830677699895,101.2810178085712,48.55499390699392,0,0
2026-09-12 01:05:04.912018,32.618473053016906,0.3444660822060101,104.29838264666893,50.63127936356966,0,0
2026-09-12 01:05:05.912018,27.101529829888747,0.281877802209373,102.72182020908292,46.935710026627966,0,0
2026-09-12 01:05:06.912018,29.76183472678289,0.2655657840959427,99.9846144596398,43.1118717196822,0,0
2026-09-12 01:05:07.912018,29.098602153837888,0.4606778408785359,98.31805592803744,42.2481156453438,0,0
2026-09-12 01:05:08.912018,26.983195872931603,0.1822116750791377,97.63586543260443,42.31466006465568,0,0
2026-09-12 01:05:09.912018,31.080492551837303,0.358716038269139,103.63219890370095,53.34522371235266,0,0
2026-09-12 01:05:10.912018,28.387062726660552,0.2540318513453287,99.08983542372836,37.54859145811835,0,0
2026-09-12 01:05:11.912018,31.966211489550712,0.2731377105807662,100.34897317401013,46.667600365182594,0,0
2026-09-12 01:05:12.912018,26.789425311317004,0.2746317733940827,103.64242225215516,46.17173357377311,0,0
2026-09-12 01:05:13.912018,35.15712183852546,0.2357252580662994,97.772197089042,48.58920232006268,0,0
2026-09-12 01:05:14.912018,27.31100202422381,0.3456979368188991,103.98452901895013,40.71784225031899,0,0
2026-09-12 01:05:15.912018,30.65790701160131,0.4112514876759965,100.492719092215,52.01944047370309,0,0
2026-09-12 01:05:16.912018,32.3755779311642,0.3376010928997329,98.70283336952252,43.6341930292005,0,0
2026-09-12 01:05:17.912018,28.288078709399663,0.3082705596969676,100.50529814570216,55.66202770354634,0,0
2026-09-12 01:05:18.912018,32.55740593029885,0.2210847600720602,99.55480643719704,46.89117156205584,0,0
2026-09-12 01:05:19.912018,26.31244920659875,0.341346021265956,101.88163959781144,49.5219348829404,0,0
2026-09-12 01:05:20.912018,34.35635309754768,0.4725079705383439,99.70373513222444,50.01886928277603,0,0
2026-09-12 01:05:21.912018,30.042447794897274,0.2695444300963925,97.17671557816192,51.22120526430286,0,0
2026-09-12 01:05:22.912018,28.21076577609336,0.2699213136518507,100.55887493118202,50.18507188748071,0,0
2026-09-12 01:05:23.912018,29.102454682717696,0.2551128695215202,98.28690989542692,47.86444725633684,0,0
2026-09-12 01:05:24.912018,32.42675780817816,0.2608468612404463,101.40863976797664,51.71524265347021,0,0
2026-09-12 01:05:25.912018,28.246634124448686,0.0803760357062092,98.62573933543337,52.33073565247477,0,0
2026-09-12 01:05:26.912018,27.751926931731667,0.332402830868457,100.02397439365583,46.1743266644519,0,0
2026-09-12 01:05:27.912018,29.335390207248786,0.2323558258916309,101.36517560842869,52.131839094867786,0,0
2026-09-12 01:05:28.912018,26.46911366169009,0.1711789504966559,100.57508254993148,55.95860151200848,0,0
2026-09-12 01:05:29.912018,35.46163172382545,0.3602551959786039,101.50086056600207,53.52947098052276,0,0
2026-09-12 01:05:30.912018,28.30081622635583,0.2134385771966451,102.36057433143552,54.66187620823594,0,0
2026-09-12 01:05:31.912018,32.494850358541214,0.2729064756892994,98.68413260053738,50.85960424453723,0,0
2026-09-12 01:05:32.912018,30.62841025094332,0.4173153912950864,100.87120491875058,45.319247769625605,0,0
2026-09-12 01:05:33.912018,27.046397848554097,0.1872627361580389,94.34099240498374,45.951777701481774,0,0
2026-09-12 01:05:34.912018,29.982135872361813,0.177392141232179,101.49466660336503,51.59943983927206,0,0
2026-09-12 01:05:35.912018,32.35200833793225,0.321544495164987,100.39837173925032,54.713818625761554,0,0
2026-09-12 01:05:36.912018,29.43521599474108,0.3919589891208295,99.03310047304406,63.92955956997028,0,0
2026-09-12 01:05:37.912018,33.57933883755308,0.1740526625814429,101.63143884459303,54.909109722193016,0,0
2026-09-12 01:05:38.912018,33.064546178345594,0.3326151789469742,103.34539515437014,44.14782121251249,0,0
2026-09-12 01:05:39.912018,32.75674456397499,0.3464799631969353,100.04796450480212,46.16363713820009,0,0
2026-09-12 01:05:40.912018,28.62102968318101,0.1352671613046143,99.11037101951656,61.39258657978,0,0
2026-09-12 01:05:41.912018,26.760472656655537,0.3638801070325776,101.33005052487742,48.92805534011611,0,0
2026-09-12 01:05:42.912018,28.159237183911618,0.3701284703873743,98.32878666670727,50.237573173806446,0,0
2026-09-12 01:05:43.912018,30.58872282200016,0.275057154139518,99.67923725892892,45.19791539795386,0,0
2026-09-12 01:05:44.912018,31.637360140597067,0.4001877089838406,103.444804323301,57.82551702787122,0,0
2026-09-12 01:05:45.912018,23.48528578571866,0.3909164459459876,101.12435845962456,52.501666036603126,0,0
2026-09-12 01:05:46.912018,29.97566039516475,0.3082494340573763,97.24106607210769,46.12699326057344,0,0
2026-09-12 01:05:47.912018,30.474267675969557,0.2638843687740053,97.4060167054412,45.03087355571364,0,0
2026-09-12 01:05:48.912018,29.167367231053344,0.2221737685933634,101.32417138529355,51.53601972948936,0,0
2026-09-12 01:05:49.912018,33.87382151704764,0.2969949192507047,102.72478115183536,50.22103087440226,0,0
2026-09-12 01:05:50.912018,31.265340222752613,0.3455807135763343,97.7647570827477,54.16055108610564,0,0
2026-09-12 01:05:51.912018,33.93057572424269,0.2740658511167487,101.89942521499302,52.734842365636,0,0
2026-09-12 01:05:52.912018,29.352118438949304,0.1241999195790375,103.66068701497944,48.67759825615688,0,0
2026-09-12 01:05:53.912018,32.81243247752077,0.4014971115661256,104.77571797591727,47.28099202269317,0,0
2026-09-12 01:05:54.912018,34.90519918358256,0.3152178577475915,101.66244551971975,49.20028925850583,0,0
2026-09-12 01:05:55.912018,33.93508034781799,0.2696300402658533,102.01360518910496,47.24659576671619,0,0
2026-09-12 01:05:56.912018,26.7235752197138,0.368572671073863,96.73363114474373,49.349022335976194,0,0
2026-09-12 01:05:57.912018,29.238971767372856,0.4219710877186204,105.19950509599198,50.08220464309691,0,0
2026-09-12 01:05:58.912018,28.96450588365061,0.0758470744409686,99.84901957380777,45.51034553309972,0,0
2026-09-12 01:05:59.912018,31.46776360522898,0.3347410919937657,99.13305768314991,53.153399310489405,0,0
2026-09-12 01:06:00.912018,32.0590606650436,0.1858680631351722,100.48958773112076,48.14786142765165,0,0
2026-09-12 01:06:01.912018,27.48332197792279,0.3399288405439153,104.02334682837086,45.79057824857328,0,0
2026-09-12 01:06:02.912018,30.20351554175081,0.3102341761899663,105.4160920950871,48.24196285859066,0,0
2026-09-12 01:06:03.912018,23.94021800353159,0.350858122115244,101.25081735895168,51.21129078310143,0,0
2026-09-12 01:06:04.912018,34.325835017405666,0.2600601908404276,102.99616834520732,50.41519099906652,0,0
2026-09-12 01:06:05.912018,28.46287727796992,0.1501407910544678,101.086408097371,52.11059057452231,0,0
2026-09-12 01:06:06.912018,30.16759181953349,0.2639705446994665,98.92440905396364,54.49173062537764,0,0
2026-09-12 01:06:07.912018,29.071050858035814,0.3325478108111826,103.95348734157658,56.52470102004017,0,0
2026-09-12 01:06:08.912018,33.438082725040246,0.3812313862940178,99.75574503928722,51.42743081344027,0,0
2026-09-12 01:06:09.912018,21.487480675807863,0.2062534959621979,104.07106154674376,44.65298806382252,0,0
2026-09-12 01:06:10.912018,29.950168973022272,0.3821648341498413,103.59708265953816,48.654445987348495,0,0
2026-09-12 01:06:11.912018,29.682543727506907,0.2481702168282782,102.22807252791442,44.97840807808496,0,0
2026-09-12 01:06:12.912018,28.639090837224952,0.3289959905275621,104.65794951250872,58.48427036856141,0,0
2026-09-12 01:06:13.912018,35.1786796369069,0.2592084837707493,105.46469206637148,59.937004412635815,0,0
2026-09-12 01:06:14.912018,27.338011623432685,0.3145736502169681,100.64951327407138,53.25155598748172,0,0
2026-09-12 01:06:15.912018,32.315388531706986,0.3713502107656219,99.38241176316714,54.29229421319516,0,0
2026-09-12 01:06:16.912018,31.06875836611825,0.2018388738169171,97.27146032548706,51.2547159661833,0,0
2026-09-12 01:06:17.912018,33.78455775760655,0.2456075282602534,105.48936451086053,51.83027957730396,0,0
2026-09-12 01:06:18.912018,27.998432745667483,0.3147970069873669,100.1206359821631,42.01272890835439,0,0
2026-09-12 01:06:19.912018,27.80109330262872,0.4921266928824281,103.27007371420348,49.63033817371545,0,0
2026-09-12 01:06:20.912018,33.28820972243219,0.2309448230266537,99.51748926498104,45.5942346882687,0,0
2026-09-12 01:06:21.912018,31.27596392499033,0.4632107108797535,104.07653128182407,51.40678268769185,0,0
2026-09-12 01:06:22.912018,91.04878927260762,5.12240340371075,130.41380175088102,90.20672090883372,1,1
2026-09-12 01:06:23.912018,28.38208495661019,0.2922151079438727,98.61656173276532,59.73410981173057,0,0
2026-09-12 01:06:24.912018,31.159147961544186,0.2761477979040079,100.5829871380925,54.5831384436142,0,0
2026-09-12 01:06:25.912018,32.51329266463977,0.2446347841068246,99.93644859807672,51.42255991260822,0,0
2026-09-12 01:06:26.912018,27.96230804042113,0.2945437975733864,102.19259957092244,48.66530156430187,0,0
2026-09-12 01:06:27.912018,21.257232030549176,0.1874624453952353,100.89721014561496,58.38010729379965,0,0
2026-09-12 01:06:28.912018,31.5696695572111,0.2939008786143521,102.25540478910384,49.85022676936735,0,0
2026-09-12 01:06:29.912018,26.33903793016807,0.4197504219080685,100.4179570538294,51.65836980817639,0,0
2026-09-12 01:06:30.912018,23.947983605632764,0.2511131950018626,99.6697852579624,50.21124802213418,0,0
2026-09-12 01:06:31.912018,21.503022225047577,0.2807420556808759,99.83287890420786,47.97923047146339,0,0
2026-09-12 01:06:32.912018,32.44194258059322,0.1639087620586206,105.08987759606204,50.1825311119276,0,0
2026-09-12 01:06:33.912018,30.3858523512149,0.3299249670504834,101.45034186445388,40.19016574660842,0,0
2026-09-12 01:06:34.912018,29.323030857863245,0.3211585347961099,97.0324755810939,42.261467993794064,0,0
2026-09-12 01:06:35.912018,34.16707308888829,0.3050961887812616,99.95958197309184,51.74815270834814,0,0
2026-09-12 01:06:36.912018,31.91197404906922,0.2826538359822285,101.19373206495176,57.84099845263743,0,0
2026-09-12 01:06:37.912018,34.84890012816575,0.2765793664982036,104.69079936250075,51.74110552072084,0,0
2026-09-12 01:06:38.912018,25.82179358349901,0.3401520186960537,103.0573974317798,46.39815572551673,0,0
2026-09-12 01:06:39.912018,29.896348128138108,0.2976946718729101,99.15656432703616,42.78573122966333,0,0
2026-09-12 01:06:40.912018,25.14985987515596,0.3251977497244265,105.8367115071449,53.922636302378194,0,0
2026-09-12 01:06:41.912018,29.3118530044336,0.3171986253963638,100.93767927039704,47.1640242449245,0,0
2026-09-12 01:06:42.912018,29.25415243869997,0.3898741829676609,103.49265962214989,53.2161770927628,0,0
2026-09-12 01:06:43.912018,31.879840911789213,0.3541595277900043,98.6899830052002,51.94932579032859,0,0
2026-09-12 01:06:44.912018,30.136691643425696,0.3154289474520152,96.2036738094982,52.39150196127345,0,0
2026-09-12 01:06:45.912018,31.870221414839747,0.4214737624521744,98.18313701926328,50.16800853676778,0,0
2026-09-12 01:06:46.912018,96.7183199164496,2.852910176017964,124.77532833524084,80.4815533665299,1,1
2026-09-12 01:06:47.912018,36.46478603214943,0.4043970151032335,105.22417865450582,49.40272799371832,0,0
2026-09-12 01:06:48.912018,29.054110034141623,0.348555408670931,101.42906583777282,46.82346732815898,0,0
2026-09-12 01:06:49.912018,27.176931898000863,0.1526464736854765,99.15071196310392,45.18250469741975,0,0
2026-09-12 01:06:50.912018,30.738250845949228,0.4043867810655464,101.90524805996024,38.07495601014511,0,0
2026-09-12 01:06:51.912018,27.59315991858137,0.3108140993074135,101.37866807236033,49.09445218797745,0,0
2026-09-12 01:06:52.912018,34.44588230530961,0.2958436183279377,102.24186679122798,57.59689091475977,0,0
2026-09-12 01:06:53.912018,29.150345883164302,0.3225078677991662,103.41906280227252,53.65040046268798,0,0
2026-09-12 01:06:54.912018,28.30327089637803,0.2724013470434346,100.42015769394996,51.13854559237979,0,0
2026-09-12 01:06:55.912018,28.58605283654665,0.3181623088311156,99.24032138779802,46.32997502855424,0,0
2026-09-12 01:06:56.912018,32.15525227041492,0.2526499146925526,102.65555042874384,54.98669612879539,0,0
2026-09-12 01:06:57.912018,29.526759050305543,0.4019417806987496,102.60466555576892,49.40345344098488,0,0
2026-09-12 01:06:58.912018,28.074999539608854,0.290912950910316,101.20147161624269,57.874671568945296,0,0
2026-09-12 01:06:59.912018,34.99605575287059,0.2693932925822053,105.35510837736156,45.094563683526594,0,0
2026-09-12 01:07:00.912018,27.43149047801475,0.226005934742458,100.12435575427668,46.25015236013672,0,0
2026-09-12 01:07:01.912018,30.10669822209898,0.3215020631318913,99.20028405672946,45.763650278901856,0,0
2026-09-12 01:07:02.912018,96.0732003135822,2.569564585516225,124.6719954148245,98.90464649739168,1,1
2026-09-12 01:07:03.912018,25.105994668748775,0.3310739690942005,99.650124286173,45.31477657404119,0,0
2026-09-12 01:07:04.912018,31.44078150421777,0.2178198489995896,101.9910330482898,50.51608129882959,0,0
2026-09-12 01:07:05.912018,26.83467697355865,0.1719055040950741,99.33398348832112,46.438994875746864,0,0
2026-09-12 01:07:06.912018,32.468348342502004,0.3500473042005247,100.19951543413625,30.71812335379701,0,0
2026-09-12 01:07:07.912018,27.11204696424307,0.4187713489501206,104.78168084007834,55.37136648710061,0,0
2026-09-12 01:07:08.912018,91.4874372614717,5.677728880959224,124.69231913850466,90.82200103454836,1,1
2026-09-12 01:07:09.912018,33.317499198884136,0.4271553026849358,99.4022969119654,52.94614142443319,0,0
2026-09-12 01:07:10.912018,32.58430957689841,0.3227128846989104,103.341357577413,50.15607294834783,0,0
2026-09-12 01:07:11.912018,30.753949944714307,0.2994349676359336,98.8979160994266,60.58686408210171,0,0
2026-09-12 01:07:12.912018,29.3060971712109,0.2681961042763378,99.61411353970588,54.9847874076131,0,0
2026-09-12 01:07:13.912018,28.27074127099547,0.1892385584460002,102.15312224101798,47.47697702257513,0,0
2026-09-12 01:07:14.912018,34.41310407245131,0.3790182812739679,102.87682284774658,46.48968218822344,0,0
2026-09-12 01:07:15.912018,27.90151433949707,0.2379514910849917,103.44095278216214,57.51363840399642,0,0
2026-09-12 01:07:16.912018,26.888801779290013,0.2376154659409919,99.50555633555904,42.62064451449294,0,0
2026-09-12 01:07:17.912018,31.99610680509849,0.3793541047909564,102.19201734597225,50.95439967959354,0,0
2026-09-12 01:07:18.912018,27.611589590440516,0.1493613242662618,100.06778360091164,49.34439768375164,0,0
2026-09-12 01:07:19.912018,27.149809507601617,0.1781121751465466,99.78868873297874,48.28386965647662,0,0
2026-09-12 01:07:20.912018,25.669187213490705,0.2985492605193534,103.40642556458457,51.76756992224213,0,0
2026-09-12 01:07:21.912018,78.23390915530888,3.0053142429402486,135.1748178189837,82.89843104676272,1,1
2026-09-12 01:07:22.912018,29.75185492831052,0.3387787718375139,101.55640919204195,52.28700371395872,0,0
2026-09-12 01:07:23.912018,30.729275182982096,0.2758561205282998,101.31115893846128,50.69487826181642,0,0
2026-09-12 01:07:24.912018,32.85391873289845,0.5024295734913351,98.858491247323,52.08840702508624,0,0
2026-09-12 01:07:25.912018,31.58069377099738,0.2817685952987332,102.93218571071264,50.46682596465797,0,0
2026-09-12 01:07:26.912018,78.55643112427039,3.486586409314412,137.98245659616776,83.18786216923675,1,1
2026-09-12 01:07:27.912018,29.40541297086084,0.2362410664948898,97.02741877625915,50.020006301182974,0,0
2026-09-12 01:07:28.912018,31.53047240674555,0.3099125453216856,101.55484222247468,46.4280672014799,0,0
2026-09-12 01:07:29.912018,33.81771048878571,0.349196898563742,99.45405313166675,46.09811697634575,0,0
2026-09-12 01:07:30.912018,30.3789425984496,0.3962862443626768,103.19415061282524,48.31924998641124,0,0
2026-09-12 01:07:31.912018,28.592607437368773,0.1808572588447825,98.10920032643848,49.40288419632079,0,0
2026-09-12 01:07:32.912018,27.021401996743364,0.2803203729315439,100.28704606274091,50.17612653173905,0,0
2026-09-12 01:07:33.912018,25.664384206763323,0.3357362888647315,101.72404910197692,54.58189413681665,0,0
2026-09-12 01:07:34.912018,31.99880901613057,0.3469646027675628,101.10868058828376,47.50767958729578,0,0
2026-09-12 01:07:35.912018,89.11565328033541,3.779773061672791,132.84399416011496,80.56492412420153,1,1
2026-09-12 01:07:36.912018,31.732090575319983,0.3433939175625681,97.96315602798144,50.590138569719095,0,0
2026-09-12 01:07:37.912018,29.614021660943838,0.2352828885659359,104.30382867373476,46.95685856266967,0,0
2026-09-12 01:07:38.912018,34.22080423767525,0.4246324345854685,102.05028931757654,50.36870393103273,0,0
2026-09-12 01:07:39.912018,28.547644516245548,0.3794102482383543,103.7194364260018,55.01360707588657,0,0
2026-09-12 01:07:40.912018,32.86580771162161,0.1924057770347862,102.74848033846648,50.932531084417,0,0
2026-09-12 01:07:41.912018,29.88377131503137,0.2139917561506595,100.97677977108992,51.13291964513654,0,0
2026-09-12 01:07:42.912018,28.174947705961987,0.2162462599914474,98.43160357817769,46.47335834528666,0,0
2026-09-12 01:07:43.912018,31.777590921953283,0.3542375976717222,99.8728936375026,59.844294256024384,0,0
2026-09-12 01:07:44.912018,31.22890835605198,0.1972217786866026,104.17912666572516,46.75821814838749,0,0
2026-09-12 01:07:45.912018,31.07091827780078,0.2735180532633535,103.77087556331276,41.66108269726261,0,0
2026-09-12 01:07:46.912018,30.243835266168595,0.3363763517133419,99.7608000397926,54.30092060109038,0,0
2026-09-12 01:07:47.912018,29.886320754849507,0.2947067252362852,95.36339142759564,49.42591480175787,0,0
2026-09-12 01:07:48.912018,37.16511597861132,0.3207110012570164,100.57462053138975,48.484790895264624,0,0
2026-09-12 01:07:49.912018,33.55276993558852,0.2147357830920993,100.42459422374176,47.27223109794237,0,0
2026-09-12 01:07:50.912018,32.168480684956535,0.3475883498717795,100.50045477591924,59.35857312157919,0,0
2026-09-12 01:07:51.912018,30.335397474610165,0.2509430486019203,102.0570784036628,51.77295139302341,0,0
2026-09-12 01:07:52.912018,33.021471601790005,0.2740304260481647,102.75242515864332,52.74875610822542,0,0
2026-09-12 01:07:53.912018,31.553984329174355,0.3190185382324789,102.98059909419904,50.81307811791134,0,0
2026-09-12 01:07:54.912018,30.07861425832211,0.3082462577224678,101.89141828027071,51.350248067225984,0,0
2026-09-12 01:07:55.912018,29.089307024202256,0.3019184015212474,97.39845859615473,56.993123052797074,0,0
2026-09-12 01:07:56.912018,29.757247987011937,0.2399498542418595,100.3176005346134,48.74572669386153,0,0
2026-09-12 01:07:57.912018,20.488722792365834,0.2760360471040646,105.60817956709838,42.71531227239635,0,0
2026-09-12 01:07:58.912018,30.631802517892925,0.3001746872669629,101.74843346960496,54.34027327113888,0,0
2026-09-12 01:07:59.912018,28.53457175966892,0.1899931813466331,101.73563913688773,52.48350806121196,0,0
2026-09-12 01:08:00.912018,34.77800999484865,0.2629973626949297,101.71897187954772,50.539899064425214,0,0
2026-09-12 01:08:01.912018,30.05803221243526,0.3310143903226277,101.83075924501198,52.35376620773893,0,0
2026-09-12 01:08:02.912018,26.433109741395118,0.1978050716923725,96.23377563782816,48.14627889852913,0,0
2026-09-12 01:08:03.912018,29.850359537615645,0.3925265321275392,100.52095136617788,50.1034629142713,0,0
2026-09-12 01:08:04.912018,26.86163674481249,0.4015690610079874,100.9242143364106,49.34149873070045,0,0
2026-09-12 01:08:05.912018,31.4202222471374,0.2003879539231931,103.56299079850685,47.042558714645416,0,0
2026-09-12 01:08:06.912018,30.872842093018456,0.4086095706440111,101.0953457892446,55.94586391552501,0,0
2026-09-12 01:08:07.912018,32.8735188933248,0.2885134729030292,97.70697722679613,42.938706862911,0,0
2026-09-12 01:08:08.912018,27.627354624916304,0.3334811647325644,101.8601783123435,61.80441085906483,0,0
2026-09-12 01:08:09.912018,30.10202428868444,0.2602679158297402,99.39235070351452,54.38681104603238,0,0
2026-09-12 01:08:10.912018,25.90493461372009,0.3738435861781409,98.56642871783716,41.110122326488245,0,0
2026-09-12 01:08:11.912018,32.10448434577415,0.3324875215078933,99.33168190656684,48.87916835254535,0,0
2026-09-12 01:08:12.912018,31.556613541320367,0.2348677394721917,102.08500845932905,49.15727042048221,0,0
2026-09-12 01:08:13.912018,31.48741506308271,0.2067838400027769,103.51752247952014,51.95943314471056,0,0
2026-09-12 01:08:14.912018,30.00485709407082,0.1831758051832621,101.96585989035518,45.0531086463014,0,0
2026-09-12 01:08:15.912018,31.24431867236637,0.3150353421146205,102.26404644723404,50.16012671684109,0,0
2026-09-12 01:08:16.912018,34.81301732492579,0.3457977129423789,101.946090545676,49.39440300938677,0,0
2026-09-12 01:08:17.912018,29.14471722887396,0.3520772543023553,101.20265435372092,46.31190818713281,0,0
2026-09-12 01:08:18.912018,30.415935551130254,0.2905615124314097,102.39386126992552,45.61623884264384,0,0
2026-09-12 01:08:19.912018,26.74162110245577,0.2074402835468508,96.16244906586115,54.59402323351178,0,0
2026-09-12 01:08:20.912018,27.395217115205003,0.2454340161580973,101.22217670260969,41.51708729978704,0,0
2026-09-12 01:08:21.912018,30.293439879279923,0.392187891116954,98.9101499307555,52.38939468048026,0,0
2026-09-12 01:08:22.912018,33.31180064010572,0.2612297148319935,103.32580514508828,53.98755153439062,0,0
2026-09-12 01:08:23.912018,29.231157527245283,0.3114734104545181,100.70568938956627,48.90720830830792,0,0
2026-09-12 01:08:24.912018,29.292250412063627,0.213947961314009,101.06189617653564,50.26186419862498,0,0
2026-09-12 01:08:25.912018,28.77934426648688,0.3269266436367228,97.9898562514924,55.81747499848691,0,0
2026-09-12 01:08:26.912018,28.395729987467032,0.2633852350656737,103.0336617780257,46.47574244637971,0,0
2026-09-12 01:08:27.912018,30.884914367126463,0.3837370171020611,102.25465624054762,46.99173785555438,0,0
2026-09-12 01:08:28.912018,25.508227064464062,0.3618846164965451,102.113895764681,47.52258159450346,0,0
2026-09-12 01:08:29.912018,33.84281873000018,0.260343524274008,99.37395429566236,55.82662799611641,0,0
2026-09-12 01:08:30.912018,28.00373310561162,0.2898668778121869,99.45272031012374,56.46146873442354,0,0
2026-09-12 01:08:31.912018,83.09674419759529,4.837236646605726,127.15189554397227,89.28660882792525,1,1
2026-09-12 01:08:32.912018,26.19000420781837,0.1864453442763992,99.6110031795039,55.03120373655818,0,0
2026-09-12 01:08:33.912018,32.00652039163865,0.2314046056362226,101.86978592535468,54.09454153173642,0,0
2026-09-12 01:08:34.912018,32.015833823443494,0.3158573862176655,96.67817479446656,57.76797405224914,0,0
2026-09-12 01:08:35.912018,31.152606216017688,0.3260207598583665,100.02491088718682,51.9255401606319,0,0
2026-09-12 01:08:36.912018,27.016714434600622,0.3118838322874111,104.59350693085298,49.77869939860712,0,0
2026-09-12 01:08:37.912018,30.74864456879423,0.2758613556833091,101.87897165599152,55.726083432858296,0,0
2026-09-12 01:08:38.912018,26.450831445796837,0.3746453284576788,101.33358732906198,53.49451895750883,0,0
2026-09-12 01:08:39.912018,29.241710234711444,0.305083352364875,104.97045307134272,61.22449207074364,0,0
2026-09-12 01:08:40.912018,33.08823930286598,0.3562603062476758,96.32809276239712,54.79353922480914,0,0
2026-09-12 01:08:41.912018,32.39010578121223,0.1580979894237985,99.36937777042378,50.76773988211958,0,0
2026-09-12 01:08:42.912018,30.0455488276213,-0.0137920201294673,100.19765365650522,44.12947809811914,0,0
2026-09-12 01:08:43.912018,27.075580272231477,0.3227030422270464,102.7167024660108,47.09541411402941,0,0
2026-09-12 01:08:44.912018,31.93676313652258,0.1860187477022808,102.75131272645648,42.82022510985992,0,0
2026-09-12 01:08:45.912018,30.05814371309408,0.2830038637829555,99.26798658203477,48.924689819695686,0,0
2026-09-12 01:08:46.912018,23.03905320530873,0.2758322367180315,102.9959086442851,54.63033796616423,0,0
2026-09-12 01:08:47.912018,32.347889478949554,0.4269920481932429,100.19337046535658,49.98164455759742,0,0
2026-09-12 01:08:48.912018,29.927301498390925,0.3319997242354885,103.42327925129834,55.10862634380037,0,0
2026-09-12 01:08:49.912018,33.60735374394922,0.3132687221438938,98.93471460375588,51.68786866719507,0,0
2026-09-12 01:08:50.912018,26.714188443471585,0.3669592923706939,100.75337680186767,47.98453855122995,0,0
2026-09-12 01:08:51.912018,20.469888560412,0.3294798069471231,100.01966536924688,50.43812577584982,0,0
2026-09-12 01:08:52.912018,30.837251575035555,0.2633858405609253,103.11206074313142,52.36048345527548,0,0
2026-09-12 01:08:53.912018,30.87469103004592,0.3857180744203647,99.95443756686764,50.69611699231808,0,0
2026-09-12 01:08:54.912018,24.927985117180643,0.211219989768938,100.91510294197649,50.75342114425957,0,0
2026-09-12 01:08:55.912018,27.06450136240018,0.325859775002685,102.0136227953261,46.15474946206647,0,0
2026-09-12 01:08:56.912018,38.2656532311597,0.1761944164690951,102.09051696605223,47.83511867378892,0,0
2026-09-12 01:08:57.912018,29.08316815753859,0.3163155086012796,102.77390521494634,61.29230398077322,0,0
2026-09-12 01:08:58.912018,32.19287692912865,0.3154391713418343,101.42224955368934,56.142332452117714,0,0
2026-09-12 01:08:59.912018,28.048020517894848,0.434116396953173,100.16350216944032,42.63079551595142,0,0
2026-09-12 01:09:00.912018,23.72909130344053,0.1748020885246576,100.3006025092825,38.16515521246819,0,0
2026-09-12 01:09:01.912018,29.489225259612283,0.2519290259316949,101.05134463041524,50.38096210724361,0,0
2026-09-12 01:09:02.912018,29.20318631914169,0.3658145941259315,101.49918495214877,54.46736447212995,0,0
2026-09-12 01:09:03.912018,28.80036528399489,0.3268253805117846,100.70565670430312,47.40029081288896,0,0
2026-09-12 01:09:04.912018,29.656077493480822,0.3144244041070002,101.03840684193108,55.108293640989686,0,0
2026-09-12 01:09:05.912018,30.79280481493691,0.2235091437633168,97.9654922788558,50.29827282503542,0,0
2026-09-12 01:09:06.912018,29.54964914623858,0.2527345321526856,102.33471056890936,49.184693601365126,0,0
2026-09-12 01:09:07.912018,26.20798149615791,0.3996032806578605,101.36222457777886,53.78057588087591,0,0
2026-09-12 01:09:08.912018,31.458554374685814,0.2958792644996857,103.00374082708218,47.34062103548865,0,0
2026-09-12 01:09:09.912018,24.15188473403273,0.3300287756915578,101.00032101481418,48.56646839098173,0,0
2026-09-12 01:09:10.912018,23.8489276281474,0.2907849336978816,97.52320484295645,53.35083631065231,0,0
2026-09-12 01:09:11.912018,32.2175414841047,0.2053531587800187,100.28310762138663,49.84302031466988,0,0
2026-09-12 01:09:12.912018,31.52106081640607,0.3747048340859997,100.60014015376316,59.54388136688868,0,0
2026-09-12 01:09:13.912018,29.82781390477789,0.3402585907625997,102.4858066108672,53.469127064280094,0,0
2026-09-12 01:09:14.912018,25.813654485734784,0.4844509469893751,96.8594529109732,53.144069141663806,0,0
2026-09-12 01:09:15.912018,27.876267177977773,0.2187534896279563,101.08235903389787,49.75247676967466,0,0
2026-09-12 01:09:16.912018,29.211759756940488,0.3658058336960384,102.0273504315866,54.37377338354803,0,0
2026-09-12 01:09:17.912018,25.21231809427766,0.1950764827170399,99.67702422943697,48.38696113599177,0,0
2026-09-12 01:09:18.912018,27.782914025930303,0.3125877254138462,101.1492560196337,51.41188875599757,0,0
2026-09-12 01:09:19.912018,31.95699101453004,0.3781205271250532,99.74592698170032,45.4185347649772,0,0
2026-09-12 01:09:20.912018,34.28191609286765,0.134229190712281,99.54085413355922,55.19720696115296,0,0
2026-09-12 01:09:21.912018,28.741695742024348,0.2836054020606713,100.18316029973737,51.45302348630896,0,0
2026-09-12 01:09:22.912018,32.26946506294829,0.2549432212765903,99.57861601506598,59.912565318489385,0,0
2026-09-12 01:09:23.912018,24.2578197882376,0.2438434161363902,102.36723662387269,61.96149191834879,0,0
2026-09-12 01:09:24.912018,31.978353723340835,0.3308170121807483,99.53009624632924,53.81659725716574,0,0
2026-09-12 01:09:25.912018,27.588154755817555,0.3896548565138076,99.19417998590414,50.34212655603952,0,0
2026-09-12 01:09:26.912018,30.92203685012391,0.2893377027816675,104.53585733367906,45.26967743937216,0,0
2026-09-12 01:09:27.912018,29.25674274528087,0.3164389142048016,102.92148002364809,54.52374901629412,0,0
2026-09-12 01:09:28.912018,33.9612420293515,0.3091447002447398,97.2769732786816,51.051422819476144,0,0
2026-09-12 01:09:29.912018,27.376693054980244,0.3001442805085131,99.47046342029492,52.69017419577231,0,0
2026-09-12 01:09:30.912018,31.88281889268549,0.2128525889830315,101.48492594344542,58.64893693728122,0,0
2026-09-12 01:09:31.912018,29.1614776101104,0.3886755681378314,101.647510134463,45.87788355668327,0,0
2026-09-12 01:09:32.912018,29.52508356597101,0.3236156294527069,98.0190142685262,45.37847915759332,0,0
2026-09-12 01:09:33.912018,29.44843832052237,0.3315905192002062,103.31713098564464,48.8178703081466,0,0
2026-09-12 01:09:34.912018,27.46298068651766,0.2354792296779534,102.65044883836325,54.10600574875912,0,0
2026-09-12 01:09:35.912018,29.957703102279982,0.2632623681608607,101.96380326408068,52.77433620107245,0,0
2026-09-12 01:09:36.912018,29.812055333634536,0.2859092641831377,103.71345698142424,45.52155744152114,0,0
2026-09-12 01:09:37.912018,30.723720745220188,0.1772700245240918,101.90457998514184,53.78276450351241,0,0
2026-09-12 01:09:38.912018,30.253515437078587,0.1649572539841857,101.8971617585037,43.99393590553369,0,0
2026-09-12 01:09:39.912018,32.39398364883671,0.2519401655489146,104.11535854364448,45.81129162825571,0,0
2026-09-12 01:09:40.912018,32.77052584814211,0.3418016613153912,103.20243916145542,49.42271341405405,0,0
2026-09-12 01:09:41.912018,26.8481300345166,0.2477490088056047,99.31698508217694,47.2328437701239,0,0
2026-09-12 01:09:42.912018,32.60631750177231,0.2184955841927429,102.26639035734384,54.44929744325467,0,0
2026-09-12 01:09:43.912018,26.44099071867044,0.2348251477409863,99.67146427008284,51.43189241500547,0,0
2026-09-12 01:09:44.912018,31.763567664413205,0.2635726061483749,102.00830910190056,58.827805888136304,0,0
2026-09-12 01:09:45.912018,31.859216354108607,0.2716912829743917,101.95322701403964,48.76407317322793,0,0
2026-09-12 01:09:46.912018,24.26604932501249,0.4732417161765245,98.23306537508805,49.388989244796285,0,0
2026-09-12 01:09:47.912018,30.27893773958823,0.3843696502789854,100.75630877737792,56.051913045308815,0,0
2026-09-12 01:09:48.912018,28.594511659919053,0.3819819289825382,101.5305140471608,49.545395984381024,0,0
2026-09-12 01:09:49.912018,27.723704226193878,0.3934864291418705,100.12741961801169,57.47002623853773,0,0
2026-09-12 01:09:50.912018,34.05255699209702,0.220094330453276,101.62941988478153,52.704141051922456,0,0
2026-09-12 01:09:51.912018,28.038962578087745,0.2022108308010208,102.61179555400214,38.2360676505732,0,0
2026-09-12 01:09:52.912018,27.58086921264585,0.2114503766772754,100.93881387153849,55.88785207074732,0,0
2026-09-12 01:09:53.912018,30.22708482001528,0.406760490667027,101.44919895341653,54.56363406559905,0,0
2026-09-12 01:09:54.912018,32.05676923889525,0.2562246568894007,103.76684815711197,54.75666303055272,0,0
2026-09-12 01:09:55.912018,29.57505424196962,0.199891505420857,101.94639316645043,40.44510810727371,0,0
2026-09-12 01:09:56.912018,33.49911163700776,0.2655203039824149,101.40164857934894,46.68505019364476,0,0
2026-09-12 01:09:57.912018,31.592926985892277,0.2809115574628298,99.08384124071728,47.05647583221615,0,0
2026-09-12 01:09:58.912018,23.46536604080571,0.3214730618955649,102.3420520227777,45.79439316219804,0,0
2026-09-12 01:09:59.912018,28.41159910947897,0.3200760816569634,101.66029989878388,58.70961265946969,0,0
2026-09-12 01:10:00.912018,28.3144737019449,0.2337455548901193,103.5674788674028,49.94116081088183,0,0
2026-09-12 01:10:01.912018,31.43808286028827,0.3548525114010968,101.09375708660664,49.817195286854144,0,0
2026-09-12 01:10:02.912018,22.125548830877666,0.2488645172999873,97.367466999732,52.760041551578894,0,0
2026-09-12 01:10:03.912018,37.64702912615317,0.2874978930635965,97.59975826234349,52.84650833944691,0,0
2026-09-12 01:10:04.912018,31.59307828468263,0.3549419256402684,102.47136152751946,33.325536446870856,0,0
2026-09-12 01:10:05.912018,82.18498183298645,3.731325272485482,124.29236872417384,90.89269974792656,1,1
2026-09-12 01:10:06.912018,33.54470314925744,0.254451886113509,101.873535502221,42.93605711104362,0,0
2026-09-12 01:10:07.912018,37.03096215843787,0.3473334439754504,101.22846528900472,52.001530465774096,0,0
2026-09-12 01:10:08.912018,32.61223993376521,0.2313813458715984,100.66632066461216,48.55553792832976,0,0
2026-09-12 01:10:09.912018,32.84643928941486,0.2692166381116743,100.80727742882355,50.076937822506345,0,0
2026-09-12 01:10:10.912018,30.392070073393143,0.3444593742434313,99.26922098990954,39.60740125554739,0,0
2026-09-12 01:10:11.912018,29.57542273989916,0.464327395314878,100.96844462220066,48.45073887654751,0,0
2026-09-12 01:10:12.912018,28.572613667985294,0.3484323603810197,99.8310131344112,55.57565125916408,0,0
2026-09-12 01:10:13.912018,27.52166402485637,0.3378111810392009,100.2554869597486,57.04724741551084,0,0
2026-09-12 01:10:14.912018,27.938957700901508,0.3424641266938183,100.35270191058169,53.594317097703495,0,0
2026-09-12 01:10:15.912018,25.94833210697105,0.214144778074636,100.54661346020256,43.32267353275941,0,0
2026-09-12 01:10:16.912018,29.77238564794493,0.3092477390943926,102.84434691301418,56.29700901496062,0,0
2026-09-12 01:10:17.912018,24.94599726832084,0.2976186809330878,100.7404183415906,53.62001127500008,0,0
2026-09-12 01:10:18.912018,30.57274957243113,0.3257267632298204,103.0474046731802,49.414054829677305,0,0
2026-09-12 01:10:19.912018,29.891008175872976,0.3093206441980696,104.07570990265296,39.87481842745128,0,0
2026-09-12 01:10:20.912018,30.440805895160064,0.330375974193369,102.7098893021123,54.767974753312586,0,0
2026-09-12 01:10:21.912018,28.433605289940022,0.2750826244080638,102.06893707013704,47.0391683500831,0,0
2026-09-12 01:10:22.912018,39.23058111054151,0.3046887133897434,101.65366441896704,51.73082910527391,0,0
2026-09-12 01:10:23.912018,34.08034770054094,0.2017737147154406,102.73071741810014,50.34196930318331,0,0
2026-09-12 01:10:24.912018,26.26637249974583,0.2744074177597669,101.17872147719248,57.69197492219139,0,0
2026-09-12 01:10:25.912018,30.698604262280696,0.4112666838541314,102.9691396919144,49.373165070012455,0,0
2026-09-12 01:10:26.912018,28.17598157118803,0.3255046671702604,102.22821161057936,49.92443204957026,0,0
2026-09-12 01:10:27.912018,26.95656081987776,0.2983263170093538,100.28031907843922,57.89307695239315,0,0
2026-09-12 01:10:28.912018,25.9797837866282,0.4516898621003477,102.7917017602056,46.70888878124906,0,0
2026-09-12 01:10:29.912018,31.29665007227776,0.1911332017359136,101.18296001195512,54.07161425703889,0,0
2026-09-12 01:10:30.912018,27.95585929479128,0.2112435555643024,100.78773598477537,49.00692138560768,0,0
2026-09-12 01:10:31.912018,32.903478072075615,0.4370169129021018,100.04760167920205,44.98729018997536,0,0
2026-09-12 01:10:32.912018,32.98134664359132,0.3036768748839147,101.33203769574916,50.00580493360436,0,0
2026-09-12 01:10:33.912018,34.12174315563435,0.2805933570968165,102.99292523082596,53.45852556803994,0,0
2026-09-12 01:10:34.912018,27.44283970177769,0.2040636539923485,102.77788001118608,56.76854919988256,0,0
2026-09-12 01:10:35.912018,31.42609683207603,0.3358157013116009,101.70678759491793,57.37346992672841,0,0
2026-09-12 01:10:36.912018,31.8973626499269,0.343556789562197,102.19928728145008,48.526179628872335,0,0
2026-09-12 01:10:37.912018,28.577465474688104,0.2124404511332082,103.54339358304512,45.06375383983893,0,0
2026-09-12 01:10:38.912018,27.68468412782137,0.2887779531559657,100.70006741765827,48.4063055021126,0,0
2026-09-12 01:10:39.912018,34.82856199732792,0.2731587334373547,98.7691599929396,44.09234623334922,0,0
2026-09-12 01:10:40.912018,30.68248762719616,0.3204781717135017,103.60225970435717,48.913069002917474,0,0
2026-09-12 01:10:41.912018,31.907903252135213,0.2104599806223485,99.94044349593857,48.29167358190121,0,0
2026-09-12 01:10:42.912018,27.53377196451622,0.4001557963610526,99.6193237533122,53.63745102078383,0,0
2026-09-12 01:10:43.912018,26.34214660043342,0.3732659025278083,97.4076044893309,38.97032410042811,0,0
2026-09-12 01:10:44.912018,28.29165067652367,0.2709459553013747,102.1425661063286,46.3319602695668,0,0
2026-09-12 01:10:45.912018,29.62793583783001,0.2826865030689303,97.75709475089556,46.37240847779042,0,0
2026-09-12 01:10:46.912018,26.807339979547955,0.2890862279777907,99.49948238461651,55.93563626204013,0,0
2026-09-12 01:10:47.912018,29.97046557404885,0.2377353157594797,102.17647358903012,44.43077811299492,0,0
2026-09-12 01:10:48.912018,24.934484435794506,0.2645256465411971,102.44384250481674,51.13328679824497,0,0
2026-09-12 01:10:49.912018,26.639857732590382,0.2783783705860312,99.69659170356351,49.35935792790109,0,0
2026-09-12 01:10:50.912018,32.012733744830626,0.4290294696565702,100.7316933460152,55.21521263418191,0,0
2026-09-12 01:10:51.912018,31.81137156083368,0.3757294646664349,99.25481094718768,52.97915932255274,0,0
2026-09-12 01:10:52.912018,28.8243697038394,0.3747723765869298,99.90320642437764,50.6062186591019,0,0
2026-09-12 01:10:53.912018,26.94670707276914,0.3295940490403512,101.5324305203058,47.22666562705966,0,0
2026-09-12 01:10:54.912018,26.91778934542197,0.2106138392855012,99.99670664240708,40.73828748445062,0,0
2026-09-12 01:10:55.912018,96.8692833140399,4.811643118290743,136.78043916668412,89.47899031698594,1,1
2026-09-12 01:10:56.912018,31.93355547493588,0.3776390767690704,98.07058663676489,52.65244899264936,0,0
2026-09-12 01:10:57.912018,32.784737074032975,0.1993388296506169,103.26591232961228,42.12566193762673,0,0
2026-09-12 01:10:58.912018,28.51040479355409,0.3509242565498611,102.02013318634214,43.83152917835726,0,0
2026-09-12 01:10:59.912018,26.53952272204565,0.4858087380210213,102.5858107436744,51.26164986685838,0,0
2026-09-12 01:11:00.912018,30.803530913599,0.3849453316791785,103.58085064923372,51.69570843103935,0,0
2026-09-12 01:11:01.912018,27.529395088122453,0.413122330844959,99.34957424890855,45.0467634495397,0,0
2026-09-12 01:11:02.912018,28.445242083416392,0.3174671000353728,100.28321103394396,47.12967643215981,0,0
2026-09-12 01:11:03.912018,88.87506180940987,5.306483429367113,124.22312755081362,87.97530773659713,1,1
2026-09-12 01:11:04.912018,32.481346285697306,0.2425717428516771,107.28084582020448,56.88631951906617,0,0
2026-09-12 01:11:05.912018,30.47392293675436,0.3636691049872981,100.70082936936524,43.50062796315774,0,0
2026-09-12 01:11:06.912018,26.18424299666183,0.352351050724861,103.07745579982982,52.71129695624276,0,0
2026-09-12 01:11:07.912018,30.634189702411977,0.323192893923013,98.52367771132909,49.825196519233096,0,0
2026-09-12 01:11:08.912018,33.18797187236258,0.4052805935774798,102.99277685128602,56.4479680981238,0,0
2026-09-12 01:11:09.912018,28.873099002703395,0.2568972129722089,104.71518175329932,46.03872953612622,0,0
2026-09-12 01:11:10.912018,34.05334226996015,0.285035398682107,100.87943850194404,50.30626355170194,0,0
2026-09-12 01:11:11.912018,33.87823586855462,0.3076369633086637,98.9782370068208,41.50786545381325,0,0
2026-09-12 01:11:12.912018,34.99119849643042,0.2176311223128479,100.72240719810893,40.30736581530123,0,0
2026-09-12 01:11:13.912018,30.915729379594055,0.3181545555040198,96.54647695008556,52.98166791932737,0,0
2026-09-12 01:11:14.912018,31.76217509941804,0.1624855669636922,100.92422659795632,41.07487080465149,0,0
2026-09-12 01:11:15.912018,34.24256186499327,0.3837563627542567,102.641934278626,48.85891232782735,0,0
2026-09-12 01:11:16.912018,31.342181811206927,0.3037309893252772,100.92848471125298,55.0564772398646,0,0
2026-09-12 01:11:17.912018,28.49629767662936,0.2583285676876989,100.43172089062206,53.7334242804734,0,0
2026-09-12 01:11:18.912018,28.654371490416416,0.2332501110163902,102.05513623222409,46.67707256025703,0,0
2026-09-12 01:11:19.912018,30.71566486132122,0.281233677630465,102.2080496938991,42.05748431795914,0,0
2026-09-12 01:11:20.912018,26.128315734161344,0.355060776861793,97.68018887498964,52.54747430827764,0,0
2026-09-12 01:11:21.912018,29.57022325390742,0.3438191182990048,101.17764592455758,56.71128391430091,0,0
2026-09-12 01:11:22.912018,33.28964135469076,0.2435569642177231,105.87197024845848,46.68880960667188,0,0
2026-09-12 01:11:23.912018,23.42623844650416,0.2323168261897892,98.32996750870396,45.98343570796442,0,0
2026-09-12 01:11:24.912018,34.60344630538354,0.3525518965055718,100.82916233433389,47.37549018565501,0,0
2026-09-12 01:11:25.912018,33.36712265610948,0.2422122076307976,104.8834922441034,52.858043554035575,0,0
2026-09-12 01:11:26.912018,28.62070615250857,0.3047927819263603,103.20835031308737,56.14258803207456,0,0
2026-09-12 01:11:27.912018,31.63017248361543,0.3099003714019421,99.97320663844788,43.801965943097386,0,0
2026-09-12 01:11:28.912018,30.00944318071898,0.324964970538139,101.4122707592452,42.50859095337673,0,0
2026-09-12 01:11:29.912018,33.68997110531605,0.3686616344145497,100.99577664003036,61.69998160966224,0,0
2026-09-12 01:11:30.912018,32.94804942830982,0.1989629650506141,99.50385639135666,49.11338606054981,0,0
2026-09-12 01:11:31.912018,25.79978783045097,0.1471072539791609,100.85149578501384,51.264463978451545,0,0
2026-09-12 01:11:32.912018,31.76178724039253,0.2546042175017318,100.44006773438694,46.54034579691181,0,0
2026-09-12 01:11:33.912018,29.383116439070257,0.4441222726265749,101.2254978761535,52.44981154726358,0,0
2026-09-12 01:11:34.912018,30.2484977115543,0.4617739280069902,99.50323363861791,54.800304373507615,0,0
2026-09-12 01:11:35.912018,27.815484297090556,0.446494170845271,98.44676359951067,51.49898085786465,0,0
2026-09-12 01:11:36.912018,35.2444112073625,0.2845614905791448,100.91743845321524,58.70429038507217,0,0
2026-09-12 01:11:37.912018,33.12018545970773,0.1574307934412137,104.43023643635756,48.36627705029454,0,0
2026-09-12 01:11:38.912018,27.780686508081097,0.1125568718678527,101.1644058525256,48.68558763482312,0,0
2026-09-12 01:11:39.912018,25.996168179269304,0.2508769470760471,100.3368124421369,51.15703175638708,0,0
2026-09-12 01:11:40.912018,28.84298210706645,0.2841541095880511,102.508171610077,52.32480822753048,0,0
2026-09-12 01:11:41.912018,31.30350793827392,0.4040500320844767,100.68336077480924,51.13973631031305,0,0
2026-09-12 01:11:42.912018,30.72061753183867,0.3694244367633956,104.73606584991822,43.57792486522455,0,0
2026-09-12 01:11:43.912018,33.75939847430473,0.3181924063193296,100.99217498140985,51.562575830977806,0,0
2026-09-12 01:11:44.912018,32.36975916654256,0.2288124183247086,102.40099412631632,48.12913207598282,0,0
2026-09-12 01:11:45.912018,32.90870707725872,0.2231376353404087,99.49079123521344,47.09511492962677,0,0
2026-09-12 01:11:46.912018,30.980566201831312,0.3203302149657148,102.00617850667332,50.16241027376622,0,0
2026-09-12 01:11:47.912018,25.83210380936703,0.3557640783071781,101.5501869538875,45.19238656335393,0,0
2026-09-12 01:11:48.912018,29.412904406559296,0.3313505009796467,100.88698775068158,44.32304338063384,0,0
2026-09-12 01:11:49.912018,33.180269219726,0.2172321632314676,99.99648447766056,36.92265519998075,0,0
2026-09-12 01:11:50.912018,29.84543121442606,0.3520534103033669,99.72393966869524,58.736186642549455,0,0
2026-09-12 01:11:51.912018,31.50927110587124,0.3340728773681129,101.5647053279593,52.77865659551501,0,0
2026-09-12 01:11:52.912018,29.0437550542616,0.2143466875047857,102.25787821939296,49.41617939346848,0,0
2026-09-12 01:11:53.912018,26.910564454374462,0.2372543223759795,100.74567440741174,46.66388381556676,0,0
2026-09-12 01:11:54.912018,29.629967807861668,0.3550796779649253,101.5745358582416,35.61983858976792,0,0
2026-09-12 01:11:55.912018,30.92714232909796,0.2812393971883287,100.92417064373446,46.357355618892576,0,0
2026-09-12 01:11:56.912018,28.03293684161567,0.4271317841309165,101.19705204981078,53.57933168582038,0,0
2026-09-12 01:11:57.912018,29.292866265429996,0.3400903420851661,100.59911003464556,54.71087151796935,0,0
2026-09-12 01:11:58.912018,27.18161027404205,0.2610695049448585,101.0359451587366,53.211459968016506,0,0
2026-09-12 01:11:59.912018,33.35773475269229,0.2991835519687253,106.39608091363483,50.79195977876234,0,0
2026-09-12 01:12:00.912018,29.1166327272359,0.3050706714110174,101.62326859761484,56.5193707296569,0,0
2026-09-12 01:12:01.912018,77.69488804199312,3.2238170399423893,126.82625220063328,84.5714415397582,1,1
2026-09-12 01:12:02.912018,34.58624355162273,0.2269929441457898,101.8760472106562,55.42594458067181,0,0
2026-09-12 01:12:03.912018,29.75686210583477,0.3561111915047599,100.47436635340588,48.07708778139894,0,0
2026-09-12 01:12:04.912018,26.97465380235795,0.3676218637633676,103.58797842658332,45.59429345561119,0,0
2026-09-12 01:12:05.912018,23.742306366799987,0.3483025175642367,100.41767245914733,44.971435097887394,0,0
2026-09-12 01:12:06.912018,25.583888780919622,0.4212254475459041,103.1101090978851,44.67751789413524,0,0
2026-09-12 01:12:07.912018,25.878495525304015,0.2566581411190718,100.3315860038671,53.29534014401243,0,0
2026-09-12 01:12:08.912018,34.13540888238451,0.4339416612856904,99.08005496171192,46.286272144514605,0,0
2026-09-12 01:12:09.912018,30.34747376168084,0.2279263105156677,101.73079241647238,44.83485577482528,0,0
2026-09-12 01:12:10.912018,31.16881357227596,0.2189851549305205,98.79066328779578,53.5686760983068,0,0
2026-09-12 01:12:11.912018,23.33873697319462,0.1592032894280599,102.0712804500332,51.63985195236116,0,0
2026-09-12 01:12:12.912018,26.406100712348216,0.2643363748938546,98.61168268781736,54.81295991422901,0,0
2026-09-12 01:12:13.912018,32.66123932933886,0.2597022130536437,100.3619839390543,52.562997556364,0,0
2026-09-12 01:12:14.912018,30.86032233714776,0.342074982420372,98.13654060695052,46.23444209901344,0,0
2026-09-12 01:12:15.912018,29.55838416394321,0.3195112753296361,106.64833401880546,50.38051208234294,0,0
2026-09-12 01:12:16.912018,31.69452707580037,0.204562130318469,97.69208088076738,50.62566495384839,0,0
2026-09-12 01:12:17.912018,34.907393418407445,0.2685819009259346,101.0196274807928,45.40420670762999,0,0
2026-09-12 01:12:18.912018,29.33687260938885,0.2702830383129851,103.28660854866004,44.47687512953004,0,0
2026-09-12 01:12:19.912018,30.20810940797421,0.1579214202430485,103.07277181717404,46.59639195441148,0,0
2026-09-12 01:12:20.912018,30.57779075619392,0.2215242618389304,102.70268424434629,60.1829117833604,0,0
2026-09-12 01:12:21.912018,37.176328905821975,0.2383349095508728,100.36554322355704,47.93627952889226,0,0
2026-09-12 01:12:22.912018,23.701931206742923,0.4146900015856757,103.702177892674,56.164333956933575,0,0
2026-09-12 01:12:23.912018,32.049669044366425,0.3153160572765882,102.82678218160436,47.65669745260101,0,0
2026-09-12 01:12:24.912018,29.65559325372281,0.3529735003157999,101.42459923532095,54.44419409769996,0,0
2026-09-12 01:12:25.912018,31.70031517855254,0.180109160228063,101.48116151545318,54.51245827778924,0,0
2026-09-12 01:12:26.912018,28.02788233801583,0.3955371586411193,100.39215470476924,54.76295253976022,0,0
2026-09-12 01:12:27.912018,29.853104907424648,0.4040881650419274,99.18069594833392,51.93913671004479,0,0
2026-09-12 01:12:28.912018,32.13423173839649,0.1401324026284299,103.47430195095744,56.88683289390576,0,0
2026-09-12 01:12:29.912018,39.33873060313152,0.2435746620867321,103.62441598720308,51.89176984676364,0,0
2026-09-12 01:12:30.912018,32.424108568206215,0.3396612458412408,99.23178171794017,58.5676486467014,0,0
2026-09-12 01:12:31.912018,27.455803205908477,0.3515510762830545,100.69242966970762,41.90040098405783,0,0
